video_id,published_at,day1_views,day1_impressions,day1_avg_view_percentage,day2_views,day2_impressions,day2_avg_view_percentage,day3_views,day3_impressions,day3_avg_view_percentage,subscriber_count_at_publish,category,target_views_day7
synthetic_train_00001,2025-01-01T00:00:00Z,4542,64298,47.15,4883,54090,49.48,4895,51793,53.75,27301,education,32053
synthetic_train_00002,2025-01-01T00:57:36Z,16839,201967,45.48,11376,113265,51.94,8810,92352,55.95,34264,gaming,65403
synthetic_train_00003,2025-01-01T01:55:12Z,18198,246220,44.38,19505,216472,55.83,24463,272919,51.44,54532,gaming,143176
synthetic_train_00004,2025-01-01T02:52:48Z,6852,71911,49.16,5061,50186,46.27,4278,60299,48.4,15736,gaming,27308
synthetic_train_00005,2025-01-01T03:50:24Z,3966,39064,45.59,5625,65293,45.75,6159,74273,46.65,15171,entertainment,34678
synthetic_train_00006,2025-01-01T04:48:00Z,11760,122654,63.56,10021,101680,70.98,9484,82757,70.55,94688,lifestyle,73358
synthetic_train_00007,2025-01-01T05:45:36Z,3031,42358,45.95,5676,79899,46.09,6748,90484,48.72,27147,lifestyle,46040
synthetic_train_00008,2025-01-01T06:43:12Z,16186,160118,54.09,16260,160912,56.5,14620,171997,55.34,36417,gaming,102354
synthetic_train_00009,2025-01-01T07:40:48Z,11549,160724,40.77,9150,95899,41.42,7866,113949,44.68,69374,gaming,53512
synthetic_train_00010,2025-01-01T08:38:24Z,5357,86417,44.25,5589,59194,43.66,6660,84423,44.05,15570,education,40819
synthetic_train_00011,2025-01-01T09:36:00Z,5949,76083,54.41,5066,87720,58.87,4147,40695,62.77,56254,entertainment,33938
synthetic_train_00012,2025-01-01T10:33:36Z,16535,129801,68.65,18607,186199,67.07,22691,237318,70.97,76965,gaming,136386
synthetic_train_00013,2025-01-01T11:31:12Z,3973,48795,43.68,6397,86192,47.11,9926,137374,49.3,13755,lifestyle,47619
synthetic_train_00014,2025-01-01T12:28:48Z,49328,586426,59.25,52711,593059,58.31,50754,469530,64.43,94216,education,419134
synthetic_train_00015,2025-01-01T13:26:24Z,9441,122315,53.08,10676,105746,54.01,13954,162903,54.32,36188,entertainment,88600
synthetic_train_00016,2025-01-01T14:24:00Z,18530,299096,41.88,16543,215437,46.07,18532,254980,47.39,89125,entertainment,128840
synthetic_train_00017,2025-01-01T15:21:36Z,18195,198250,70.32,11475,119872,70.39,9562,91684,75.26,24729,gaming,72050
synthetic_train_00018,2025-01-01T16:19:12Z,6361,79545,39.35,8131,96045,45.53,9666,148225,44.07,43015,gaming,78542
synthetic_train_00019,2025-01-01T17:16:48Z,3097,37348,63.15,3397,30553,64.38,3459,32026,68.22,26542,entertainment,20862
synthetic_train_00020,2025-01-01T18:14:24Z,8372,96612,51.05,5254,62933,48.67,3339,33691,48.33,44137,lifestyle,28312
synthetic_train_00021,2025-01-01T19:12:00Z,18489,180656,50.39,12445,197560,50.78,7900,123688,55,51507,lifestyle,61644
synthetic_train_00022,2025-01-01T20:09:36Z,2578,27979,57.35,1959,21652,61.14,1754,19184,60.44,15509,education,12537
synthetic_train_00023,2025-01-01T21:07:12Z,5666,69274,53.51,5489,61790,52.73,4150,54536,58.02,61819,education,32140
synthetic_train_00024,2025-01-01T22:04:48Z,4033,58620,38.24,4203,45013,41.99,5199,69368,44.95,14617,lifestyle,32520
synthetic_train_00025,2025-01-01T23:02:24Z,3648,56693,32.02,4848,80696,31.04,5956,89361,32.11,14949,education,29351
synthetic_train_00026,2025-01-02T00:00:00Z,3100,33534,61.65,2863,57570,56.14,2462,34294,58.7,36339,gaming,16993
synthetic_train_00027,2025-01-02T00:57:36Z,2957,30523,59.13,3091,28325,63.94,2866,27806,65.54,14873,entertainment,19469
synthetic_train_00028,2025-01-02T01:55:11Z,2829,31582,41.2,2867,41171,44.92,3585,52853,43.95,15614,education,24837
synthetic_train_00029,2025-01-02T02:52:48Z,4000,48871,48.8,2899,37999,51.07,2284,26838,59.22,10535,lifestyle,14539
synthetic_train_00030,2025-01-02T03:50:24Z,13754,139351,63.18,16365,189701,66.38,21158,222916,69.83,55118,gaming,168798
synthetic_train_00031,2025-01-02T04:48:00Z,6632,86633,49.37,9048,126814,48.71,8527,93072,53.53,21622,gaming,55869
synthetic_train_00032,2025-01-02T05:45:36Z,4444,48230,58.14,5698,59346,57.77,6921,96248,63.57,12330,education,46700
synthetic_train_00033,2025-01-02T06:43:12Z,3967,51110,54.63,4916,49977,55.21,5213,89681,60.57,70131,entertainment,33957
synthetic_train_00034,2025-01-02T07:40:47Z,1720,18340,50.14,2155,21053,50.54,2470,24573,54.64,10051,entertainment,11365
synthetic_train_00035,2025-01-02T08:38:24Z,5305,66681,36.72,4489,54512,39.29,3207,76471,37.61,30769,gaming,26099
synthetic_train_00036,2025-01-02T09:36:00Z,1197,15567,43.74,1199,17130,45.82,1064,10541,45.06,12068,education,6552
synthetic_train_00037,2025-01-02T10:33:36Z,6575,85361,44.54,5148,69376,44.72,3076,37740,44.04,58939,education,28302
synthetic_train_00038,2025-01-02T11:31:12Z,2334,27138,45.42,3163,38375,51.09,3193,32288,49.01,11748,entertainment,17462
synthetic_train_00039,2025-01-02T12:28:48Z,12012,114799,65.98,11447,129037,64.32,16418,188405,65.34,29613,gaming,96213
synthetic_train_00040,2025-01-02T13:26:23Z,7542,99587,37.53,5096,68451,42.19,5466,57646,47.42,27646,education,35837
synthetic_train_00041,2025-01-02T14:24:00Z,9284,109028,53.3,6329,84231,52.44,3997,48388,53.61,44236,education,38854
synthetic_train_00042,2025-01-02T15:21:36Z,3239,33467,48.08,2017,22897,52.11,1916,31956,52.48,20744,education,15837
synthetic_train_00043,2025-01-02T16:19:12Z,33335,530403,51.54,38744,491583,54.04,43911,476045,55.61,87451,lifestyle,241457
synthetic_train_00044,2025-01-02T17:16:48Z,22113,221462,59.43,16680,195106,56.97,15139,170020,62.22,48577,gaming,115654
synthetic_train_00045,2025-01-02T18:14:24Z,3995,63687,27.73,3810,72967,29.98,3087,38032,34.7,17093,lifestyle,17212
synthetic_train_00046,2025-01-02T19:11:59Z,37563,442799,53.27,32901,383774,48.16,37685,532013,55.05,88801,lifestyle,236195
synthetic_train_00047,2025-01-02T20:09:36Z,5412,66013,45.62,4106,48540,45.53,3919,40059,49.67,36361,lifestyle,27811
synthetic_train_00048,2025-01-02T21:07:12Z,34223,641158,30.64,44424,627411,33.66,68672,809821,35.7,57306,lifestyle,357221
synthetic_train_00049,2025-01-02T22:04:48Z,5573,49891,61.94,8212,86926,67.67,7621,77190,65.62,24603,entertainment,50992
synthetic_train_00050,2025-01-02T23:02:23Z,11411,168919,44.36,10027,103830,41.92,9411,98834,47.84,15502,education,70579
synthetic_train_00051,2025-01-03T00:00:00Z,4733,43623,56.72,5452,56681,56.67,6092,64695,60.31,15211,entertainment,38975
synthetic_train_00052,2025-01-03T00:57:36Z,3883,42529,53.74,4962,62604,53.03,7205,93472,52.91,16345,gaming,41867
synthetic_train_00053,2025-01-03T01:55:12Z,8519,96668,64.35,10794,103183,65.21,11852,112720,69.69,18441,gaming,81771
synthetic_train_00054,2025-01-03T02:52:48Z,3595,52237,59.08,3564,37114,61.36,5084,55489,63.39,29969,entertainment,28700
synthetic_train_00055,2025-01-03T03:50:23Z,3374,68047,22.25,3581,60368,22.89,3388,43645,25.98,10970,education,18141
synthetic_train_00056,2025-01-03T04:48:00Z,5263,56508,56.65,6664,75705,59.18,7722,85247,61.9,25716,gaming,60528
synthetic_train_00057,2025-01-03T05:45:36Z,25239,296916,38.96,22865,276702,39.07,32115,464780,43.17,29951,education,199280
synthetic_train_00058,2025-01-03T06:43:11Z,5137,63121,42.29,6355,61637,46.91,6944,112598,50.95,43319,lifestyle,45170
synthetic_train_00059,2025-01-03T07:40:48Z,16216,215516,44.94,25555,338551,45.79,31578,380859,45.78,86335,entertainment,195863
synthetic_train_00060,2025-01-03T08:38:24Z,11811,117329,53.39,13977,143379,51.47,17572,212498,52.89,49669,lifestyle,178366
synthetic_train_00061,2025-01-03T09:36:00Z,16285,186010,53.71,13301,135761,53.63,8794,104787,53.8,20100,lifestyle,70907
synthetic_train_00062,2025-01-03T10:33:36Z,1991,27556,50.52,2495,34336,56.12,3061,41262,58.55,12101,lifestyle,19155
synthetic_train_00063,2025-01-03T11:31:12Z,10499,134695,54.32,9421,126008,53.55,8870,111388,58.02,26683,lifestyle,64164
synthetic_train_00064,2025-01-03T12:28:48Z,9493,143877,36.18,10450,135865,40.44,9040,143233,40.48,39378,education,70590
synthetic_train_00065,2025-01-03T13:26:24Z,5617,73105,44.06,6287,80997,45.62,6918,72646,45.24,75006,education,47434
synthetic_train_00066,2025-01-03T14:24:00Z,50673,676870,49.64,52835,781764,49.65,60858,924936,50.79,99532,gaming,380398
synthetic_train_00067,2025-01-03T15:21:35Z,2750,26247,71.61,1937,19226,71.64,1428,13842,71.83,10208,lifestyle,11684
synthetic_train_00068,2025-01-03T16:19:12Z,10648,122550,61.78,9756,116958,64.93,8080,80700,71.13,99127,lifestyle,49544
synthetic_train_00069,2025-01-03T17:16:48Z,11033,137984,70.68,14638,144798,70.19,16737,162986,73.54,22761,gaming,147357
synthetic_train_00070,2025-01-03T18:14:23Z,3746,48115,56.54,6591,66697,59.52,8552,88958,59.45,33347,gaming,58874
synthetic_train_00071,2025-01-03T19:12:00Z,3045,36672,61.16,2672,27162,62.92,2672,36346,62.42,20549,lifestyle,16982
synthetic_train_00072,2025-01-03T20:09:36Z,3384,42018,32.7,2652,40125,32.17,2078,37383,35.97,21833,education,13571
synthetic_train_00073,2025-01-03T21:07:12Z,3081,40409,49.51,2566,32417,49.69,2767,31307,51.17,13746,lifestyle,16204
synthetic_train_00074,2025-01-03T22:04:48Z,17604,181547,47.83,14025,198157,49.92,16886,235671,47.55,88007,entertainment,93897
synthetic_train_00075,2025-01-03T23:02:24Z,2211,33858,46.87,2700,32827,48.05,3113,37362,53.47,19213,education,22083
synthetic_train_00076,2025-01-04T00:00:00Z,6575,82082,31.3,10196,151364,33.46,13516,199681,32.71,63612,gaming,85138
synthetic_train_00077,2025-01-04T00:57:36Z,1085,12848,50.05,1303,17324,53.78,1108,12056,55.32,10422,gaming,6552
synthetic_train_00078,2025-01-04T01:55:12Z,22076,288611,54.92,24615,343216,55.77,23266,200398,62.06,76167,gaming,183463
synthetic_train_00079,2025-01-04T02:52:47Z,12589,173580,64.14,18107,242082,67.58,18979,179640,71.79,23557,entertainment,110594
synthetic_train_00080,2025-01-04T03:50:24Z,4569,67242,42.68,4303,78363,37.6,3839,49610,43.74,31310,entertainment,24311
synthetic_train_00081,2025-01-04T04:48:00Z,5269,67061,53.92,6493,81528,52.95,6574,77109,55.12,24828,lifestyle,50305
synthetic_train_00082,2025-01-04T05:45:36Z,4358,53955,46.38,4161,54704,48.23,3265,43212,47.26,29837,education,25525
synthetic_train_00083,2025-01-04T06:43:12Z,11927,147575,37.17,12130,161988,43.2,11038,248810,43.95,52656,education,72935
synthetic_train_00084,2025-01-04T07:40:48Z,59237,723908,54.41,58424,669757,57.13,50798,612249,56.06,43258,lifestyle,350227
synthetic_train_00085,2025-01-04T08:38:24Z,16176,177222,61.59,11559,146896,60.44,10288,138984,66.38,28431,education,86668
synthetic_train_00086,2025-01-04T09:36:00Z,2154,24539,56.33,2599,29826,59.67,2743,30579,59.45,37275,education,22063
synthetic_train_00087,2025-01-04T10:33:36Z,6287,84269,44.95,8153,112951,44.13,9456,116532,47.41,22625,education,56198
synthetic_train_00088,2025-01-04T11:31:12Z,24477,354277,46.3,23447,298287,47.22,23214,247711,48.94,55840,lifestyle,139488
synthetic_train_00089,2025-01-04T12:28:48Z,3474,36893,54.02,5942,74589,54.48,7912,98453,59.33,22530,gaming,53457
synthetic_train_00090,2025-01-04T13:26:24Z,15012,158351,63.28,12890,131146,60.89,10950,101471,64.43,82265,entertainment,88691
synthetic_train_00091,2025-01-04T14:23:59Z,2483,28800,48.22,2389,28477,49.73,2490,37466,49.59,23010,entertainment,13965
synthetic_train_00092,2025-01-04T15:21:36Z,18268,248709,48.56,14364,177595,51.76,10947,141225,46.64,69158,entertainment,89189
synthetic_train_00093,2025-01-04T16:19:12Z,3285,52700,47.48,2527,28222,50.49,1877,28408,48.23,25776,education,14783
synthetic_train_00094,2025-01-04T17:16:48Z,2876,29778,61.43,3629,36048,61.12,4445,53025,62.78,21508,entertainment,28457
synthetic_train_00095,2025-01-04T18:14:24Z,8718,130360,50.77,10645,136923,53.6,14644,144195,54.71,12266,education,98317
synthetic_train_00096,2025-01-04T19:12:00Z,9412,102519,69.33,11349,136596,66.66,13089,108182,71.17,40090,education,111815
synthetic_train_00097,2025-01-04T20:09:36Z,8512,97206,49.91,10611,104291,48.35,11799,144848,52.65,19824,entertainment,68227
synthetic_train_00098,2025-01-04T21:07:12Z,12657,145294,54.14,15420,182545,56.45,14283,155574,59.03,83283,education,121072
synthetic_train_00099,2025-01-04T22:04:47Z,4108,39439,61.71,3779,40799,62.96,2973,32630,64.09,21017,entertainment,19311
synthetic_train_00100,2025-01-04T23:02:24Z,22710,288228,69.39,24083,302370,65.03,26100,299571,65.83,38821,lifestyle,219407
synthetic_train_00101,2025-01-05T00:00:00Z,3336,45779,36.08,3761,57265,46.8,5435,54096,46.19,16398,gaming,29439
synthetic_train_00102,2025-01-05T00:57:36Z,687,9276,44.78,384,3878,48.13,263,3082,51.85,17142,lifestyle,2148
synthetic_train_00103,2025-01-05T01:55:12Z,10005,99147,64.18,11475,134497,62.42,11150,138529,65.6,30274,gaming,77223
synthetic_train_00104,2025-01-05T02:52:48Z,19681,212653,71.6,19589,188240,69.28,20730,193201,75.37,25248,entertainment,125718
synthetic_train_00105,2025-01-05T03:50:24Z,4203,45603,73.32,3902,42712,75.8,4130,46151,78.97,12355,lifestyle,32097
synthetic_train_00106,2025-01-05T04:48:00Z,9345,85963,73.83,8770,78394,77.38,9812,106883,77.81,29756,lifestyle,71074
synthetic_train_00107,2025-01-05T05:45:36Z,16732,189179,37,17589,225598,43.11,24055,290641,43.28,62964,gaming,115736
synthetic_train_00108,2025-01-05T06:43:12Z,35016,421115,58.6,40977,401682,60.71,66552,787182,63.11,76923,education,676573
synthetic_train_00109,2025-01-05T07:40:47Z,6477,74321,60.05,5896,63814,58.42,5590,61338,61.38,58510,education,44150
synthetic_train_00110,2025-01-05T08:38:24Z,16317,222766,51.76,16227,164579,50.19,22152,268998,50.83,47056,gaming,139586
synthetic_train_00111,2025-01-05T09:36:00Z,5734,72242,56.2,10814,111272,60.4,15121,155570,61,32842,lifestyle,112933
synthetic_train_00112,2025-01-05T10:33:35Z,2730,49211,42.69,2144,29858,40.82,1925,23169,42.31,20459,entertainment,11910
synthetic_train_00113,2025-01-05T11:31:12Z,4645,55199,42.2,3433,37233,44.96,2901,38609,48.12,15084,education,20469
synthetic_train_00114,2025-01-05T12:28:48Z,10023,126097,63.79,8131,70414,71.95,9122,102538,69.27,76768,lifestyle,52756
synthetic_train_00115,2025-01-05T13:26:23Z,2910,35262,64.18,2975,32880,65.88,3288,31884,66.42,11622,education,21226
synthetic_train_00116,2025-01-05T14:23:59Z,8501,119807,45.86,10523,120259,46.41,10585,124221,52.37,36413,gaming,69444
synthetic_train_00117,2025-01-05T15:21:36Z,8376,96474,37.11,7909,160930,36.77,7145,95149,41.18,35429,education,45453
synthetic_train_00118,2025-01-05T16:19:12Z,6873,98775,44.84,10032,116194,43.87,11539,161290,44.39,23620,education,73732
synthetic_train_00119,2025-01-05T17:16:48Z,3558,53787,43.79,2895,42176,48.16,3414,38385,50.83,18099,gaming,21021
synthetic_train_00120,2025-01-05T18:14:24Z,6875,90966,47.01,7675,104806,48.69,8937,138475,47.21,21062,gaming,47643
synthetic_train_00121,2025-01-05T19:12:00Z,24415,290054,50.73,31088,340787,52.74,44005,478547,55.3,37765,entertainment,289793
synthetic_train_00122,2025-01-05T20:09:36Z,28512,409510,38.58,32368,365503,41.47,28778,351485,39.68,62289,lifestyle,159991
synthetic_train_00123,2025-01-05T21:07:12Z,2484,28080,51.92,2382,28654,52.74,2759,31618,53.62,29719,education,18201
synthetic_train_00124,2025-01-05T22:04:48Z,3250,48117,18.89,1838,37963,24.4,1200,16078,24.74,18760,lifestyle,8830
synthetic_train_00125,2025-01-05T23:02:24Z,18964,236196,40.97,16815,215156,38.96,15023,144674,39.6,41701,education,97483
synthetic_train_00126,2025-01-06T00:00:00Z,3403,40732,41.08,3722,49201,35.93,4232,68938,38.91,24497,lifestyle,23626
synthetic_train_00127,2025-01-06T00:57:36Z,20730,275107,51.51,22284,264562,55.68,26132,385214,54.95,70102,gaming,154038
synthetic_train_00128,2025-01-06T01:55:12Z,1505,29442,40.26,1647,24965,44.08,1322,15180,43.97,18313,lifestyle,7160
synthetic_train_00129,2025-01-06T02:52:48Z,58358,736203,56.92,56128,782446,56.26,55950,608960,58.37,76843,education,476770
synthetic_train_00130,2025-01-06T03:50:23Z,870,10009,38.23,1061,12722,42.02,1044,12649,43.6,14738,education,7074
synthetic_train_00131,2025-01-06T04:48:00Z,13039,135782,63.41,12614,177917,62.99,10501,136613,61.83,28343,education,103565
synthetic_train_00132,2025-01-06T05:45:36Z,3380,40086,54.5,3585,51420,56.06,4059,44728,54.04,32261,lifestyle,26574
synthetic_train_00133,2025-01-06T06:43:11Z,12023,204198,37.78,11783,133591,40.71,11157,138123,42.33,41369,lifestyle,72732
synthetic_train_00134,2025-01-06T07:40:48Z,804,10418,58.41,914,14701,56.93,1107,12884,61.24,12629,lifestyle,6710
synthetic_train_00135,2025-01-06T08:38:24Z,7641,109529,38.63,7741,88958,36.51,7077,108145,38.85,31606,education,43891
synthetic_train_00136,2025-01-06T09:35:59Z,24360,270613,51.81,21291,352368,50.54,19535,304360,53.02,60167,gaming,133003
synthetic_train_00137,2025-01-06T10:33:36Z,822,8856,72.35,992,10002,74.19,976,8072,75.17,19063,gaming,8819
synthetic_train_00138,2025-01-06T11:31:12Z,4608,38993,74.86,4018,38246,71.89,3747,32924,72.83,20069,entertainment,25167
synthetic_train_00139,2025-01-06T12:28:47Z,21099,314963,38.69,12825,172368,42.04,7983,101944,45.07,32485,lifestyle,64536
synthetic_train_00140,2025-01-06T13:26:23Z,6664,75508,56.75,8166,93785,59.87,9002,115582,61.4,38231,gaming,67395
synthetic_train_00141,2025-01-06T14:24:00Z,5922,63551,62.98,5482,59286,63.53,4871,52990,65.53,56774,lifestyle,35833
synthetic_train_00142,2025-01-06T15:21:36Z,6199,75939,32.05,4724,48182,36.04,4164,73022,35.91,16573,education,25646
synthetic_train_00143,2025-01-06T16:19:12Z,9718,94170,77.45,9242,86634,79.82,5936,62076,81.2,32887,education,61837
synthetic_train_00144,2025-01-06T17:16:48Z,4792,57799,42.94,5358,56794,45.23,6062,89592,44.38,22502,lifestyle,34323
synthetic_train_00145,2025-01-06T18:14:24Z,9283,131153,31.95,7633,153106,33.3,7347,105886,34.55,32745,entertainment,37800
synthetic_train_00146,2025-01-06T19:12:00Z,11130,143670,52.97,11842,142525,53.55,9839,107850,52.05,66084,education,71861
synthetic_train_00147,2025-01-06T20:09:36Z,2501,30487,54.58,2723,38401,58.52,2712,34765,58.02,17260,entertainment,17150
synthetic_train_00148,2025-01-06T21:07:12Z,6086,79502,43.58,5609,82582,42.84,4535,56896,44.25,43390,gaming,29145
synthetic_train_00149,2025-01-06T22:04:48Z,2872,38473,56.56,2915,30248,60.31,2408,28315,58.79,66975,entertainment,19047
synthetic_train_00150,2025-01-06T23:02:24Z,37692,579657,31.44,38279,557205,36.85,31523,643141,36.92,60349,education,244243
synthetic_train_00151,2025-01-07T00:00:00Z,13633,120320,75.57,15710,192293,77.33,18976,184479,75.21,18744,education,213410
synthetic_train_00152,2025-01-07T00:57:36Z,12806,163264,45.35,12793,163515,46.75,17006,155022,53.47,19424,education,112821
synthetic_train_00153,2025-01-07T01:55:12Z,5298,70464,36.76,6607,89984,39.86,6587,76346,45.43,83721,gaming,40566
synthetic_train_00154,2025-01-07T02:52:47Z,7984,77698,55.88,8095,102900,55.25,7622,99626,61.01,47066,education,52250
synthetic_train_00155,2025-01-07T03:50:24Z,2738,24576,80.55,2989,26610,88.4,2897,31082,86.37,19632,lifestyle,24070
synthetic_train_00156,2025-01-07T04:48:00Z,2564,41989,41.07,2536,36340,39.9,2631,33309,42.68,44124,lifestyle,13733
synthetic_train_00157,2025-01-07T05:45:35Z,2600,56429,31.51,3727,70067,31.3,5361,63344,37.47,15974,lifestyle,22695
synthetic_train_00158,2025-01-07T06:43:12Z,828,12677,36.88,945,12227,39.19,956,12371,42.04,14151,gaming,5138
synthetic_train_00159,2025-01-07T07:40:48Z,5119,84183,42.38,4484,67002,41.17,3633,57029,46.37,16625,gaming,26359
synthetic_train_00160,2025-01-07T08:38:24Z,6228,82500,54.43,5575,68683,55.41,7213,80337,55.89,52824,gaming,52052
synthetic_train_00161,2025-01-07T09:36:00Z,12430,157676,50.94,14501,189332,49.64,18094,236317,54.45,25930,lifestyle,94318
synthetic_train_00162,2025-01-07T10:33:36Z,12369,179399,31.17,14810,173919,33.52,15245,190093,35.55,13804,gaming,88377
synthetic_train_00163,2025-01-07T11:31:12Z,6758,102135,57.12,8996,103345,56.5,11630,132530,60.89,26424,lifestyle,77178
synthetic_train_00164,2025-01-07T12:28:48Z,7263,101002,54.16,6887,73832,55.67,6489,117591,53.25,25320,education,47430
synthetic_train_00165,2025-01-07T13:26:24Z,18922,275853,33.49,15476,265152,37.38,14601,197715,36.87,68589,education,98733
synthetic_train_00166,2025-01-07T14:24:00Z,1243,16776,53.42,1096,11996,60.22,904,12642,60.42,10555,education,6324
synthetic_train_00167,2025-01-07T15:21:36Z,37759,458327,50.36,30816,339601,56.18,27986,368052,57.53,78043,lifestyle,211998
synthetic_train_00168,2025-01-07T16:19:12Z,7255,119959,39.19,10048,125363,44.88,10359,178244,45.84,41589,gaming,79661
synthetic_train_00169,2025-01-07T17:16:48Z,13802,148617,70.54,16498,148999,72.42,19725,225308,76.66,29970,lifestyle,138469
synthetic_train_00170,2025-01-07T18:14:24Z,18559,189611,54.84,19237,229740,56.32,21830,243996,59.35,67574,lifestyle,145586
synthetic_train_00171,2025-01-07T19:12:00Z,8291,102680,57.28,7858,81151,59.3,8849,92617,61.03,27849,gaming,56019
synthetic_train_00172,2025-01-07T20:09:36Z,8396,91232,58.41,8124,94900,54.98,9269,98855,59.38,34759,education,78952
synthetic_train_00173,2025-01-07T21:07:12Z,4632,75818,37.87,3859,48910,41.99,3553,45507,49.92,17870,entertainment,18403
synthetic_train_00174,2025-01-07T22:04:48Z,22303,308060,41.87,24404,245447,43.11,27543,338353,45.57,26337,lifestyle,141713
synthetic_train_00175,2025-01-07T23:02:24Z,4436,74275,22.87,3427,47654,27.88,3031,54329,23.29,78948,lifestyle,19228
synthetic_train_00176,2025-01-08T00:00:00Z,14760,137780,71.88,12208,133095,70.34,10119,104388,75.17,58634,gaming,97606
synthetic_train_00177,2025-01-08T00:57:36Z,2157,20342,64.24,1732,18262,65.43,1560,16878,64.12,15075,education,10707
synthetic_train_00178,2025-01-08T01:55:12Z,8672,86001,69.13,9126,85516,64.73,8458,90851,69.81,47637,education,63319
synthetic_train_00179,2025-01-08T02:52:48Z,1239,15289,45.36,1369,18294,44.58,1287,16586,48.03,18206,education,10706
synthetic_train_00180,2025-01-08T03:50:24Z,3714,48837,40.87,2879,33324,43.75,2433,31965,43.36,32578,gaming,14780
synthetic_train_00181,2025-01-08T04:47:59Z,6585,65589,59.57,6626,64368,61.86,8027,85037,62.03,36048,entertainment,48043
synthetic_train_00182,2025-01-08T05:45:36Z,15331,165565,66,21546,190957,64.13,31905,431264,67.07,49210,entertainment,180464
synthetic_train_00183,2025-01-08T06:43:12Z,16190,207137,42.05,15928,189163,45.08,21500,404289,44.59,83876,gaming,114313
synthetic_train_00184,2025-01-08T07:40:48Z,10168,128523,58.26,9402,109360,60.76,8040,72520,67.2,61639,lifestyle,59007
synthetic_train_00185,2025-01-08T08:38:24Z,1119,13589,43.37,1367,24417,48,1705,16848,51.43,14569,entertainment,8761
synthetic_train_00186,2025-01-08T09:36:00Z,9772,92912,58.31,8148,117407,58.2,7938,92641,61.43,88826,lifestyle,56382
synthetic_train_00187,2025-01-08T10:33:36Z,20444,195541,56.5,23337,303308,55.64,31603,447970,56.93,70008,education,199650
synthetic_train_00188,2025-01-08T11:31:12Z,21546,296396,46.91,17847,174520,46.62,12123,118220,51.7,40052,education,93819
synthetic_train_00189,2025-01-08T12:28:48Z,5306,66097,32.1,5164,87308,34.71,6724,109420,35.13,27194,entertainment,32617
synthetic_train_00190,2025-01-08T13:26:24Z,43587,681576,40.43,48009,549639,44.03,57810,703363,43.27,32813,education,362640
synthetic_train_00191,2025-01-08T14:24:00Z,9498,112853,52.31,7558,82217,53.78,7993,78208,55.94,54603,lifestyle,44028
synthetic_train_00192,2025-01-08T15:21:36Z,10041,163611,53.25,12070,143523,52.07,13905,155253,56.07,13543,lifestyle,82088
synthetic_train_00193,2025-01-08T16:19:12Z,5498,67234,53.46,5149,64777,54.54,5379,67171,56.51,45207,lifestyle,34818
synthetic_train_00194,2025-01-08T17:16:48Z,6715,86807,41.06,10442,166270,40.92,14742,156413,46.75,17129,gaming,76783
synthetic_train_00195,2025-01-08T18:14:24Z,2648,30675,56.26,2336,23574,54.24,2249,24031,57.83,17974,gaming,16602
synthetic_train_00196,2025-01-08T19:12:00Z,19104,283324,41.08,19592,206742,43.7,16297,177124,48.17,83532,entertainment,112508
synthetic_train_00197,2025-01-08T20:09:35Z,4496,56927,32.19,5657,105196,34.41,5700,71577,36.74,14027,lifestyle,36688
synthetic_train_00198,2025-01-08T21:07:12Z,10463,128944,58.03,10831,115293,61.38,10281,103472,60.89,79205,education,82579
synthetic_train_00199,2025-01-08T22:04:48Z,3005,28572,78.12,2964,30801,76.34,3575,39328,78.03,15212,lifestyle,26344
synthetic_train_00200,2025-01-08T23:02:23Z,4404,80731,35.08,5070,84658,35.79,5316,88526,36.77,11736,gaming,26460
synthetic_train_00201,2025-01-09T00:00:00Z,12950,112104,48.15,18138,207625,51.25,21865,398157,49.32,28493,gaming,122138
synthetic_train_00202,2025-01-09T00:57:36Z,19430,281162,42.95,18588,270626,41.08,16927,206715,46.72,28431,gaming,106754
synthetic_train_00203,2025-01-09T01:55:12Z,9654,91903,61.85,10385,126815,62.55,11612,127009,63.97,41871,gaming,94192
synthetic_train_00204,2025-01-09T02:52:47Z,11138,157760,41.67,11555,152855,43.39,14427,186566,44.54,25729,lifestyle,79090
synthetic_train_00205,2025-01-09T03:50:24Z,16180,155361,74.93,15772,149238,76.17,14995,176192,74.74,34246,entertainment,105671
synthetic_train_00206,2025-01-09T04:47:59Z,2270,21327,65.66,2858,31759,64.64,3392,34859,67.76,14946,entertainment,18194
synthetic_train_00207,2025-01-09T05:45:36Z,1783,29222,44.18,2442,36816,43.65,2969,43873,43.8,15164,education,19323
synthetic_train_00208,2025-01-09T06:43:12Z,13817,155568,41.18,13584,188758,43.61,13315,212178,41.84,50945,education,88612
synthetic_train_00209,2025-01-09T07:40:48Z,11187,127702,64.59,14743,133283,65.48,16870,178529,68.19,87360,lifestyle,117476
synthetic_train_00210,2025-01-09T08:38:24Z,7745,71566,56.52,7673,88910,63.54,7582,84684,60.86,71970,education,67013
synthetic_train_00211,2025-01-09T09:36:00Z,6287,78091,55.68,5603,77938,55.99,5450,60511,56.31,14395,education,39356
synthetic_train_00212,2025-01-09T10:33:36Z,7514,76761,66.79,5569,55799,67.08,4696,49188,67.79,68595,lifestyle,33998
synthetic_train_00213,2025-01-09T11:31:12Z,5081,61835,50.11,4130,65478,51.3,2443,27822,53.72,10368,lifestyle,19648
synthetic_train_00214,2025-01-09T12:28:48Z,4258,42161,54.65,4112,54676,56.22,4349,48094,56.89,10136,education,30030
synthetic_train_00215,2025-01-09T13:26:24Z,12359,183014,46.32,16799,268583,47.29,22828,267019,51.99,54128,gaming,115201
synthetic_train_00216,2025-01-09T14:24:00Z,40813,421581,60.21,37202,389337,60.36,33117,455409,62.04,94735,entertainment,214964
synthetic_train_00217,2025-01-09T15:21:35Z,5195,62170,62.71,5356,55703,64.48,5925,75636,67.23,11812,gaming,36198
synthetic_train_00218,2025-01-09T16:19:12Z,1324,16543,52.18,1413,17634,52.63,1374,16035,52.11,10480,lifestyle,9638
synthetic_train_00219,2025-01-09T17:16:48Z,1126,12092,59.62,1151,11584,61.87,1223,12608,65.69,14224,education,8364
synthetic_train_00220,2025-01-09T18:14:24Z,11826,247974,37.34,14027,159046,37.67,20846,241483,40.48,62448,entertainment,115194
synthetic_train_00221,2025-01-09T19:12:00Z,5558,58889,55.12,8554,89409,59.32,9822,115149,62.15,38614,education,83448
synthetic_train_00222,2025-01-09T20:09:36Z,7007,107868,43.96,11674,199952,48.09,12880,183064,43.09,24173,lifestyle,73943
synthetic_train_00223,2025-01-09T21:07:11Z,14380,209911,62.22,18065,189753,59.37,21910,234408,63.72,82897,entertainment,131754
synthetic_train_00224,2025-01-09T22:04:48Z,7828,87876,48.69,9209,113236,53.84,10630,115663,57.73,43436,gaming,59438
synthetic_train_00225,2025-01-09T23:02:24Z,11158,141103,32.07,9316,120644,29.63,8537,134447,33.98,24169,entertainment,50843
synthetic_train_00226,2025-01-10T00:00:00Z,11050,152500,53.57,15388,175970,54.49,20155,213070,57.47,70475,education,188172
synthetic_train_00227,2025-01-10T00:57:36Z,24433,286044,47.89,25108,404175,47.48,28777,329707,51.8,94160,entertainment,174315
synthetic_train_00228,2025-01-10T01:55:11Z,6593,75867,70.83,7671,72323,69.39,10742,95772,71.44,51558,gaming,73664
synthetic_train_00229,2025-01-10T02:52:47Z,44821,539703,53.91,50648,566061,57.25,49865,571805,59.57,66417,lifestyle,329042
synthetic_train_00230,2025-01-10T03:50:24Z,20755,185900,64,27815,278101,63.79,37854,376415,63.36,42236,gaming,296855
synthetic_train_00231,2025-01-10T04:47:59Z,24844,257816,68,36626,321549,70.64,42893,485436,69.87,78122,entertainment,327653
synthetic_train_00232,2025-01-10T05:45:36Z,2485,25479,61.6,2722,28624,59.96,3202,36913,62.77,19028,gaming,22852
synthetic_train_00233,2025-01-10T06:43:12Z,62761,684698,53.68,57916,588279,53.17,55928,642509,55.59,97233,lifestyle,360938
synthetic_train_00234,2025-01-10T07:40:48Z,12783,141638,57.97,13303,132928,59.36,13408,146363,58.68,37411,gaming,78729
synthetic_train_00235,2025-01-10T08:38:24Z,2932,25380,76.8,4640,40286,78.05,6362,63317,79.19,11653,gaming,42872
synthetic_train_00236,2025-01-10T09:36:00Z,9289,191901,46.01,9184,128795,45.06,9226,166508,47.2,69017,entertainment,57465
synthetic_train_00237,2025-01-10T10:33:36Z,18826,263719,37.97,19680,277426,37.25,27808,377548,40.33,74995,gaming,135980
synthetic_train_00238,2025-01-10T11:31:12Z,3834,37171,67.8,3784,41007,67.46,3589,35122,72.6,23974,gaming,29229
synthetic_train_00239,2025-01-10T12:28:48Z,22280,374626,44.92,33401,358208,46.54,55223,686318,48.14,77778,education,378843
synthetic_train_00240,2025-01-10T13:26:23Z,3387,34999,61.22,4584,48956,62.3,7099,70480,64.93,20774,entertainment,37214
synthetic_train_00241,2025-01-10T14:24:00Z,11048,97892,75.33,14404,159132,77.27,13871,131182,75.14,37821,gaming,102077
synthetic_train_00242,2025-01-10T15:21:36Z,6078,76749,64.22,6876,61139,70.32,6955,67987,68.4,57038,lifestyle,47512
synthetic_train_00243,2025-01-10T16:19:12Z,14839,151271,63.34,15192,179142,60.76,13569,159089,61.22,90053,entertainment,94051
synthetic_train_00244,2025-01-10T17:16:48Z,10670,150676,41.18,14423,203144,38.24,13995,194703,43.83,18027,education,87846
synthetic_train_00245,2025-01-10T18:14:24Z,5054,60252,58.17,6003,58202,58.63,8510,101690,60.75,29912,gaming,48525
synthetic_train_00246,2025-01-10T19:12:00Z,2048,33774,45.78,1922,19207,45.82,2082,29315,50.29,41737,lifestyle,12117
synthetic_train_00247,2025-01-10T20:09:36Z,3023,46811,35.67,2481,39712,40.61,2573,35023,44.53,16814,lifestyle,12965
synthetic_train_00248,2025-01-10T21:07:11Z,13945,173473,51.03,15068,200818,54.86,12186,168276,54.02,99252,education,93679
synthetic_train_00249,2025-01-10T22:04:48Z,6064,61787,66.17,8199,106671,59.2,8702,93974,62.86,26480,lifestyle,55191
synthetic_train_00250,2025-01-10T23:02:24Z,5809,114296,45.36,5600,91842,53.07,4907,74365,50.18,19345,gaming,26689
synthetic_train_00251,2025-01-11T00:00:00Z,2674,27415,77.37,3551,37042,78.83,4728,45513,82.76,17379,education,43388
synthetic_train_00252,2025-01-11T00:57:35Z,6879,64809,59.96,5852,65277,61.58,4212,45890,64.92,74437,lifestyle,34324
synthetic_train_00253,2025-01-11T01:55:12Z,9903,138377,42.12,13410,195133,48.03,19786,242095,45.57,85836,entertainment,125182
synthetic_train_00254,2025-01-11T02:52:47Z,7463,132718,40.75,6188,76710,46.92,7175,104795,47,44780,lifestyle,39391
synthetic_train_00255,2025-01-11T03:50:24Z,4722,62488,60.56,5559,59862,58.29,8947,68964,63.49,19417,lifestyle,59768
synthetic_train_00256,2025-01-11T04:48:00Z,10123,149592,52.33,12665,169346,53.28,15482,207870,54.74,24528,lifestyle,77976
synthetic_train_00257,2025-01-11T05:45:36Z,1309,14794,56.65,1932,25836,56.87,2502,27704,62.12,23518,lifestyle,14795
synthetic_train_00258,2025-01-11T06:43:12Z,7783,93693,54.85,7467,101739,63.05,8285,86897,59.83,24064,lifestyle,53237
synthetic_train_00259,2025-01-11T07:40:47Z,18587,263377,45.13,20667,220386,46.79,25208,253247,46.23,40092,education,138330
synthetic_train_00260,2025-01-11T08:38:24Z,6418,69560,53.9,7592,86581,58.35,6752,88345,55.51,26499,education,54333
synthetic_train_00261,2025-01-11T09:36:00Z,5052,59487,58.24,5217,58945,59.54,5476,67335,60.56,13664,gaming,40074
synthetic_train_00262,2025-01-11T10:33:36Z,2169,19115,66.52,2547,30316,64.78,3287,31186,67,12667,lifestyle,18641
synthetic_train_00263,2025-01-11T11:31:12Z,14088,200019,40,12596,182117,45.07,11140,138173,48.18,35280,entertainment,61749
synthetic_train_00264,2025-01-11T12:28:48Z,9135,95181,62.03,8584,84626,58.87,7876,80395,62.5,24950,education,62593
synthetic_train_00265,2025-01-11T13:26:23Z,11275,161491,54.63,8733,91302,59.14,8945,83711,57.05,70685,education,70202
synthetic_train_00266,2025-01-11T14:24:00Z,5526,66802,55.32,8791,136321,53.84,10791,146079,57.18,38534,gaming,77184
synthetic_train_00267,2025-01-11T15:21:36Z,23594,301648,29.59,23347,379146,33.55,20014,283794,36.16,63355,lifestyle,119018
synthetic_train_00268,2025-01-11T16:19:12Z,4761,59537,64.37,5709,50311,63.88,5538,60170,70.67,29859,entertainment,40373
synthetic_train_00269,2025-01-11T17:16:48Z,13008,138150,75.79,12539,147406,78.18,15356,159145,75.61,35223,lifestyle,117220
synthetic_train_00270,2025-01-11T18:14:24Z,28391,309015,53.46,35636,437026,55.38,48628,571949,55.89,86030,gaming,282717
synthetic_train_00271,2025-01-11T19:11:59Z,4082,57465,49.67,2849,33296,50.6,2294,30692,51.49,35558,lifestyle,15435
synthetic_train_00272,2025-01-11T20:09:36Z,7491,89534,43.55,5459,75449,46.23,4515,66896,43.54,55956,lifestyle,32483
synthetic_train_00273,2025-01-11T21:07:12Z,9892,141679,47.56,6802,93398,44.91,6569,88644,48.35,72603,gaming,45856
synthetic_train_00274,2025-01-11T22:04:48Z,16575,336247,33.11,15747,251411,35.49,13232,209085,37.03,59350,entertainment,83510
synthetic_train_00275,2025-01-11T23:02:24Z,20238,230484,72.66,24488,221839,75.27,26394,274274,78.63,47042,education,252425
synthetic_train_00276,2025-01-12T00:00:00Z,1338,16367,66.24,1892,19480,68.62,2006,23727,69.27,26319,education,16108
synthetic_train_00277,2025-01-12T00:57:35Z,5784,75692,53.87,4163,42247,56.62,2964,28276,61.57,16244,lifestyle,22789
synthetic_train_00278,2025-01-12T01:55:12Z,3301,38190,68.18,2660,28430,68.91,2557,23924,67.35,27194,lifestyle,18509
synthetic_train_00279,2025-01-12T02:52:47Z,24253,291469,53.62,20500,288566,54.4,18510,233660,55.67,83905,entertainment,118198
synthetic_train_00280,2025-01-12T03:50:24Z,18088,193894,69.8,11784,130095,72.68,8765,93000,72.89,99764,education,110283
synthetic_train_00281,2025-01-12T04:48:00Z,9876,127643,54.3,8553,127816,54.77,7227,74333,55.79,97431,entertainment,49404
synthetic_train_00282,2025-01-12T05:45:36Z,1384,22442,54.4,1534,16820,56.78,2128,23836,60.11,13984,education,13641
synthetic_train_00283,2025-01-12T06:43:12Z,6913,105599,58.8,7216,70328,69.26,6911,82150,70.05,13477,gaming,48919
synthetic_train_00284,2025-01-12T07:40:48Z,4994,48319,65.61,5923,67700,65.93,9206,83503,72.51,30191,gaming,66082
synthetic_train_00285,2025-01-12T08:38:24Z,7640,78095,51.8,8436,80061,52.4,12484,155366,53.76,56065,entertainment,64354
synthetic_train_00286,2025-01-12T09:36:00Z,1296,15383,59.6,1556,18015,60.8,1517,17295,62.7,16510,entertainment,8775
synthetic_train_00287,2025-01-12T10:33:36Z,2113,25413,43.96,2412,28550,46.01,2633,36934,50.37,23419,education,15313
synthetic_train_00288,2025-01-12T11:31:12Z,2692,34166,42.89,2298,32086,41.74,1997,27630,47.43,34324,gaming,14548
synthetic_train_00289,2025-01-12T12:28:48Z,10339,133413,55.15,11458,123440,53.87,10826,121490,54.41,24721,gaming,75161
synthetic_train_00290,2025-01-12T13:26:24Z,14265,149008,71.31,9691,93111,71.38,6677,60439,70.32,17067,gaming,55686
synthetic_train_00291,2025-01-12T14:24:00Z,3100,38200,67.03,3354,30945,65.64,3388,35820,69.93,14645,gaming,20351
synthetic_train_00292,2025-01-12T15:21:36Z,16993,170704,69.07,25363,315646,69.4,32588,374940,72.53,50476,lifestyle,284160
synthetic_train_00293,2025-01-12T16:19:12Z,2964,31021,53.98,3043,40908,58.35,3385,32974,61.01,22928,gaming,20523
synthetic_train_00294,2025-01-12T17:16:48Z,1936,19893,43.64,2134,27694,44.46,3047,45822,44.87,16912,gaming,14300
synthetic_train_00295,2025-01-12T18:14:24Z,8889,84999,67.01,8658,104994,62.69,10554,95988,68.35,46761,lifestyle,70857
synthetic_train_00296,2025-01-12T19:11:59Z,13592,116612,61.9,18543,263983,63.57,23904,259275,71.55,37238,entertainment,142811
synthetic_train_00297,2025-01-12T20:09:36Z,17422,264275,40.58,12914,220628,41.95,9979,124258,47.62,64971,entertainment,68523
synthetic_train_00298,2025-01-12T21:07:12Z,33871,479681,52,29154,328870,49.86,26309,333801,50.35,77759,education,168546
synthetic_train_00299,2025-01-12T22:04:48Z,5997,83053,44.6,6617,94568,41.66,6346,71951,47.51,71027,lifestyle,41159
synthetic_train_00300,2025-01-12T23:02:24Z,6759,102154,31.79,6073,106274,33.6,5958,83314,35.06,92732,entertainment,35474
synthetic_train_00301,2025-01-13T00:00:00Z,4348,68805,40.54,5859,64218,46.59,7117,82639,42.54,66594,education,60221
synthetic_train_00302,2025-01-13T00:57:35Z,9806,102889,60.23,9390,104822,61.76,7062,70091,62.31,54661,entertainment,48118
synthetic_train_00303,2025-01-13T01:55:12Z,4581,89272,37.58,3077,33249,40.2,2279,31455,42.95,48360,entertainment,14852
synthetic_train_00304,2025-01-13T02:52:48Z,4557,65026,36.14,6562,104757,41.85,9965,108468,40.77,14012,lifestyle,51259
synthetic_train_00305,2025-01-13T03:50:24Z,9338,94980,67.79,8278,94079,67.17,7390,66484,70.05,36679,lifestyle,58962
synthetic_train_00306,2025-01-13T04:48:00Z,8732,109578,45.04,7562,89914,44.24,9370,137896,48.23,20293,education,66405
synthetic_train_00307,2025-01-13T05:45:35Z,26773,335468,54.34,25128,255490,54.96,23309,261841,55.26,21658,gaming,152808
synthetic_train_00308,2025-01-13T06:43:12Z,19526,185542,59.39,13288,150534,60.59,8567,75692,59.33,95005,education,77713
synthetic_train_00309,2025-01-13T07:40:48Z,7033,89149,39.78,10697,128967,42.53,13758,192674,41.94,31170,entertainment,65125
synthetic_train_00310,2025-01-13T08:38:24Z,4597,45800,65.66,4796,52371,66.16,5361,57410,65.94,22190,education,46994
synthetic_train_00311,2025-01-13T09:36:00Z,846,13217,48.68,638,7362,49.7,508,4941,51.56,22451,lifestyle,3377
synthetic_train_00312,2025-01-13T10:33:36Z,4146,76331,23,4428,73000,23,4963,87728,29.44,13541,gaming,22745
synthetic_train_00313,2025-01-13T11:31:11Z,12781,178563,56.31,9464,134578,58.22,7679,99074,58.45,34920,lifestyle,65493
synthetic_train_00314,2025-01-13T12:28:48Z,39100,542347,48.21,48235,596771,49.79,60376,750457,52.44,99082,gaming,488107
synthetic_train_00315,2025-01-13T13:26:24Z,18946,248377,45.23,18793,233377,50.74,13533,131602,49.51,70012,education,139668
synthetic_train_00316,2025-01-13T14:24:00Z,5302,62932,49.68,6772,90321,50.74,6377,70694,57.38,18544,education,50730
synthetic_train_00317,2025-01-13T15:21:36Z,3774,34793,86.62,4630,41140,86.58,6723,57933,89.17,20195,gaming,54001
synthetic_train_00318,2025-01-13T16:19:12Z,43730,611500,47.06,34017,471503,48.61,28494,398153,50.09,95885,lifestyle,194352
synthetic_train_00319,2025-01-13T17:16:48Z,3918,55685,37.57,2399,37127,42.93,2353,32737,43.86,48543,gaming,18252
synthetic_train_00320,2025-01-13T18:14:24Z,1337,14890,62.27,1744,24292,59.09,1479,16190,62.92,16753,education,15527
synthetic_train_00321,2025-01-13T19:12:00Z,7620,115859,42.58,5966,63799,46.29,4358,47713,48.69,16661,education,36504
synthetic_train_00322,2025-01-13T20:09:36Z,24795,345839,54.1,29370,403027,52.54,42989,546557,55.53,62927,gaming,240503
synthetic_train_00323,2025-01-13T21:07:12Z,10873,172606,40.88,8226,92923,46.66,6179,82852,43.64,48437,lifestyle,50792
synthetic_train_00324,2025-01-13T22:04:48Z,4376,49239,56.71,4223,45229,53.2,3462,44470,56.02,15860,lifestyle,24690
synthetic_train_00325,2025-01-13T23:02:24Z,8255,85042,52.97,12322,201111,48.35,18528,206726,50.92,58887,education,135339
synthetic_train_00326,2025-01-14T00:00:00Z,15692,170798,58.26,15678,212355,59.34,13197,159153,59.99,79555,education,110843
synthetic_train_00327,2025-01-14T00:57:36Z,6296,68942,53.94,6471,65392,52.11,5549,58746,54.23,60713,gaming,42047
synthetic_train_00328,2025-01-14T01:55:12Z,25763,227206,74.11,36162,435663,74.36,55507,464972,76.15,89035,entertainment,342911
synthetic_train_00329,2025-01-14T02:52:48Z,9679,115095,52.01,8692,113618,51.07,10039,116476,50.7,44816,entertainment,56412
synthetic_train_00330,2025-01-14T03:50:24Z,8173,100519,52.92,8216,102818,52.72,10402,128257,51.44,76943,education,55747
synthetic_train_00331,2025-01-14T04:48:00Z,1875,28591,43.25,2081,34175,47.13,2122,24302,46.73,17330,gaming,12707
synthetic_train_00332,2025-01-14T05:45:36Z,3110,30444,39.52,2285,28986,41.61,1543,14706,45.21,92014,gaming,11510
synthetic_train_00333,2025-01-14T06:43:12Z,11730,121739,49.66,12358,127641,49.49,11606,165970,48.88,95124,gaming,83126
synthetic_train_00334,2025-01-14T07:40:48Z,10947,137593,46.94,13862,157874,44.14,17033,252046,48.21,48670,lifestyle,101911
synthetic_train_00335,2025-01-14T08:38:24Z,8211,90356,49.54,11759,116250,50.28,18442,193654,53.65,65303,entertainment,145495
synthetic_train_00336,2025-01-14T09:36:00Z,6884,104315,46.01,8774,130489,43.19,8551,122468,38.34,45913,entertainment,49030
synthetic_train_00337,2025-01-14T10:33:36Z,6973,71096,47.2,7645,72447,46.25,9198,106924,48.46,28945,entertainment,56354
synthetic_train_00338,2025-01-14T11:31:11Z,10561,148964,53.49,11292,124034,56.43,12274,136779,55.88,57069,entertainment,74754
synthetic_train_00339,2025-01-14T12:28:48Z,31170,685579,32.09,49434,741305,32.3,69370,987502,34.52,92751,gaming,408841
synthetic_train_00340,2025-01-14T13:26:24Z,33154,379986,61.45,33277,332081,64,58295,613471,62.68,37740,entertainment,447791
synthetic_train_00341,2025-01-14T14:24:00Z,6674,79529,50.81,11846,159304,50,16444,179278,52.65,39663,entertainment,105776
synthetic_train_00342,2025-01-14T15:21:36Z,6858,105486,48.12,3854,71465,49.14,2873,39034,47.72,17948,entertainment,21591
synthetic_train_00343,2025-01-14T16:19:12Z,2191,24846,53.11,3134,38270,56.44,4638,77584,57.27,10751,entertainment,23255
synthetic_train_00344,2025-01-14T17:16:48Z,5278,68875,34.41,5096,81322,32.81,4500,44699,32.07,34933,entertainment,24719
synthetic_train_00345,2025-01-14T18:14:24Z,43055,609757,41.39,39137,423472,44.37,43779,587516,42.9,72359,gaming,296480
synthetic_train_00346,2025-01-14T19:12:00Z,5673,56822,44.35,6823,86881,44.91,10747,154371,52.92,17222,education,62031
synthetic_train_00347,2025-01-14T20:09:36Z,13183,138842,70.7,19188,208011,66.77,28046,382019,69.05,25715,gaming,205679
synthetic_train_00348,2025-01-14T21:07:12Z,10742,139204,43.23,10692,144688,46.3,12201,152928,47.43,76777,gaming,113930
synthetic_train_00349,2025-01-14T22:04:48Z,15545,176923,76.4,19747,171261,75.48,22717,244860,76.22,75295,entertainment,153739
synthetic_train_00350,2025-01-14T23:02:24Z,20352,273733,60.22,13079,156753,61.67,10979,119841,66,69427,education,87751
synthetic_train_00351,2025-01-15T00:00:00Z,12683,126335,65.89,10383,145522,62.6,10052,118325,64.5,57719,lifestyle,75445
synthetic_train_00352,2025-01-15T00:57:36Z,4065,56698,50.85,5446,70403,49.71,5435,63408,51.45,40140,gaming,33877
synthetic_train_00353,2025-01-15T01:55:12Z,4610,53025,72.44,5467,61017,71.02,5381,55528,73.22,42729,education,38600
synthetic_train_00354,2025-01-15T02:52:48Z,4771,63586,48.33,6744,82911,47.95,11052,125341,49.17,30189,gaming,63678
synthetic_train_00355,2025-01-15T03:50:24Z,8707,86954,55.81,8388,99887,54.55,10004,147131,57.1,15310,lifestyle,68602
synthetic_train_00356,2025-01-15T04:48:00Z,8907,121960,53.04,8258,121927,55.65,10403,168284,53.66,36586,lifestyle,67334
synthetic_train_00357,2025-01-15T05:45:36Z,19774,210331,53.3,24816,269860,54.96,31908,407838,56.21,43452,education,214291
synthetic_train_00358,2025-01-15T06:43:12Z,9180,94319,51.5,8527,89094,52.7,8324,107055,55.06,10436,education,49903
synthetic_train_00359,2025-01-15T07:40:48Z,2116,22578,63.89,2401,24088,61.6,2935,29642,64.77,25773,gaming,20856
synthetic_train_00360,2025-01-15T08:38:24Z,6154,67009,59.67,5040,48814,63.86,4081,38809,62.12,47999,entertainment,30010
synthetic_train_00361,2025-01-15T09:35:59Z,1494,17888,41.77,1299,16769,45.18,925,9791,43.65,13769,education,6393
synthetic_train_00362,2025-01-15T10:33:36Z,36518,447130,48.44,42842,541385,48.18,45965,560192,52.02,93438,lifestyle,322041
synthetic_train_00363,2025-01-15T11:31:12Z,58382,781749,60.48,86273,836073,57,93401,992982,63.48,97121,lifestyle,673590
synthetic_train_00364,2025-01-15T12:28:48Z,2272,31093,49.66,3068,31954,55.58,4239,55723,61.48,12983,gaming,29916
synthetic_train_00365,2025-01-15T13:26:24Z,6896,85696,46.26,9111,100084,46.57,7504,97059,49.18,19268,lifestyle,59506
synthetic_train_00366,2025-01-15T14:24:00Z,20456,246292,46.9,20987,266127,48.11,20728,274915,52.48,48067,entertainment,130250
synthetic_train_00367,2025-01-15T15:21:36Z,4567,60225,25.27,4102,96411,23.54,4945,76934,22.5,29223,education,23459
synthetic_train_00368,2025-01-15T16:19:12Z,10713,166230,51.93,14225,145038,52.19,22105,376811,51.1,27707,gaming,125054
synthetic_train_00369,2025-01-15T17:16:48Z,2661,35156,50.93,2379,24350,48.19,1647,17274,50.54,21175,gaming,11776
synthetic_train_00370,2025-01-15T18:14:24Z,7982,92475,49.57,11517,122748,47.82,16737,222495,53.96,33037,education,110758
synthetic_train_00371,2025-01-15T19:12:00Z,5254,50140,68.89,5530,57610,71.33,6379,58705,75.87,38998,entertainment,46863
synthetic_train_00372,2025-01-15T20:09:36Z,5798,66627,53.81,7791,94097,54.15,8289,108168,57.27,73432,education,61245
synthetic_train_00373,2025-01-15T21:07:12Z,30386,399632,49.54,38180,499021,45.39,46220,519116,49.95,62817,gaming,303382
synthetic_train_00374,2025-01-15T22:04:48Z,2208,22828,58.9,2117,27745,60.94,2196,21681,65.86,11389,entertainment,14618
synthetic_train_00375,2025-01-15T23:02:24Z,16242,235997,53.79,21651,294251,53.38,20714,208172,54.08,30751,education,138821
synthetic_train_00376,2025-01-16T00:00:00Z,5796,62914,50.11,6804,81228,56.83,5768,86363,50.05,24106,gaming,41186
synthetic_train_00377,2025-01-16T00:57:36Z,3406,44629,49.26,3619,38992,52.18,3492,35956,55.21,51450,lifestyle,22457
synthetic_train_00378,2025-01-16T01:55:12Z,3829,34250,69.65,4195,47082,67.32,4610,36607,69.23,18379,education,36279
synthetic_train_00379,2025-01-16T02:52:48Z,64927,1079001,23.75,38574,742948,24.93,29229,418604,24.17,70483,lifestyle,202384
synthetic_train_00380,2025-01-16T03:50:23Z,22138,293834,40.21,15555,271954,42.32,16151,183520,39.2,95363,entertainment,98853
synthetic_train_00381,2025-01-16T04:48:00Z,7654,103883,38.7,7661,99642,42.4,8353,122366,43.34,54537,lifestyle,52195
synthetic_train_00382,2025-01-16T05:45:36Z,7108,70119,67.31,7403,64904,70.82,9476,99522,71.3,49605,lifestyle,63577
synthetic_train_00383,2025-01-16T06:43:12Z,3955,61740,38.17,4634,57695,40.54,3716,56850,38.09,13139,education,25723
synthetic_train_00384,2025-01-16T07:40:48Z,10371,105170,53.85,13830,173967,52.04,16375,228510,53.05,66450,lifestyle,101486
synthetic_train_00385,2025-01-16T08:38:24Z,4688,60183,62.39,5608,60463,63.65,6275,70610,67.21,24750,education,49171
synthetic_train_00386,2025-01-16T09:35:59Z,8147,127432,34.82,7794,81193,38.28,7618,81403,37.68,47168,education,47711
synthetic_train_00387,2025-01-16T10:33:36Z,20694,219734,62.15,18505,234844,57.94,21681,229995,56.35,48808,entertainment,121946
synthetic_train_00388,2025-01-16T11:31:12Z,3518,36790,50.88,2123,23739,54.62,1698,17732,56.56,27578,education,15366
synthetic_train_00389,2025-01-16T12:28:48Z,4785,65370,71.74,3713,40620,72.09,2339,22914,74.73,17289,lifestyle,19325
synthetic_train_00390,2025-01-16T13:26:24Z,6890,94283,51.91,9396,143675,53.44,15832,189876,57.89,30214,lifestyle,95924
synthetic_train_00391,2025-01-16T14:24:00Z,2954,31845,51.7,2487,36098,51.03,3542,41496,54.69,11939,lifestyle,20318
synthetic_train_00392,2025-01-16T15:21:36Z,21267,278417,51.25,25326,308530,54.86,28994,337888,58.14,82121,gaming,186872
synthetic_train_00393,2025-01-16T16:19:11Z,5940,72617,46.35,7069,87814,51.09,7309,95034,48.26,11184,gaming,43403
synthetic_train_00394,2025-01-16T17:16:48Z,2214,25768,56.44,2545,30881,53.43,2309,30284,53.91,34855,gaming,15829
synthetic_train_00395,2025-01-16T18:14:24Z,1624,25260,58.27,1960,23773,62.12,2423,23488,61.81,13196,lifestyle,14427
synthetic_train_00396,2025-01-16T19:12:00Z,2044,19917,78.37,2055,22075,73.76,2104,20428,77.28,11595,gaming,13883
synthetic_train_00397,2025-01-16T20:09:36Z,953,11786,55.23,892,9474,58.34,901,10668,61.05,10387,lifestyle,5813
synthetic_train_00398,2025-01-16T21:07:12Z,3790,47053,61.85,4348,46133,61.56,4447,43499,58.14,41675,entertainment,29908
synthetic_train_00399,2025-01-16T22:04:47Z,2519,30649,54.6,2674,30259,54.8,2680,31572,54.35,14464,lifestyle,16748
synthetic_train_00400,2025-01-16T23:02:24Z,8254,99084,43.14,8499,113022,46.16,6970,84972,48.54,43339,education,54578
synthetic_train_00401,2025-01-17T00:00:00Z,15850,198542,59.51,23549,321430,57.1,35175,355010,62.8,85241,entertainment,213103
synthetic_train_00402,2025-01-17T00:57:36Z,26732,320895,44.76,28298,344999,45.9,34322,438083,44.18,98535,gaming,225958
synthetic_train_00403,2025-01-17T01:55:12Z,6200,70507,50.76,8278,97585,49.44,12637,160020,54.02,16991,lifestyle,76363
synthetic_train_00404,2025-01-17T02:52:48Z,5865,63312,51.65,4071,50847,54.69,2576,35731,55.93,31147,education,21552
synthetic_train_00405,2025-01-17T03:50:24Z,5356,79348,57.66,5355,56869,63.21,5292,56303,63.62,23241,lifestyle,29532
synthetic_train_00406,2025-01-17T04:48:00Z,12568,174205,39.84,15769,217621,43.15,15005,183313,42.54,44874,lifestyle,82688
synthetic_train_00407,2025-01-17T05:45:35Z,2528,35585,46.46,2625,32297,49.77,2820,35742,53.45,17535,education,22106
synthetic_train_00408,2025-01-17T06:43:11Z,14892,177315,43.3,12996,176995,40.58,13267,177828,40.42,62629,gaming,76033
synthetic_train_00409,2025-01-17T07:40:48Z,15485,186255,44.48,18471,221921,41.69,25092,286378,46.41,74505,lifestyle,153843
synthetic_train_00410,2025-01-17T08:38:24Z,2123,29005,64.65,2360,26356,61.79,2522,23104,69.09,30141,education,21257
synthetic_train_00411,2025-01-17T09:35:59Z,6222,62477,66.89,6860,87978,65.74,8718,97671,69.94,15216,gaming,43837
synthetic_train_00412,2025-01-17T10:33:36Z,12772,164747,43.95,10993,138391,48.77,11455,140858,46.99,15816,lifestyle,67802
synthetic_train_00413,2025-01-17T11:31:12Z,3034,33507,68.94,3552,41424,66.11,3352,30907,68.08,14403,education,30749
synthetic_train_00414,2025-01-17T12:28:48Z,2678,33724,39.51,2881,34877,41.82,2820,36379,40.77,27681,gaming,17418
synthetic_train_00415,2025-01-17T13:26:24Z,2749,28594,65.85,2774,24470,66.08,2714,24740,69.39,19112,education,20963
synthetic_train_00416,2025-01-17T14:24:00Z,488,5160,48.28,651,7871,49.52,809,10004,49.17,10698,lifestyle,4444
synthetic_train_00417,2025-01-17T15:21:36Z,4162,48764,70.91,6498,70183,74.89,8798,103832,75.8,19218,education,77413
synthetic_train_00418,2025-01-17T16:19:12Z,13887,138539,54.75,17887,231953,56.24,20383,248706,59.24,60068,lifestyle,150576
synthetic_train_00419,2025-01-17T17:16:48Z,6463,67858,55.77,11172,128772,55.22,17353,184476,57.37,16565,gaming,101666
synthetic_train_00420,2025-01-17T18:14:23Z,2703,31830,57.59,2015,23724,62.69,1750,23877,65.8,30234,entertainment,12400
synthetic_train_00421,2025-01-17T19:12:00Z,38682,449602,65.34,31231,330441,66.84,29569,294717,69.87,69618,education,293497
synthetic_train_00422,2025-01-17T20:09:36Z,6351,82654,45.16,6427,89531,47.19,5164,64882,47.56,15281,entertainment,30936
synthetic_train_00423,2025-01-17T21:07:12Z,2916,34675,64.97,3277,37326,70.61,4586,50647,70.16,20143,lifestyle,34745
synthetic_train_00424,2025-01-17T22:04:47Z,19566,198838,37.37,21773,328291,47.14,25390,341903,45.22,62755,entertainment,134880
synthetic_train_00425,2025-01-17T23:02:24Z,897,9877,54.29,875,10659,51.46,776,8151,51.7,14252,entertainment,5485
synthetic_train_00426,2025-01-18T00:00:00Z,7820,77028,60.57,5582,60860,61.44,4890,58171,62.64,99959,entertainment,43286
synthetic_train_00427,2025-01-18T00:57:36Z,13675,159920,54.16,15779,183351,59.95,20603,231385,56.39,45877,gaming,131734
synthetic_train_00428,2025-01-18T01:55:12Z,7372,87607,48.33,6746,96290,48.88,8153,92066,50.25,29170,lifestyle,56165
synthetic_train_00429,2025-01-18T02:52:48Z,2851,39581,48.58,3051,31689,50.2,3993,68904,50.31,27973,entertainment,21222
synthetic_train_00430,2025-01-18T03:50:24Z,1501,22233,36.56,1062,13758,32.14,650,9315,37.08,25105,entertainment,4473
synthetic_train_00431,2025-01-18T04:48:00Z,9015,139818,44.06,10157,114519,46.91,10852,131592,46.47,26428,lifestyle,61666
synthetic_train_00432,2025-01-18T05:45:35Z,2078,27302,34.53,2044,24063,39.39,1856,30943,40.28,24732,lifestyle,9709
synthetic_train_00433,2025-01-18T06:43:11Z,1864,22513,66.46,1458,13981,68.87,1469,13554,69,11206,education,9851
synthetic_train_00434,2025-01-18T07:40:48Z,16716,183055,59.48,15258,170973,60.65,19947,240327,62.47,37897,entertainment,121092
synthetic_train_00435,2025-01-18T08:38:24Z,65690,634948,72.86,79659,836945,77.32,104964,926169,79,80968,education,1071820
synthetic_train_00436,2025-01-18T09:35:59Z,1941,20131,48.3,2282,24184,50.42,2137,20866,56.29,12819,gaming,13594
synthetic_train_00437,2025-01-18T10:33:36Z,15848,192145,75.2,21871,245062,73.21,33485,326925,75.1,37701,gaming,247096
synthetic_train_00438,2025-01-18T11:31:12Z,3651,40360,61.44,3131,41223,62.39,3675,40548,66.22,86894,lifestyle,17512
synthetic_train_00439,2025-01-18T12:28:48Z,29894,336205,44.83,24341,391413,47.64,19518,234486,48.72,66531,gaming,129990
synthetic_train_00440,2025-01-18T13:26:24Z,10849,119193,67.84,12308,137901,68.97,11460,120922,69.16,86224,gaming,83170
synthetic_train_00441,2025-01-18T14:24:00Z,2031,38190,42.85,1761,27043,44.46,1436,20108,47.8,13042,education,9735
synthetic_train_00442,2025-01-18T15:21:36Z,3679,39151,63.45,4202,40128,64.61,3675,33344,65.26,19013,education,34581
synthetic_train_00443,2025-01-18T16:19:12Z,4042,41131,67.81,4446,45681,70.99,4938,50398,70.24,27306,entertainment,35743
synthetic_train_00444,2025-01-18T17:16:48Z,2143,25687,56.78,2613,27360,57.88,2448,32024,60.35,15589,entertainment,19789
synthetic_train_00445,2025-01-18T18:14:23Z,1160,10616,60.61,691,6939,62.7,765,9705,61.32,26032,education,5290
synthetic_train_00446,2025-01-18T19:12:00Z,21437,345579,55.67,21974,294829,53.84,27750,382997,53.49,95483,education,201674
synthetic_train_00447,2025-01-18T20:09:36Z,19591,266889,47.24,25435,391059,53.66,34114,450245,52.37,59290,lifestyle,226052
synthetic_train_00448,2025-01-18T21:07:12Z,37589,376140,61.77,50533,663769,65.84,84027,1136769,71.62,23571,entertainment,407952
synthetic_train_00449,2025-01-18T22:04:48Z,6501,79193,56.23,6570,78033,54.84,7092,84286,59.57,11873,education,46424
synthetic_train_00450,2025-01-18T23:02:24Z,2144,27795,42.25,2264,23654,40.74,2387,38379,45.51,15606,lifestyle,13291
synthetic_train_00451,2025-01-19T00:00:00Z,8227,90572,52.96,8137,124060,50.53,6791,94198,52.66,63170,gaming,44986
synthetic_train_00452,2025-01-19T00:57:36Z,2536,34703,49.44,2231,26606,45.85,1416,16151,44.12,21455,gaming,11382
synthetic_train_00453,2025-01-19T01:55:12Z,12566,137620,74.96,8219,79815,77.6,5392,53659,75.12,53250,gaming,56159
synthetic_train_00454,2025-01-19T02:52:48Z,3238,53506,37.32,2833,31705,37.07,2485,38593,41.62,10686,gaming,17148
synthetic_train_00455,2025-01-19T03:50:23Z,4920,55763,60.27,4999,65951,63.85,5071,62117,68.84,41311,gaming,37455
synthetic_train_00456,2025-01-19T04:48:00Z,3260,53221,43.21,4124,60265,37.34,5544,77225,39.1,30148,entertainment,32736
synthetic_train_00457,2025-01-19T05:45:35Z,3904,48672,53.79,2601,30379,54.21,2104,22305,55.69,16914,gaming,16918
synthetic_train_00458,2025-01-19T06:43:11Z,45320,496409,53.71,62319,661363,58.9,91584,974548,58.11,55162,gaming,610217
synthetic_train_00459,2025-01-19T07:40:48Z,15845,180938,55.67,13813,119072,58.39,12827,172678,57.66,43075,education,120526
synthetic_train_00460,2025-01-19T08:38:24Z,9265,134850,47.59,9344,132818,49.77,12387,174451,52.96,92005,lifestyle,85416
synthetic_train_00461,2025-01-19T09:35:59Z,10434,121900,51.16,7806,89012,53.74,6341,127056,57.52,70627,gaming,49683
synthetic_train_00462,2025-01-19T10:33:36Z,30839,358434,59.41,35665,360121,60.22,38917,401161,64.98,83171,education,307757
synthetic_train_00463,2025-01-19T11:31:12Z,16709,222126,34.54,19623,248653,37.91,16153,193720,39.04,59497,gaming,105337
synthetic_train_00464,2025-01-19T12:28:48Z,15094,160014,70.28,12263,114700,71.87,7144,83974,71.18,72473,gaming,63178
synthetic_train_00465,2025-01-19T13:26:24Z,13241,181226,50.05,10392,123507,50.91,8741,103909,53.12,28556,gaming,56069
synthetic_train_00466,2025-01-19T14:24:00Z,13960,143151,62.97,14577,230270,62.87,15638,234246,63.16,47043,gaming,118480
synthetic_train_00467,2025-01-19T15:21:36Z,11745,143557,36.19,12626,166670,42.14,16794,235375,40.39,44537,gaming,111047
synthetic_train_00468,2025-01-19T16:19:12Z,3052,39807,49.22,2977,46855,49.31,2899,32580,52.2,22783,entertainment,15318
synthetic_train_00469,2025-01-19T17:16:48Z,8247,97414,33.36,6132,90758,34.38,5593,102799,39.76,50328,gaming,38227
synthetic_train_00470,2025-01-19T18:14:23Z,37066,393421,70.51,41111,449268,74.67,31772,304415,69.61,65449,lifestyle,267646
synthetic_train_00471,2025-01-19T19:12:00Z,8633,115000,41.14,6336,90640,38.57,4592,63429,40.58,56060,education,40785
synthetic_train_00472,2025-01-19T20:09:36Z,46678,395211,74.38,51705,597170,72.94,76341,801531,77.99,88535,education,526646
synthetic_train_00473,2025-01-19T21:07:12Z,4444,63478,55.51,4602,53008,58.11,3907,46232,61.25,16379,education,28293
synthetic_train_00474,2025-01-19T22:04:48Z,2032,20860,70.54,2127,20872,69.17,1953,24003,71.67,11545,entertainment,10525
synthetic_train_00475,2025-01-19T23:02:24Z,11266,138671,53.01,9619,117806,53.67,6055,62311,56.53,42995,education,50374
synthetic_train_00476,2025-01-20T00:00:00Z,10656,165689,53.64,12434,128133,59.66,15237,178251,59.84,40642,entertainment,81947
synthetic_train_00477,2025-01-20T00:57:36Z,13259,171477,59.77,11043,104290,64.03,11727,125471,67.98,60435,lifestyle,81030
synthetic_train_00478,2025-01-20T01:55:12Z,2726,29422,53.86,3185,28583,54.43,4130,42871,60.68,16114,entertainment,20467
synthetic_train_00479,2025-01-20T02:52:47Z,658,6981,43.21,645,7522,45.58,555,7008,45.87,13093,entertainment,3253
synthetic_train_00480,2025-01-20T03:50:24Z,839,12509,50.16,857,9211,51.73,837,11142,55.2,10005,education,6203
synthetic_train_00481,2025-01-20T04:48:00Z,9954,100048,63.73,13573,177995,65.49,15097,134120,69.91,34638,entertainment,95881
synthetic_train_00482,2025-01-20T05:45:35Z,4641,59624,52.91,4830,48094,55.29,4018,35950,57.53,20702,entertainment,26732
synthetic_train_00483,2025-01-20T06:43:12Z,2724,25293,71.66,2923,31535,68.64,2708,32338,72.64,28568,entertainment,20136
synthetic_train_00484,2025-01-20T07:40:48Z,5282,57846,49.8,8158,140211,52.35,10714,123324,50,43865,education,79548
synthetic_train_00485,2025-01-20T08:38:24Z,3227,35278,51.2,4489,54132,52.62,7451,87062,54.76,14521,gaming,42854
synthetic_train_00486,2025-01-20T09:35:59Z,26747,431222,46.75,33251,455995,43.33,48000,606311,48.7,81769,lifestyle,273906
synthetic_train_00487,2025-01-20T10:33:36Z,6560,78827,57.24,5843,80665,55.63,5637,62900,59.63,34375,entertainment,38734
synthetic_train_00488,2025-01-20T11:31:12Z,2512,43158,48.09,1735,19787,49.58,1345,19816,50.12,12815,gaming,11163
synthetic_train_00489,2025-01-20T12:28:48Z,2169,22703,44.53,1811,25463,46.78,1676,20755,46.92,11095,entertainment,9256
synthetic_train_00490,2025-01-20T13:26:24Z,2270,25689,56.21,1803,22052,52.65,1022,13231,52.69,14660,lifestyle,7671
synthetic_train_00491,2025-01-20T14:24:00Z,1129,13280,65.08,1368,17314,75.25,1539,17449,71.13,11528,gaming,9833
synthetic_train_00492,2025-01-20T15:21:35Z,4756,70007,56.23,7672,80814,59.8,10738,120578,60.85,16194,lifestyle,61692
synthetic_train_00493,2025-01-20T16:19:12Z,4413,76787,41.18,4466,57550,46.55,4692,80578,42.42,31379,entertainment,26622
synthetic_train_00494,2025-01-20T17:16:48Z,3371,52086,19.18,2703,55193,20.65,2405,35890,24.14,11993,gaming,13244
synthetic_train_00495,2025-01-20T18:14:23Z,7763,99802,61.79,11048,148779,62.48,12958,145708,62.47,55083,education,125697
synthetic_train_00496,2025-01-20T19:12:00Z,5577,68005,55.5,7801,82118,53.82,11329,154596,58.85,15348,entertainment,65442
synthetic_train_00497,2025-01-20T20:09:36Z,6770,84826,72.01,7825,75786,73.72,9397,86075,73.22,83716,gaming,72636
synthetic_train_00498,2025-01-20T21:07:12Z,14219,143848,71.88,13962,143626,74.14,14502,142868,75.91,47172,gaming,112125
synthetic_train_00499,2025-01-20T22:04:48Z,6308,95464,41.26,6230,121145,42.76,8680,104830,46.24,29847,entertainment,44080
synthetic_train_00500,2025-01-20T23:02:24Z,5358,63528,56.23,6314,71806,59.74,6640,83963,61.07,77827,entertainment,42433
synthetic_train_00501,2025-01-21T00:00:00Z,5376,65266,46.59,7296,82432,48.6,7219,114671,50.28,10377,education,58536
synthetic_train_00502,2025-01-21T00:57:36Z,5785,63308,55.85,4745,59551,61.26,4190,56220,64.95,15177,gaming,29506
synthetic_train_00503,2025-01-21T01:55:11Z,8428,120550,45.34,6991,93995,46.91,5468,66589,47.98,35014,gaming,40034
synthetic_train_00504,2025-01-21T02:52:47Z,62918,932101,38.86,51259,641588,40.02,40434,571888,42.74,95427,education,278916
synthetic_train_00505,2025-01-21T03:50:24Z,15277,153658,57.43,14855,173303,55.38,11161,156638,55.86,87592,lifestyle,80171
synthetic_train_00506,2025-01-21T04:48:00Z,2223,25745,37.9,2215,28738,35.41,2425,33636,34.63,16892,entertainment,14335
synthetic_train_00507,2025-01-21T05:45:35Z,30281,260638,67.19,29193,284844,68.99,32128,413664,67.24,62692,lifestyle,232275
synthetic_train_00508,2025-01-21T06:43:12Z,925,11034,48.54,985,13867,46.98,1107,12509,50.75,12474,education,6057
synthetic_train_00509,2025-01-21T07:40:48Z,2022,17497,67.99,3487,31281,72.32,6051,71021,72.49,33823,gaming,41471
synthetic_train_00510,2025-01-21T08:38:24Z,1216,11500,73.55,1290,13019,78.96,1562,15055,73.99,10530,entertainment,8320
synthetic_train_00511,2025-01-21T09:36:00Z,3351,30383,50.15,3273,55703,48.94,2366,21460,53.35,68689,education,18615
synthetic_train_00512,2025-01-21T10:33:36Z,5666,60918,65.16,4509,52513,72.98,4402,38363,70.47,11514,gaming,27864
synthetic_train_00513,2025-01-21T11:31:12Z,10238,146506,58.6,11719,97736,65.25,9436,107741,64.54,28323,gaming,71208
synthetic_train_00514,2025-01-21T12:28:48Z,7957,107953,44.22,5790,80907,46.07,4790,61152,43.92,35097,education,35993
synthetic_train_00515,2025-01-21T13:26:24Z,3714,39075,57.06,4673,60862,60.4,4950,62662,67.79,16171,gaming,35062
synthetic_train_00516,2025-01-21T14:23:59Z,3876,63946,32.98,3447,41723,39.66,3900,54107,33.82,11500,lifestyle,23862
synthetic_train_00517,2025-01-21T15:21:35Z,4669,58051,62.69,4301,43615,60.96,4490,54415,64.93,26496,entertainment,31045
synthetic_train_00518,2025-01-21T16:19:12Z,12300,204355,34.74,10553,143592,35.39,10940,141922,39.35,54194,gaming,66013
synthetic_train_00519,2025-01-21T17:16:48Z,9756,109186,59.36,9340,113206,57.78,11393,135505,55.17,38733,entertainment,72219
synthetic_train_00520,2025-01-21T18:14:23Z,5629,49803,68.44,4079,46415,67.86,2743,28826,74.3,67840,gaming,25919
synthetic_train_00521,2025-01-21T19:12:00Z,4206,40836,66.26,5315,54978,65.4,7324,73984,72.72,23876,gaming,51052
synthetic_train_00522,2025-01-21T20:09:36Z,10011,120171,36,9205,114996,39.25,8337,114330,41.1,46966,education,58565
synthetic_train_00523,2025-01-21T21:07:12Z,18863,191587,46.41,15200,219489,45.71,11961,132244,45.79,92824,lifestyle,90762
synthetic_train_00524,2025-01-21T22:04:48Z,14716,227351,39.61,11132,120549,42.3,8989,116371,44.91,70793,gaming,61185
synthetic_train_00525,2025-01-21T23:02:24Z,11433,121481,51.77,9787,100547,53.94,7791,96401,55.48,46046,lifestyle,56660
synthetic_train_00526,2025-01-22T00:00:00Z,4644,53214,51.36,3631,44840,46.78,3244,37210,50.49,59575,gaming,23084
synthetic_train_00527,2025-01-22T00:57:36Z,32277,345299,63.13,40682,464442,59.66,38013,377279,63.35,69995,entertainment,298650
synthetic_train_00528,2025-01-22T01:55:11Z,9347,112071,36.17,12854,181244,36.75,17406,244769,37.92,33061,education,118865
synthetic_train_00529,2025-01-22T02:52:47Z,6213,76627,33.88,3808,33906,37.53,3937,52328,37.21,16758,gaming,25175
synthetic_train_00530,2025-01-22T03:50:24Z,17641,299651,53.05,15640,155862,56.15,16543,170533,59.67,95633,education,122558
synthetic_train_00531,2025-01-22T04:48:00Z,7905,100698,40.17,6477,84093,41.58,7362,115675,40.86,25721,education,47385
synthetic_train_00532,2025-01-22T05:45:35Z,8683,105855,52.05,9718,105551,53.2,11542,153294,52.25,22744,entertainment,64695
synthetic_train_00533,2025-01-22T06:43:12Z,11583,126928,49.6,10898,122980,50.43,12120,132854,52.02,62023,education,100585
synthetic_train_00534,2025-01-22T07:40:48Z,40276,452445,34.34,34052,423768,38.89,37954,561431,34.85,85751,education,241454
synthetic_train_00535,2025-01-22T08:38:24Z,8014,86444,52.23,10214,110454,53.17,9513,93673,52.81,54101,gaming,56093
synthetic_train_00536,2025-01-22T09:36:00Z,6627,56504,71.51,7519,62052,71.36,7530,65712,80.19,15196,entertainment,50924
synthetic_train_00537,2025-01-22T10:33:36Z,1335,16494,39.05,1625,21197,44.63,1435,16543,40.99,11839,gaming,10103
synthetic_train_00538,2025-01-22T11:31:12Z,3265,30825,73.56,2361,24817,70.18,1878,23274,72.77,14903,lifestyle,14193
synthetic_train_00539,2025-01-22T12:28:48Z,14590,156357,57.3,13095,145333,59.68,12089,153583,61.84,89343,gaming,80005
synthetic_train_00540,2025-01-22T13:26:24Z,2097,28712,67.26,2827,31629,70.67,3335,37951,74.23,20061,education,33322
synthetic_train_00541,2025-01-22T14:23:59Z,21295,208052,67.96,31498,303897,68.89,54524,572783,72.99,85652,entertainment,356922
synthetic_train_00542,2025-01-22T15:21:36Z,2343,28331,42.41,2148,24755,46.88,1491,21883,45.08,21090,lifestyle,10737
synthetic_train_00543,2025-01-22T16:19:12Z,3125,33088,62.69,4893,51080,64.97,7502,81935,65.59,28575,lifestyle,55567
synthetic_train_00544,2025-01-22T17:16:48Z,21110,296499,49.56,15508,207365,55.39,14788,191702,51.74,50567,entertainment,105522
synthetic_train_00545,2025-01-22T18:14:24Z,8196,88445,50.39,9033,111291,49.11,10348,113219,51.25,38525,entertainment,70249
synthetic_train_00546,2025-01-22T19:12:00Z,7796,97073,41.5,8636,134968,42.26,6943,75525,49.65,19032,lifestyle,43758
synthetic_train_00547,2025-01-22T20:09:36Z,1794,21122,53.11,1159,14415,50.79,861,7620,48.62,12093,entertainment,5715
synthetic_train_00548,2025-01-22T21:07:12Z,4213,46689,44.75,3099,37064,44.16,1936,24233,49.38,17206,lifestyle,13687
synthetic_train_00549,2025-01-22T22:04:48Z,20337,365244,57.83,14805,197701,58.82,17158,175395,58.84,60720,gaming,111639
synthetic_train_00550,2025-01-22T23:02:24Z,3924,39168,60.73,4962,60797,65.64,5724,77963,65.68,24622,gaming,36116
synthetic_train_00551,2025-01-23T00:00:00Z,6454,97559,48.3,4996,57133,49.29,4637,50267,51.85,19726,education,30266
synthetic_train_00552,2025-01-23T00:57:36Z,5008,73677,31.23,4869,79432,33.83,4634,60332,38.06,62947,education,31681
synthetic_train_00553,2025-01-23T01:55:11Z,500,6749,45.09,666,11296,47.52,591,8371,46.68,10004,lifestyle,3336
synthetic_train_00554,2025-01-23T02:52:47Z,7218,74525,57.84,7168,67564,59.52,7749,77184,63.78,45393,entertainment,52549
synthetic_train_00555,2025-01-23T03:50:24Z,4408,63936,46.43,5618,89453,43.07,6934,115966,46.27,23732,entertainment,37781
synthetic_train_00556,2025-01-23T04:48:00Z,18247,192890,57.86,17176,152937,57.08,16475,216611,57.23,34211,entertainment,118208
synthetic_train_00557,2025-01-23T05:45:35Z,6731,68085,52.56,8220,99374,54.38,8991,116806,54,41884,gaming,53357
synthetic_train_00558,2025-01-23T06:43:12Z,35153,423442,36.13,23758,308667,34.66,17687,376348,37.15,80691,entertainment,113947
synthetic_train_00559,2025-01-23T07:40:48Z,22891,294745,62.86,28805,287914,71.94,35225,358329,67.65,40746,entertainment,214304
synthetic_train_00560,2025-01-23T08:38:24Z,2328,38129,31.36,3348,46182,33.41,3580,40049,35.59,10196,entertainment,17003
synthetic_train_00561,2025-01-23T09:36:00Z,2271,31209,34.51,1975,22863,33.49,1818,34456,39.14,13595,entertainment,8943
synthetic_train_00562,2025-01-23T10:33:36Z,33459,475408,60.45,35930,498520,57.51,46652,470184,59.97,98110,education,314592
synthetic_train_00563,2025-01-23T11:31:12Z,8686,108655,46.99,6592,76570,44.22,6575,82862,48.28,30084,gaming,46028
synthetic_train_00564,2025-01-23T12:28:48Z,6091,75006,35.43,5040,76533,37.3,4317,50777,35.34,25306,lifestyle,23073
synthetic_train_00565,2025-01-23T13:26:24Z,3029,54624,42.79,2472,34296,47.34,2736,37910,43.28,20170,gaming,18278
synthetic_train_00566,2025-01-23T14:23:59Z,17970,240981,57.34,27725,271948,56.9,44987,546773,56.13,93441,education,420239
synthetic_train_00567,2025-01-23T15:21:36Z,32177,411015,53.71,29648,342110,51.41,24086,370096,55.08,69024,education,216425
synthetic_train_00568,2025-01-23T16:19:12Z,6957,71975,48.98,7885,88836,55.2,7588,91004,58.15,50321,education,48219
synthetic_train_00569,2025-01-23T17:16:48Z,4483,43418,47.77,3009,30866,49,2699,33565,48.99,24002,lifestyle,16034
synthetic_train_00570,2025-01-23T18:14:24Z,15710,166365,55.34,18273,188260,58.67,22136,231375,61.29,19847,gaming,142046
synthetic_train_00571,2025-01-23T19:12:00Z,3971,51185,44.51,3878,53410,42.08,4794,54742,47.84,13135,gaming,28815
synthetic_train_00572,2025-01-23T20:09:36Z,39596,474814,56.18,33744,507486,58.04,31346,424903,55.38,75242,entertainment,167945
synthetic_train_00573,2025-01-23T21:07:12Z,2416,25156,54.25,2884,34586,54.03,3002,32084,54.84,18420,education,19917
synthetic_train_00574,2025-01-23T22:04:48Z,6117,74476,68.66,6909,56996,70.72,8261,81864,67.36,10246,gaming,58618
synthetic_train_00575,2025-01-23T23:02:24Z,30424,317146,72.31,40907,389224,78.1,44236,474908,73.87,31461,lifestyle,353685
synthetic_train_00576,2025-01-24T00:00:00Z,4603,49583,52.69,5118,51910,51.8,6937,85900,53.58,11928,lifestyle,35717
synthetic_train_00577,2025-01-24T00:57:36Z,3327,38151,51.79,4252,47632,53.93,4623,51914,56.74,51737,entertainment,31102
synthetic_train_00578,2025-01-24T01:55:11Z,24784,290578,73.73,28213,274876,77.95,32173,367500,73.17,82621,lifestyle,262412
synthetic_train_00579,2025-01-24T02:52:48Z,2605,32591,53.05,2372,30238,56.75,2669,30943,54.8,12608,lifestyle,18058
synthetic_train_00580,2025-01-24T03:50:24Z,20768,292730,42.39,23928,344511,46.21,21017,231861,47.15,65395,lifestyle,129958
synthetic_train_00581,2025-01-24T04:48:00Z,2577,40977,35.76,3013,55538,43.83,2992,42267,39.19,32800,entertainment,17250
synthetic_train_00582,2025-01-24T05:45:35Z,11233,161336,45.67,12740,212792,47.17,11437,126534,52.62,60696,entertainment,74053
synthetic_train_00583,2025-01-24T06:43:12Z,1397,17926,57.52,1706,18161,59.09,1848,17044,66.12,15154,entertainment,10918
synthetic_train_00584,2025-01-24T07:40:48Z,10943,156019,26.86,9293,141284,25.39,10157,130013,26.32,14409,gaming,46510
synthetic_train_00585,2025-01-24T08:38:24Z,21571,257718,69.77,19053,201437,67.84,18703,183689,65.76,48440,entertainment,130412
synthetic_train_00586,2025-01-24T09:36:00Z,11048,144025,46.99,8502,128163,49.17,7510,103992,50.6,33128,entertainment,46753
synthetic_train_00587,2025-01-24T10:33:36Z,4390,61857,39.16,5213,66596,40.17,6251,103943,42.59,20335,lifestyle,30613
synthetic_train_00588,2025-01-24T11:31:11Z,37689,484240,47.72,40344,910243,49.1,48623,518625,47.29,81340,entertainment,249118
synthetic_train_00589,2025-01-24T12:28:48Z,7900,84442,50.01,8367,101261,49.84,9081,93666,51.83,44326,gaming,53580
synthetic_train_00590,2025-01-24T13:26:24Z,7164,92780,48.25,5990,106018,47.97,3836,41915,48.09,23586,entertainment,27445
synthetic_train_00591,2025-01-24T14:23:59Z,21716,184147,62.2,36988,404045,63.75,46353,526013,63.18,36266,gaming,303232
synthetic_train_00592,2025-01-24T15:21:36Z,7801,112554,35.03,11324,151205,32.37,15027,185666,34.32,63361,lifestyle,89965
synthetic_train_00593,2025-01-24T16:19:12Z,2963,25841,66.98,3501,34216,68.34,3454,33444,72.11,26528,education,30515
synthetic_train_00594,2025-01-24T17:16:48Z,4835,61401,45.74,3878,43129,47.03,2722,31103,53.5,12748,education,22820
synthetic_train_00595,2025-01-24T18:14:24Z,7807,124831,40.96,12873,162824,43.91,13863,254756,43.42,50402,lifestyle,91456
synthetic_train_00596,2025-01-24T19:12:00Z,5226,57248,65.15,6378,65757,67.23,8457,93945,68.39,47718,entertainment,49093
synthetic_train_00597,2025-01-24T20:09:36Z,11111,206355,30.97,8335,108682,34.37,8098,126079,31.61,66986,entertainment,44985
synthetic_train_00598,2025-01-24T21:07:12Z,1644,15509,57.49,1789,47329,52.83,1290,18557,51.93,15542,entertainment,8576
synthetic_train_00599,2025-01-24T22:04:48Z,5083,61906,39.22,5585,92978,42.37,5323,64956,41.21,24269,gaming,30960
synthetic_train_00600,2025-01-24T23:02:24Z,3241,32211,64.79,2233,20104,67.89,1750,18176,62.89,48770,education,14986
synthetic_train_00601,2025-01-25T00:00:00Z,5212,54445,42.7,6033,75803,47.17,7346,96745,46.08,43323,education,44201
synthetic_train_00602,2025-01-25T00:57:36Z,27799,395529,46.31,29678,360084,46.72,24578,346986,50.24,99844,education,204551
synthetic_train_00603,2025-01-25T01:55:11Z,7322,79653,56.04,7826,82228,60.07,8820,109322,59.54,21024,education,65751
synthetic_train_00604,2025-01-25T02:52:48Z,6512,78429,60.12,7869,84673,62.97,9010,101472,62.89,29292,lifestyle,62028
synthetic_train_00605,2025-01-25T03:50:24Z,7948,92004,66.26,8509,94161,65.38,7144,66101,69.37,63141,education,59623
synthetic_train_00606,2025-01-25T04:48:00Z,35991,445173,46.18,27576,285805,47.6,32716,375178,53.26,95574,gaming,195546
synthetic_train_00607,2025-01-25T05:45:36Z,7660,76235,85.35,7270,84824,85.21,7694,64211,87.33,30598,education,66734
synthetic_train_00608,2025-01-25T06:43:12Z,6507,61331,61.38,9388,77819,65.86,12499,147897,64.6,21269,lifestyle,77018
synthetic_train_00609,2025-01-25T07:40:48Z,6425,82020,49.42,5184,54938,49.36,3533,38999,50.63,40716,lifestyle,29810
synthetic_train_00610,2025-01-25T08:38:24Z,11016,104363,60.18,13003,147387,57.86,17646,181643,61.11,71868,gaming,123502
synthetic_train_00611,2025-01-25T09:36:00Z,2466,31145,60.84,3516,41151,57.53,7285,84530,60.33,19347,entertainment,36599
synthetic_train_00612,2025-01-25T10:33:36Z,6150,97564,42.76,8690,130358,41.13,10156,133298,41.66,28100,gaming,56137
synthetic_train_00613,2025-01-25T11:31:11Z,28541,316252,40.57,26962,417034,40.06,25561,257679,45.96,78385,gaming,186741
synthetic_train_00614,2025-01-25T12:28:48Z,9822,103093,73.11,15152,213611,78.87,17698,165361,79.46,64251,education,146381
synthetic_train_00615,2025-01-25T13:26:24Z,7006,82016,46.05,4709,73893,48.22,3170,58364,47.77,58615,gaming,23789
synthetic_train_00616,2025-01-25T14:24:00Z,1958,22223,58.35,2324,29487,60.82,2090,19691,63.77,11452,education,19339
synthetic_train_00617,2025-01-25T15:21:36Z,4618,49802,73.95,6511,65220,76.12,6123,55249,78.4,16088,lifestyle,47683
synthetic_train_00618,2025-01-25T16:19:12Z,5232,62531,31.31,5139,74950,29.93,5477,69102,33.7,45694,lifestyle,32668
synthetic_train_00619,2025-01-25T17:16:48Z,20234,287077,31.8,14415,288564,31.93,8770,137070,35.37,61630,lifestyle,66051
synthetic_train_00620,2025-01-25T18:14:24Z,15849,186040,57.94,11669,119830,55.81,10398,103687,58.13,42350,gaming,75297
synthetic_train_00621,2025-01-25T19:12:00Z,3126,35240,55.98,4174,48107,56.59,3864,42058,55.55,10244,education,29809
synthetic_train_00622,2025-01-25T20:09:36Z,4351,57989,52.64,3915,44847,56.05,3916,43554,56.13,11775,education,26383
synthetic_train_00623,2025-01-25T21:07:12Z,2860,35229,44.51,2870,38317,44.67,3589,50360,46.85,16473,lifestyle,19391
synthetic_train_00624,2025-01-25T22:04:48Z,1832,18689,69.92,1777,18605,70.44,1846,19719,70.2,11167,education,13760
synthetic_train_00625,2025-01-25T23:02:23Z,8240,131620,29.66,7142,109747,33.2,6940,86759,37.44,73903,education,47623
synthetic_train_00626,2025-01-26T00:00:00Z,6347,71855,60.41,8303,105015,65.74,8692,99737,64.38,52505,gaming,78522
synthetic_train_00627,2025-01-26T00:57:36Z,2552,30908,52.76,2438,28150,56.14,2140,24267,56.26,12767,education,13364
synthetic_train_00628,2025-01-26T01:55:12Z,38019,415858,65.22,56153,444332,68.85,87257,867703,71.29,67866,lifestyle,630999
synthetic_train_00629,2025-01-26T02:52:48Z,32653,451126,44.52,31213,331749,46.25,32719,412579,45.87,42638,entertainment,159145
synthetic_train_00630,2025-01-26T03:50:24Z,10821,115912,66.52,8307,100900,65.59,5910,69069,67.79,31231,lifestyle,48152
synthetic_train_00631,2025-01-26T04:48:00Z,15888,162583,74.63,20943,193307,76.02,27163,273884,72.23,78490,entertainment,147982
synthetic_train_00632,2025-01-26T05:45:36Z,2771,34535,62.78,2719,36393,65.52,2656,38135,66.25,19470,entertainment,21076
synthetic_train_00633,2025-01-26T06:43:12Z,25767,225005,66.76,37027,371552,71.97,48976,510514,75.19,41322,entertainment,342822
synthetic_train_00634,2025-01-26T07:40:48Z,17678,300674,19.74,18601,271948,23.41,18690,326797,25.69,47491,lifestyle,109981
synthetic_train_00635,2025-01-26T08:38:24Z,6158,78179,58.97,6994,69247,61.64,6136,65338,60.95,38672,lifestyle,57612
synthetic_train_00636,2025-01-26T09:36:00Z,11962,133349,57.33,13455,148828,59.06,16752,176211,60.93,52683,entertainment,102960
synthetic_train_00637,2025-01-26T10:33:36Z,7263,90644,46.92,6339,69748,41.8,5339,76027,44.31,64750,entertainment,33145
synthetic_train_00638,2025-01-26T11:31:12Z,4280,54743,28.03,4183,63939,29.88,4671,72558,31.1,13546,education,23871
synthetic_train_00639,2025-01-26T12:28:48Z,15674,157892,76.85,14937,165210,75.14,12994,145400,75.71,87731,gaming,126698
synthetic_train_00640,2025-01-26T13:26:24Z,4744,55288,64.15,7071,84781,62.69,12161,118996,62.74,40353,education,89537
synthetic_train_00641,2025-01-26T14:24:00Z,2222,26772,37.16,1824,26615,35.17,1668,34305,34.35,11145,entertainment,9755
synthetic_train_00642,2025-01-26T15:21:36Z,17356,293314,35.47,17976,239229,35.19,17681,299420,40.32,31351,gaming,93652
synthetic_train_00643,2025-01-26T16:19:12Z,14189,134831,72.04,10688,147741,71.66,6805,64023,73.66,46110,entertainment,54022
synthetic_train_00644,2025-01-26T17:16:48Z,2728,25551,64.57,3634,43160,64.76,4452,52112,62.59,60757,education,35573
synthetic_train_00645,2025-01-26T18:14:24Z,1506,17438,57.45,1973,19918,61.73,2045,18624,63.44,15555,entertainment,11175
synthetic_train_00646,2025-01-26T19:12:00Z,5450,58097,57.37,9443,121851,58.51,15553,157445,59.4,23116,gaming,105284
synthetic_train_00647,2025-01-26T20:09:36Z,7419,147793,30.45,4774,66972,27.53,3974,62635,31.55,38098,entertainment,22459
synthetic_train_00648,2025-01-26T21:07:12Z,8998,90126,61.17,9858,119089,62.65,9511,120664,61.44,44482,education,79111
synthetic_train_00649,2025-01-26T22:04:48Z,3810,67000,29.86,3973,59295,29.28,4236,74899,33.06,21751,gaming,25522
synthetic_train_00650,2025-01-26T23:02:23Z,5395,90913,40.79,3650,45735,40.4,2897,33323,42.73,29812,education,20325
synthetic_train_00651,2025-01-27T00:00:00Z,58163,1132096,35.62,60868,772048,40.51,51633,584427,41.08,69735,gaming,329311
synthetic_train_00652,2025-01-27T00:57:36Z,4819,49438,68.36,4023,40985,70.84,3241,32083,67.48,21491,lifestyle,22133
synthetic_train_00653,2025-01-27T01:55:12Z,18493,240280,45.81,24511,264191,52.64,32837,505733,50.3,97022,education,227611
synthetic_train_00654,2025-01-27T02:52:48Z,27575,486499,54,28380,421733,51.5,26706,352618,54.82,79473,lifestyle,221782
synthetic_train_00655,2025-01-27T03:50:24Z,3165,36449,65.33,2632,34684,62.55,1764,18331,65.8,12744,entertainment,12291
synthetic_train_00656,2025-01-27T04:48:00Z,9953,109705,61.48,12005,126650,67.52,17293,193591,64.03,78555,lifestyle,103019
synthetic_train_00657,2025-01-27T05:45:36Z,1744,22541,65.6,1730,18336,68.19,1980,19447,72.33,17445,lifestyle,15210
synthetic_train_00658,2025-01-27T06:43:12Z,2479,41221,43.62,2494,32288,45.98,2426,25457,49.96,17158,gaming,16028
synthetic_train_00659,2025-01-27T07:40:48Z,13539,123227,61.97,21218,284236,66.01,20570,268306,69.89,51603,gaming,153381
synthetic_train_00660,2025-01-27T08:38:24Z,5184,74208,43.73,5583,91726,47.14,4392,59240,46.86,32403,education,29182
synthetic_train_00661,2025-01-27T09:36:00Z,14848,153679,66.69,22886,196510,71.84,35273,391676,68.67,97634,lifestyle,275047
synthetic_train_00662,2025-01-27T10:33:36Z,8533,123487,52.89,9371,125569,51.1,10456,118000,54.51,60007,gaming,60354
synthetic_train_00663,2025-01-27T11:31:12Z,9491,114066,53.66,8951,90918,54.71,7700,105301,57.39,77930,entertainment,49920
synthetic_train_00664,2025-01-27T12:28:48Z,23502,302071,42.31,25503,317213,48.56,28876,413162,46.5,45067,gaming,170958
synthetic_train_00665,2025-01-27T13:26:24Z,2798,36961,41.29,3085,39577,44.23,4262,55025,43.41,12361,entertainment,19460
synthetic_train_00666,2025-01-27T14:24:00Z,17513,203721,46.53,17446,176391,48.55,21065,261663,47.55,53457,entertainment,130724
synthetic_train_00667,2025-01-27T15:21:36Z,78239,871323,75.87,80859,679618,75.84,86774,719077,79.98,86276,gaming,756203
synthetic_train_00668,2025-01-27T16:19:12Z,4179,62527,30.76,2830,36497,38.34,1866,25202,33.17,19483,gaming,13101
synthetic_train_00669,2025-01-27T17:16:48Z,4792,43679,72.85,7035,64484,72.85,11118,106534,73.15,37283,gaming,77763
synthetic_train_00670,2025-01-27T18:14:24Z,3130,42958,41.99,4294,50757,45.73,4241,63120,49.96,23092,entertainment,24518
synthetic_train_00671,2025-01-27T19:12:00Z,23971,238319,80.79,35293,387199,75.68,41722,398681,73.89,24752,lifestyle,359664
synthetic_train_00672,2025-01-27T20:09:36Z,3918,38100,52.19,6410,72350,55.56,8757,115736,54.91,11465,education,62952
synthetic_train_00673,2025-01-27T21:07:12Z,27884,486079,30.63,23787,343150,32.62,34955,538864,29.33,62971,entertainment,185674
synthetic_train_00674,2025-01-27T22:04:48Z,2225,28050,55.7,2496,29334,57.01,2206,21607,56.28,17166,entertainment,14031
synthetic_train_00675,2025-01-27T23:02:23Z,2551,34237,39.39,1806,22574,39.81,1833,43894,42.6,18016,gaming,11644
synthetic_train_00676,2025-01-28T00:00:00Z,9155,132744,47.25,9507,133838,48.79,8022,88106,52.79,29421,gaming,45309
synthetic_train_00677,2025-01-28T00:57:36Z,11150,149021,29.91,9705,112872,31.27,9539,171479,31.97,48106,education,64586
synthetic_train_00678,2025-01-28T01:55:12Z,4293,64930,25.55,4282,67379,29.81,5310,85091,27.87,22373,education,32790
synthetic_train_00679,2025-01-28T02:52:48Z,1226,14757,51,1313,16198,49.38,1392,17760,52.28,13888,gaming,8256
synthetic_train_00680,2025-01-28T03:50:24Z,4972,57744,32.69,3884,61981,35.75,3162,58559,37.74,11884,lifestyle,19135
synthetic_train_00681,2025-01-28T04:48:00Z,7630,84874,63.06,8924,105909,64.27,13183,119454,69.68,71054,lifestyle,85095
synthetic_train_00682,2025-01-28T05:45:36Z,2406,25449,72.69,3124,34205,72.19,4243,48943,71.63,23028,gaming,32332
synthetic_train_00683,2025-01-28T06:43:12Z,4351,40834,49.65,3994,48179,51.52,3299,43608,53.94,31091,education,23767
synthetic_train_00684,2025-01-28T07:40:48Z,2678,30335,40.42,1441,22302,39.42,1334,25986,40.64,47307,lifestyle,9549
synthetic_train_00685,2025-01-28T08:38:24Z,19030,359594,32.94,17046,249304,34.24,23695,265016,40.3,70689,lifestyle,132553
synthetic_train_00686,2025-01-28T09:36:00Z,10659,109212,59.24,12723,154630,61.14,15118,157717,60.58,57392,lifestyle,103970
synthetic_train_00687,2025-01-28T10:33:36Z,3232,35300,47.71,2553,32988,53.71,2486,27961,54.82,56046,entertainment,17517
synthetic_train_00688,2025-01-28T11:31:12Z,10662,151716,60.82,6564,72553,61.04,5407,60899,62.77,31046,education,49787
synthetic_train_00689,2025-01-28T12:28:48Z,4634,69636,53.92,5189,48275,51.37,7568,80199,55.42,20709,lifestyle,36183
synthetic_train_00690,2025-01-28T13:26:24Z,2179,32658,37.94,2126,23902,42.55,2239,30434,42.29,11134,entertainment,13456
synthetic_train_00691,2025-01-28T14:24:00Z,12606,186240,46.15,12537,145498,49.32,13403,138582,53.82,35129,education,83901
synthetic_train_00692,2025-01-28T15:21:36Z,3680,42653,52.79,3271,40239,55.45,3448,43730,56.8,23115,gaming,24821
synthetic_train_00693,2025-01-28T16:19:12Z,3105,43988,51.95,3461,40468,53.56,4113,48649,55.2,15095,entertainment,20628
synthetic_train_00694,2025-01-28T17:16:48Z,12899,144657,49.94,10922,198180,49.29,13092,247047,51.76,87258,entertainment,71721
synthetic_train_00695,2025-01-28T18:14:24Z,16288,286695,41.55,17579,284720,42.59,23467,328891,42.73,79281,lifestyle,145538
synthetic_train_00696,2025-01-28T19:12:00Z,14917,185931,42.66,20381,310542,47.31,27867,311649,48.99,85121,entertainment,181807
synthetic_train_00697,2025-01-28T20:09:36Z,104754,1199523,56.02,113427,1862559,55.7,112024,1366492,55.96,68829,entertainment,597041
synthetic_train_00698,2025-01-28T21:07:12Z,1830,41998,28.23,1719,24498,27.93,1805,33155,33.84,35640,lifestyle,10338
synthetic_train_00699,2025-01-28T22:04:48Z,4990,50665,51.79,5184,57637,56.83,4872,45663,61.21,24640,education,33351
synthetic_train_00700,2025-01-28T23:02:24Z,18949,242487,42.89,20712,237605,51.17,17265,174624,53.24,65938,lifestyle,111540
synthetic_train_00701,2025-01-29T00:00:00Z,3550,43267,48.34,3820,50506,48.34,4473,50046,52.19,22624,gaming,25341
synthetic_train_00702,2025-01-29T00:57:36Z,16929,236869,38.2,22779,248618,41.37,24638,302674,44.64,37471,entertainment,137210
synthetic_train_00703,2025-01-29T01:55:12Z,2977,31776,63.57,2405,24805,65.83,2227,25096,67.55,22936,entertainment,14336
synthetic_train_00704,2025-01-29T02:52:48Z,21379,209303,54.7,28887,295420,56.04,29974,358052,56.72,68654,lifestyle,167279
synthetic_train_00705,2025-01-29T03:50:24Z,5856,86758,44.78,7182,99608,43.65,6470,78560,50.34,43594,education,43312
synthetic_train_00706,2025-01-29T04:48:00Z,10078,114291,50.09,11766,102660,58.21,12694,147472,52.84,29528,education,85138
synthetic_train_00707,2025-01-29T05:45:36Z,8195,119216,42.68,8494,116770,47.19,9372,103069,46.14,12179,gaming,56288
synthetic_train_00708,2025-01-29T06:43:12Z,2837,36016,55.87,3561,44027,58.53,4577,49861,60.39,14202,education,27932
synthetic_train_00709,2025-01-29T07:40:48Z,4416,42421,47.37,4286,58464,48.38,4017,43297,48.52,43518,gaming,25844
synthetic_train_00710,2025-01-29T08:38:24Z,3277,30482,66.41,4753,45153,68.58,5342,49660,67.56,46104,lifestyle,41307
synthetic_train_00711,2025-01-29T09:36:00Z,23713,264898,51.14,22169,312522,50.34,19960,291426,50.61,94775,gaming,155951
synthetic_train_00712,2025-01-29T10:33:36Z,8180,95657,60.76,5745,57685,65.1,4831,55933,66.04,30736,education,42724
synthetic_train_00713,2025-01-29T11:31:12Z,1327,26629,29.71,970,17257,34.46,673,8647,38.37,33287,gaming,4963
synthetic_train_00714,2025-01-29T12:28:48Z,16613,178530,44.37,15932,197755,44.92,21440,272391,52.03,52706,entertainment,118746
synthetic_train_00715,2025-01-29T13:26:24Z,2813,31986,55.67,3289,49475,57.99,3165,32457,60.84,57651,entertainment,21530
synthetic_train_00716,2025-01-29T14:24:00Z,3774,43339,72.7,5890,62439,71.01,5903,67266,74.82,20106,education,54953
synthetic_train_00717,2025-01-29T15:21:36Z,31993,426013,43.01,28683,352340,48,28067,303788,48.18,74360,education,208900
synthetic_train_00718,2025-01-29T16:19:12Z,6216,76255,41.94,4254,54929,48.45,2891,30259,45.23,35099,lifestyle,20562
synthetic_train_00719,2025-01-29T17:16:48Z,18416,195152,56.6,16401,193744,61.21,16582,187934,62.11,46768,gaming,128204
synthetic_train_00720,2025-01-29T18:14:24Z,13393,146992,48.64,10493,143602,48.42,9240,91763,52.1,97023,lifestyle,83548
synthetic_train_00721,2025-01-29T19:11:59Z,31952,397125,57.59,32119,341096,59.59,38661,455247,60.31,73383,entertainment,237323
synthetic_train_00722,2025-01-29T20:09:36Z,6870,80969,56.2,5949,72803,55.89,4675,53089,61.06,35910,education,36653
synthetic_train_00723,2025-01-29T21:07:12Z,8834,141065,34.8,9098,113239,39.61,9491,122325,39.45,42509,entertainment,53163
synthetic_train_00724,2025-01-29T22:04:48Z,631,6579,65.59,1057,12649,62.65,1796,19627,65.54,10966,gaming,12224
synthetic_train_00725,2025-01-29T23:02:24Z,19925,275065,54.1,29512,375930,55.36,37362,419319,61.49,29574,lifestyle,268115
synthetic_train_00726,2025-01-30T00:00:00Z,22282,302212,33.62,15560,243757,35.41,10372,119912,34.27,76003,education,87777
synthetic_train_00727,2025-01-30T00:57:36Z,2606,24067,67.59,2479,25248,65.93,2604,24013,64.02,27583,gaming,19047
synthetic_train_00728,2025-01-30T01:55:12Z,4218,54344,62.68,5512,48253,64.49,6051,62555,64.24,18465,gaming,40823
synthetic_train_00729,2025-01-30T02:52:48Z,33493,487206,22.19,26672,504805,22.06,17635,376278,28.85,42343,entertainment,124591
synthetic_train_00730,2025-01-30T03:50:24Z,20480,431633,35.53,22759,339375,37.8,23160,282206,38.92,35224,lifestyle,127836
synthetic_train_00731,2025-01-30T04:48:00Z,18982,270343,48.8,17102,220244,51.56,14839,177292,56.02,95077,lifestyle,90139
synthetic_train_00732,2025-01-30T05:45:36Z,9884,90260,71.62,8320,88450,73.93,9789,97901,76.74,90899,education,72292
synthetic_train_00733,2025-01-30T06:43:12Z,2256,24844,63.7,1152,13860,67.01,753,6336,67.92,27154,lifestyle,7007
synthetic_train_00734,2025-01-30T07:40:48Z,5598,88244,24.34,4500,81036,25.24,4457,72714,26.78,45809,gaming,26927
synthetic_train_00735,2025-01-30T08:38:24Z,9918,115035,65.36,12908,120690,65.23,12894,130504,65.2,23296,lifestyle,76157
synthetic_train_00736,2025-01-30T09:36:00Z,10449,112829,67.7,14706,163016,65.5,18539,214813,67.23,12196,entertainment,109639
synthetic_train_00737,2025-01-30T10:33:36Z,1791,28435,33.81,2140,35450,35.51,2623,34863,39.53,21946,entertainment,13125
synthetic_train_00738,2025-01-30T11:31:12Z,9905,153247,48.86,13379,172169,52.83,14604,159774,52.32,39939,gaming,84455
synthetic_train_00739,2025-01-30T12:28:48Z,2665,32953,37.89,3071,48240,39.64,3338,36314,44.18,15037,education,22766
synthetic_train_00740,2025-01-30T13:26:24Z,2510,28719,51.6,2765,32737,52.54,2535,32800,51.85,30414,lifestyle,15676
synthetic_train_00741,2025-01-30T14:24:00Z,7056,76174,43.67,8429,118078,49.37,11639,153586,48.5,21613,education,77064
synthetic_train_00742,2025-01-30T15:21:36Z,1975,26783,24.1,1636,23771,32.29,1657,22556,31.84,16010,education,9366
synthetic_train_00743,2025-01-30T16:19:12Z,12928,158977,49.36,11966,174434,48.78,10129,111378,47.05,40408,entertainment,70300
synthetic_train_00744,2025-01-30T17:16:48Z,1257,11409,51.95,1165,19423,51.33,1131,13347,52.3,10832,entertainment,6490
synthetic_train_00745,2025-01-30T18:14:24Z,3331,41488,46.35,3016,31869,44.89,3130,42309,45.4,13273,lifestyle,18812
synthetic_train_00746,2025-01-30T19:11:59Z,13566,200457,41.88,12655,135083,46.84,14037,169453,46.85,89468,lifestyle,82883
synthetic_train_00747,2025-01-30T20:09:36Z,19615,192395,60.7,13563,130895,61.65,9430,141407,65.04,46922,entertainment,71775
synthetic_train_00748,2025-01-30T21:07:12Z,19329,250438,53.39,18790,227442,49.42,18287,227662,55.55,73432,entertainment,120560
synthetic_train_00749,2025-01-30T22:04:48Z,5158,66745,44.89,6009,132203,42.79,9397,112486,47.21,21196,education,59148
synthetic_train_00750,2025-01-30T23:02:24Z,4168,40007,53.75,4489,50702,57.06,3360,38200,53.32,14387,entertainment,20730
synthetic_train_00751,2025-01-31T00:00:00Z,12509,143114,57.67,9577,94758,53.96,5835,87200,59.42,24714,gaming,56077
synthetic_train_00752,2025-01-31T00:57:36Z,7684,139620,39.3,7564,88432,41.19,8107,90354,38.34,33745,gaming,48529
synthetic_train_00753,2025-01-31T01:55:12Z,34127,499761,39.02,42753,552269,35.08,48114,810711,38.57,46067,entertainment,243036
synthetic_train_00754,2025-01-31T02:52:48Z,4778,62725,53.95,5988,69712,57.59,7273,90412,62.81,14407,gaming,54142
synthetic_train_00755,2025-01-31T03:50:24Z,11598,179135,56.37,14805,183381,59.61,12405,155684,62.94,96509,gaming,86595
synthetic_train_00756,2025-01-31T04:48:00Z,3531,44740,51.51,5091,63017,54.42,7449,92833,55.41,15398,gaming,48130
synthetic_train_00757,2025-01-31T05:45:36Z,10763,173924,38.96,9378,131580,40.59,8713,106774,43.88,13781,entertainment,53963
synthetic_train_00758,2025-01-31T06:43:12Z,8035,80910,70.51,9765,92224,73.19,12547,126709,74.24,31384,entertainment,83142
synthetic_train_00759,2025-01-31T07:40:47Z,8649,96158,65.03,9691,115398,65.7,7842,77598,67.61,10954,education,75338
synthetic_train_00760,2025-01-31T08:38:24Z,12688,132296,58.97,10430,102458,58.41,9935,114299,59.81,64750,entertainment,65263
synthetic_train_00761,2025-01-31T09:36:00Z,3744,48317,55.68,4449,50023,50.62,4433,71823,53.75,17081,education,30130
synthetic_train_00762,2025-01-31T10:33:36Z,3551,47357,41.54,4639,53077,45.56,5592,65237,40.05,12917,entertainment,30571
synthetic_train_00763,2025-01-31T11:31:12Z,2881,37522,56.78,3202,40622,59.77,3256,55332,60.33,52317,lifestyle,23193
synthetic_train_00764,2025-01-31T12:28:48Z,3637,51595,38.24,3230,41540,40.74,3662,55047,45.07,22718,lifestyle,18394
synthetic_train_00765,2025-01-31T13:26:24Z,4765,62541,55.44,4385,47551,55.94,5747,86020,57.42,12100,entertainment,26703
synthetic_train_00766,2025-01-31T14:24:00Z,17268,263147,54.62,17005,210142,54.17,21266,237614,55.8,33395,entertainment,121834
synthetic_train_00767,2025-01-31T15:21:36Z,29274,299771,54.74,26852,318987,57.73,27854,296988,56.55,86568,education,193017
synthetic_train_00768,2025-01-31T16:19:12Z,18620,161126,79.88,21903,200966,81.86,29341,248833,84.78,90454,lifestyle,232269
synthetic_train_00769,2025-01-31T17:16:48Z,9170,127575,58.59,9195,102863,59.84,9031,89067,63.92,47684,education,65004
synthetic_train_00770,2025-01-31T18:14:24Z,4468,55337,35.68,3507,46748,39.62,3272,51826,41.72,10631,gaming,20554
synthetic_train_00771,2025-01-31T19:11:59Z,3948,39455,70.09,5061,40802,77.66,5844,55133,76.3,35782,lifestyle,52378
synthetic_train_00772,2025-01-31T20:09:36Z,3279,36067,64.66,3503,39556,60.56,2871,29885,65.13,12861,lifestyle,18145
synthetic_train_00773,2025-01-31T21:07:12Z,2214,29050,42.28,2546,31385,43.51,2813,33912,42.97,11061,entertainment,14267
synthetic_train_00774,2025-01-31T22:04:48Z,2181,26783,42.7,1934,22858,46.21,2060,36198,43.55,74150,education,14030
synthetic_train_00775,2025-01-31T23:02:24Z,9208,145866,43.3,9731,143638,42.37,9110,110691,47.3,35926,education,60260
synthetic_train_00776,2025-02-01T00:00:00Z,19653,237301,44.66,21341,259102,48.41,23400,295373,46.39,73204,gaming,161005
synthetic_train_00777,2025-02-01T00:57:36Z,3943,42930,45.88,3674,56388,46.46,3893,60287,49.57,26737,lifestyle,27064
synthetic_train_00778,2025-02-01T01:55:12Z,4960,80617,48.53,4790,62718,44.93,5658,69411,48.77,28190,gaming,36081
synthetic_train_00779,2025-02-01T02:52:48Z,8707,103416,54.19,6789,87764,56.32,7153,78687,57.93,17693,lifestyle,42881
synthetic_train_00780,2025-02-01T03:50:24Z,1368,17609,52.25,1225,15354,53.9,1113,11103,57.26,10258,gaming,8597
synthetic_train_00781,2025-02-01T04:48:00Z,8437,106823,44.73,5516,68926,41.89,5192,85439,43.88,30730,education,42979
synthetic_train_00782,2025-02-01T05:45:36Z,28117,279215,57.76,34412,335314,60.74,29332,330856,60.26,31286,lifestyle,209490
synthetic_train_00783,2025-02-01T06:43:12Z,5672,55112,70.22,5222,59758,71.38,5380,73539,69.34,27603,entertainment,45285
synthetic_train_00784,2025-02-01T07:40:48Z,3580,40239,57.8,4960,51220,58.02,6338,64115,58.89,18384,gaming,41547
synthetic_train_00785,2025-02-01T08:38:23Z,8867,114364,52.38,11181,113459,54.49,11470,146452,51.63,30408,entertainment,74691
synthetic_train_00786,2025-02-01T09:36:00Z,4475,81075,38.83,4420,72634,35.39,4532,62824,35.06,17996,entertainment,27165
synthetic_train_00787,2025-02-01T10:33:36Z,8800,116334,54.9,9516,108687,56.39,12125,131860,57.38,43388,lifestyle,80065
synthetic_train_00788,2025-02-01T11:31:11Z,12182,156997,62.31,7213,84720,63.35,5209,62476,66.94,28483,education,44003
synthetic_train_00789,2025-02-01T12:28:48Z,1404,15160,59.21,1558,18589,60.31,1710,18167,63.76,28668,entertainment,11424
synthetic_train_00790,2025-02-01T13:26:24Z,22523,313242,29.95,18182,292526,33,12154,185633,35.33,48628,entertainment,80867
synthetic_train_00791,2025-02-01T14:24:00Z,10564,220750,30.24,9605,134109,32.33,10315,150915,34.24,16573,gaming,64152
synthetic_train_00792,2025-02-01T15:21:36Z,23095,421647,26.38,18779,409527,30.57,15798,309779,30.79,51658,gaming,87575
synthetic_train_00793,2025-02-01T16:19:12Z,3404,41683,50.65,4937,59019,53.84,7107,90191,53.96,26818,education,54866
synthetic_train_00794,2025-02-01T17:16:48Z,13070,129395,68.31,12438,158474,64.96,15881,233799,69.13,43986,entertainment,140281
synthetic_train_00795,2025-02-01T18:14:24Z,7801,80364,69.28,7947,78370,68.27,9723,141785,71.47,43329,gaming,68884
synthetic_train_00796,2025-02-01T19:12:00Z,73691,958479,40.23,83232,1113498,45.31,83761,991702,46.72,45812,lifestyle,565673
synthetic_train_00797,2025-02-01T20:09:35Z,3557,54104,29.5,2277,26620,30.31,1872,24547,37.61,37566,education,12891
synthetic_train_00798,2025-02-01T21:07:12Z,1928,26006,47.68,1384,19626,43.66,981,13759,49.97,11490,lifestyle,7361
synthetic_train_00799,2025-02-01T22:04:48Z,8632,82035,68.78,7728,77886,71.03,7315,72665,70.47,39281,education,64293
synthetic_train_00800,2025-02-01T23:02:23Z,12535,188640,46.42,11204,132576,49.73,11445,138710,48.18,39425,education,96672
synthetic_train_00801,2025-02-02T00:00:00Z,7608,108220,58.1,10999,124300,60.04,11154,128948,63.08,26541,lifestyle,79353
synthetic_train_00802,2025-02-02T00:57:36Z,3581,55900,31.73,4479,50558,34.97,5108,73221,36.23,13938,lifestyle,26586
synthetic_train_00803,2025-02-02T01:55:12Z,2718,31150,55.82,3791,40389,56.02,3912,49897,60.94,17322,lifestyle,21650
synthetic_train_00804,2025-02-02T02:52:48Z,5258,76319,27.16,4453,67174,33.77,3024,53058,31.66,47799,lifestyle,21456
synthetic_train_00805,2025-02-02T03:50:24Z,5192,82895,40.96,4269,37200,43.69,4157,55172,40.54,10947,entertainment,24353
synthetic_train_00806,2025-02-02T04:47:59Z,8009,119860,45.17,7711,101101,48.12,7167,97376,46.32,36253,entertainment,44745
synthetic_train_00807,2025-02-02T05:45:36Z,2651,33277,41.93,1880,25858,41.84,1314,20187,42.28,22231,gaming,9398
synthetic_train_00808,2025-02-02T06:43:12Z,2724,33515,52.29,2680,29336,55.82,1980,27274,55.77,13354,gaming,14509
synthetic_train_00809,2025-02-02T07:40:48Z,1762,16618,65.54,2952,28474,66.62,3964,40012,70.38,16148,entertainment,21872
synthetic_train_00810,2025-02-02T08:38:24Z,10396,120241,62.02,10090,111007,62.01,13594,132960,65.96,41267,entertainment,76932
synthetic_train_00811,2025-02-02T09:36:00Z,4797,50489,48.46,7013,113050,50.12,11094,137434,51.41,32622,lifestyle,61435
synthetic_train_00812,2025-02-02T10:33:36Z,7744,78574,67.88,9390,90012,66.33,9268,93201,69.19,24391,entertainment,68144
synthetic_train_00813,2025-02-02T11:31:11Z,13702,138980,50.74,16062,237545,49.25,18103,174675,51.7,42527,lifestyle,101592
synthetic_train_00814,2025-02-02T12:28:48Z,6996,75066,59.29,8022,91133,60.08,9158,104502,59.55,28566,gaming,64805
synthetic_train_00815,2025-02-02T13:26:23Z,2010,20384,64.91,2992,27151,68.06,4419,55909,64.82,21749,education,30956
synthetic_train_00816,2025-02-02T14:24:00Z,3055,42068,48.85,5051,71693,49.89,6990,80315,51.6,22080,lifestyle,39277
synthetic_train_00817,2025-02-02T15:21:36Z,5738,83117,48.89,4676,67507,48.69,4001,46353,49.86,12527,gaming,28077
synthetic_train_00818,2025-02-02T16:19:12Z,9495,197577,24.37,9851,137376,24,7830,143810,29.82,17517,education,45895
synthetic_train_00819,2025-02-02T17:16:48Z,6601,71537,54.19,6207,63595,54.8,4740,59677,58.81,40767,entertainment,33662
synthetic_train_00820,2025-02-02T18:14:24Z,7779,80607,70.34,8419,94731,69.78,8721,86003,72.97,30892,education,74765
synthetic_train_00821,2025-02-02T19:11:59Z,9219,127081,61.77,9751,125959,67,11331,114031,64.72,49968,entertainment,87365
synthetic_train_00822,2025-02-02T20:09:36Z,11145,152906,51.62,13542,197314,52.05,16714,173589,52.14,22377,entertainment,86132
synthetic_train_00823,2025-02-02T21:07:12Z,3483,64326,43.87,4122,41239,46.63,6569,72585,50.34,31881,education,46928
synthetic_train_00824,2025-02-02T22:04:48Z,2860,26924,81.65,2622,23446,85.93,2355,22163,87.3,13197,gaming,17167
synthetic_train_00825,2025-02-02T23:02:24Z,53180,562873,46.62,76531,1131539,48.63,82120,815596,56.85,97257,education,622859
synthetic_train_00826,2025-02-03T00:00:00Z,3749,41875,48.84,4524,59387,52.02,5252,62877,48.56,34815,lifestyle,31974
synthetic_train_00827,2025-02-03T00:57:36Z,41629,450292,57.7,60845,686067,56.39,81394,1065420,60,57006,education,594236
synthetic_train_00828,2025-02-03T01:55:12Z,11270,207196,26.2,10851,152116,22.84,8656,122661,23.5,33178,lifestyle,56831
synthetic_train_00829,2025-02-03T02:52:48Z,7046,83941,64.3,8905,95313,61.61,8975,111136,60.74,15253,education,60141
synthetic_train_00830,2025-02-03T03:50:23Z,3113,34467,52.2,3536,35613,48.01,3840,43488,52.05,14767,entertainment,21726
synthetic_train_00831,2025-02-03T04:48:00Z,8421,110458,57.1,9431,97335,61.45,9805,106225,62.7,72642,education,79106
synthetic_train_00832,2025-02-03T05:45:36Z,2611,32600,52.69,1896,22644,51.34,1887,20969,52.83,14212,lifestyle,13820
synthetic_train_00833,2025-02-03T06:43:12Z,16302,186502,55.05,11081,127261,56.45,6777,72365,56.52,22461,gaming,53123
synthetic_train_00834,2025-02-03T07:40:48Z,7266,106469,40.74,9081,131572,44.23,8595,90761,48.54,22528,gaming,60380
synthetic_train_00835,2025-02-03T08:38:24Z,3230,40894,40.54,5355,69414,44.83,6398,91790,40.72,18006,lifestyle,36964
synthetic_train_00836,2025-02-03T09:36:00Z,10306,115577,62.3,9385,99244,66.63,8284,80096,69.02,69490,education,80990
synthetic_train_00837,2025-02-03T10:33:36Z,24253,286622,52.35,23061,252785,57,26712,303755,59.55,39330,entertainment,147106
synthetic_train_00838,2025-02-03T11:31:12Z,2167,19787,59.56,3040,29747,62.8,3644,41079,66.41,14809,gaming,23171
synthetic_train_00839,2025-02-03T12:28:47Z,7827,116718,32.2,9184,121181,32.73,8111,99631,32.65,31955,lifestyle,46633
synthetic_train_00840,2025-02-03T13:26:24Z,25302,290897,38.71,30241,473355,32.36,31157,443414,34.3,92540,gaming,193652
synthetic_train_00841,2025-02-03T14:24:00Z,7936,122985,29.33,8891,134493,30.47,7890,148549,30.43,17357,lifestyle,37522
synthetic_train_00842,2025-02-03T15:21:36Z,16985,250937,34.85,19107,237631,37.8,23585,277360,37.89,70245,education,122162
synthetic_train_00843,2025-02-03T16:19:12Z,3126,45537,54.32,3085,38480,56.48,3241,48269,54.3,31041,entertainment,20871
synthetic_train_00844,2025-02-03T17:16:48Z,6489,54377,76.92,4693,58327,77.46,4442,42991,76.87,43943,gaming,38213
synthetic_train_00845,2025-02-03T18:14:24Z,1731,14928,69.7,1705,22658,70.22,1606,14980,71.5,10544,entertainment,9753
synthetic_train_00846,2025-02-03T19:12:00Z,24295,226230,68.16,18047,202211,68.18,15701,158115,73.9,86678,gaming,105701
synthetic_train_00847,2025-02-03T20:09:35Z,72083,753608,65.29,78450,996171,61.34,96124,1082618,65.74,40349,lifestyle,593468
synthetic_train_00848,2025-02-03T21:07:11Z,41643,508806,59.67,30805,327869,57.46,23932,239951,67.02,82289,education,202017
synthetic_train_00849,2025-02-03T22:04:48Z,5827,82253,30.27,6570,104633,33.75,6546,91332,36,19114,education,39039
synthetic_train_00850,2025-02-03T23:02:23Z,10190,111148,56.24,9634,136650,57.91,7908,97853,59.46,33254,gaming,53762
synthetic_train_00851,2025-02-04T00:00:00Z,23136,249756,55.27,25552,337021,59.99,30186,327346,58.46,84495,education,232359
synthetic_train_00852,2025-02-04T00:57:36Z,4355,50680,46.12,3752,56410,50.84,3481,36849,49.63,87436,entertainment,21096
synthetic_train_00853,2025-02-04T01:55:12Z,9953,95347,62.88,11035,102625,63.26,8541,112653,63.92,13696,gaming,64004
synthetic_train_00854,2025-02-04T02:52:48Z,6209,82150,41.49,4604,66394,42.2,3967,56062,43.09,24203,education,31660
synthetic_train_00855,2025-02-04T03:50:24Z,2052,28304,39.6,1456,20685,42.37,1327,22341,44.74,26027,lifestyle,9345
synthetic_train_00856,2025-02-04T04:47:59Z,9793,138392,59.12,9256,119496,59.72,10392,135485,63.56,15195,gaming,76088
synthetic_train_00857,2025-02-04T05:45:36Z,5469,60491,57.53,4821,45287,62.93,3424,41189,62.3,48358,education,30459
synthetic_train_00858,2025-02-04T06:43:12Z,1468,17345,61.58,2441,24436,60.55,3772,48929,59.54,16031,entertainment,28619
synthetic_train_00859,2025-02-04T07:40:48Z,4813,50958,54.85,6571,92152,57.17,8529,92006,63.27,12575,gaming,59330
synthetic_train_00860,2025-02-04T08:38:24Z,9204,150708,22.91,10574,155810,22.91,12973,186325,22.77,38406,education,62436
synthetic_train_00861,2025-02-04T09:36:00Z,6061,62287,58.16,5898,61650,59.39,4733,48330,63.12,15201,entertainment,28647
synthetic_train_00862,2025-02-04T10:33:36Z,3735,35440,45.14,3531,54218,45.65,2678,31966,45.2,56109,education,19267
synthetic_train_00863,2025-02-04T11:31:11Z,2369,28580,56.36,2866,28924,57.39,2976,26708,65.7,18273,gaming,17797
synthetic_train_00864,2025-02-04T12:28:48Z,7982,93501,59.71,10332,121937,61.71,9897,110247,61.13,59644,entertainment,70630
synthetic_train_00865,2025-02-04T13:26:23Z,3251,37877,39.71,4228,50795,40.39,3768,54627,41.54,17152,education,21498
synthetic_train_00866,2025-02-04T14:24:00Z,4892,57248,47.82,4813,69517,47.07,5644,64045,52.54,11236,gaming,32264
synthetic_train_00867,2025-02-04T15:21:36Z,9964,100004,67,11215,109646,66.54,11922,120749,68.85,42414,gaming,112658
synthetic_train_00868,2025-02-04T16:19:12Z,7627,100283,30.23,6158,69949,32.77,5510,113464,32.9,17588,lifestyle,29554
synthetic_train_00869,2025-02-04T17:16:48Z,14967,254585,48.35,18406,237812,50.36,17438,266408,52.55,96264,education,121391
synthetic_train_00870,2025-02-04T18:14:24Z,6629,65847,61.7,7804,79049,58.78,9477,94728,64.4,40005,gaming,63103
synthetic_train_00871,2025-02-04T19:11:59Z,14873,175888,65.49,19644,218492,68.36,22298,251109,74.18,35613,education,156367
synthetic_train_00872,2025-02-04T20:09:36Z,4070,41857,61.88,5125,46362,63.31,7366,86242,63.48,34290,lifestyle,47763
synthetic_train_00873,2025-02-04T21:07:12Z,3827,55568,41.14,4497,47857,42.96,3979,43238,43.57,19705,lifestyle,21237
synthetic_train_00874,2025-02-04T22:04:47Z,10044,158008,42.34,7252,98130,52.94,6359,74902,53.02,34799,lifestyle,45028
synthetic_train_00875,2025-02-04T23:02:24Z,3598,42462,59.9,4800,58237,62.69,5576,65292,65.81,16089,entertainment,31973
synthetic_train_00876,2025-02-05T00:00:00Z,1945,19827,63.23,1949,21567,60.64,1334,14824,66.16,26696,gaming,10951
synthetic_train_00877,2025-02-05T00:57:36Z,18471,253605,42.01,19862,229568,44.89,23858,297675,40.39,87917,gaming,157511
synthetic_train_00878,2025-02-05T01:55:12Z,16191,165270,61.74,22930,241141,58.65,33532,404501,64.17,69177,entertainment,171476
synthetic_train_00879,2025-02-05T02:52:48Z,45773,541798,62.23,47665,499041,63.27,55412,522989,60.71,58825,gaming,366134
synthetic_train_00880,2025-02-05T03:50:23Z,4784,56526,67.38,4107,38765,66.92,4163,44844,68.79,13394,gaming,32148
synthetic_train_00881,2025-02-05T04:48:00Z,7484,145620,27.89,6847,167759,23.53,5443,61568,28.28,64120,education,36524
synthetic_train_00882,2025-02-05T05:45:36Z,24962,323805,41.95,25724,318530,46.89,32180,392124,42.76,30817,entertainment,151365
synthetic_train_00883,2025-02-05T06:43:12Z,37441,520880,51.02,25286,311460,46.21,22256,262766,44.81,40773,education,165270
synthetic_train_00884,2025-02-05T07:40:48Z,3540,38797,59.2,2893,30399,56.03,3566,38728,63.9,28744,gaming,25266
synthetic_train_00885,2025-02-05T08:38:24Z,1041,13342,39.62,792,9508,38.27,814,11195,44.22,11080,education,4893
synthetic_train_00886,2025-02-05T09:36:00Z,14162,155260,45.58,12891,129856,46.69,10511,183029,51.03,48703,entertainment,71649
synthetic_train_00887,2025-02-05T10:33:36Z,5260,64934,48.37,3997,47507,53.08,4170,50482,56.69,30097,entertainment,23474
synthetic_train_00888,2025-02-05T11:31:12Z,4368,82289,32.39,3421,53193,36.09,2391,31374,40.95,11098,lifestyle,15513
synthetic_train_00889,2025-02-05T12:28:47Z,1964,21560,43.85,1515,24382,44.96,2080,29173,54.07,19565,lifestyle,10326
synthetic_train_00890,2025-02-05T13:26:24Z,5552,74493,46.15,4710,53843,52.11,3794,35604,53.73,10747,lifestyle,26525
synthetic_train_00891,2025-02-05T14:24:00Z,29866,312234,63.35,24839,269680,62.99,31516,290605,70.4,49086,lifestyle,213632
synthetic_train_00892,2025-02-05T15:21:36Z,2514,25719,57.69,2062,21454,62.38,1679,19064,63.69,31629,entertainment,11638
synthetic_train_00893,2025-02-05T16:19:12Z,25725,317875,63.14,30909,358871,67.23,47554,490060,68.37,69791,gaming,338720
synthetic_train_00894,2025-02-05T17:16:48Z,4164,60870,41.3,5217,63393,43.73,5688,94499,43.65,49889,lifestyle,32249
synthetic_train_00895,2025-02-05T18:14:24Z,2376,25994,64.98,2451,24856,65.87,3821,42262,67.66,20869,entertainment,23919
synthetic_train_00896,2025-02-05T19:11:59Z,35600,435505,54.54,22436,294527,59.22,18677,228479,58.08,41010,gaming,142633
synthetic_train_00897,2025-02-05T20:09:36Z,13528,145634,51.57,11966,146064,54.94,8227,102827,52.33,70155,gaming,58245
synthetic_train_00898,2025-02-05T21:07:11Z,11815,127887,72.84,16069,160313,70.6,26394,222052,74.25,43274,education,187895
synthetic_train_00899,2025-02-05T22:04:48Z,6595,79757,51.65,5627,81621,47.68,6134,81928,52.48,23897,lifestyle,37489
synthetic_train_00900,2025-02-05T23:02:24Z,27431,349301,57.53,27525,316289,61.53,38318,440632,60.55,34495,entertainment,217887
synthetic_train_00901,2025-02-06T00:00:00Z,25623,244053,55.98,26645,306996,58.84,32530,388701,58.93,30128,gaming,193931
synthetic_train_00902,2025-02-06T00:57:36Z,27097,322532,47.92,41760,485086,50.68,52584,607633,51.9,56561,education,477764
synthetic_train_00903,2025-02-06T01:55:12Z,2775,23407,74.02,2627,26399,72.2,2478,28071,71.72,10271,gaming,20525
synthetic_train_00904,2025-02-06T02:52:48Z,13869,158466,56.16,16424,216258,58.64,17964,174276,58.54,95618,gaming,141599
synthetic_train_00905,2025-02-06T03:50:24Z,1397,16772,48.03,1447,18233,46.09,1296,20082,47.07,14024,entertainment,6924
synthetic_train_00906,2025-02-06T04:48:00Z,777,8454,44.36,822,9913,47.09,1027,13073,43.88,12558,lifestyle,6136
synthetic_train_00907,2025-02-06T05:45:36Z,11960,163723,33.62,12220,159115,30.51,13287,145354,38.53,47942,gaming,91962
synthetic_train_00908,2025-02-06T06:43:12Z,8669,111216,45.21,6414,70356,46.76,5061,54253,49.08,24343,education,38384
synthetic_train_00909,2025-02-06T07:40:47Z,14328,178457,41.93,14036,181578,44.43,10979,122606,43.2,46264,lifestyle,77279
synthetic_train_00910,2025-02-06T08:38:24Z,937,10568,52.7,729,7277,58.86,585,5787,55.11,11494,education,4166
synthetic_train_00911,2025-02-06T09:36:00Z,5479,57616,56.78,6807,75450,58.81,6336,110594,61.86,22494,lifestyle,36278
synthetic_train_00912,2025-02-06T10:33:36Z,5110,70175,43.73,5828,66619,47.43,6172,95502,45.71,13400,entertainment,31853
synthetic_train_00913,2025-02-06T11:31:11Z,4688,54705,46.95,6020,77243,52.43,7922,111405,49.97,28067,education,57030
synthetic_train_00914,2025-02-06T12:28:48Z,8176,87463,62.37,6332,82534,63.13,6395,70857,67.48,34892,entertainment,40373
synthetic_train_00915,2025-02-06T13:26:23Z,7964,109149,57.29,8458,71448,63.77,8566,89113,60.61,48347,gaming,55068
synthetic_train_00916,2025-02-06T14:24:00Z,8901,136380,35.64,8314,116563,33.87,8543,111126,38.25,48851,lifestyle,53182
synthetic_train_00917,2025-02-06T15:21:36Z,1412,20341,47.12,1768,19691,49.93,1693,17968,54.05,49654,education,12628
synthetic_train_00918,2025-02-06T16:19:12Z,1855,24540,34.82,2783,46148,39.18,4359,75541,38.91,14431,gaming,18514
synthetic_train_00919,2025-02-06T17:16:48Z,1013,11105,57.12,1371,16721,63.89,1868,27857,61.85,16454,gaming,14755
synthetic_train_00920,2025-02-06T18:14:24Z,17577,214990,49.12,21475,238628,50.44,25150,308831,53.84,72372,lifestyle,149532
synthetic_train_00921,2025-02-06T19:11:59Z,11809,134944,76.52,11709,104381,74.93,13390,118451,77.12,38231,education,148819
synthetic_train_00922,2025-02-06T20:09:35Z,15352,251444,23.73,18344,299790,26.06,17773,196660,24.78,26256,lifestyle,98851
synthetic_train_00923,2025-02-06T21:07:12Z,7504,108944,39.09,6990,126179,40.16,4284,51210,42.54,35788,entertainment,30334
synthetic_train_00924,2025-02-06T22:04:47Z,127431,1574608,58.76,123601,1262642,59.13,119792,1149457,59.62,82478,gaming,820414
synthetic_train_00925,2025-02-06T23:02:24Z,1686,16725,73.66,1697,15445,77.24,2274,22268,75.12,27706,entertainment,13038
synthetic_train_00926,2025-02-07T00:00:00Z,6056,91895,68.17,8609,86798,65.67,12239,129492,67.9,82153,lifestyle,81349
synthetic_train_00927,2025-02-07T00:57:36Z,10337,94040,64.68,12960,157824,63.79,16893,170638,65.19,36115,entertainment,98387
synthetic_train_00928,2025-02-07T01:55:12Z,3049,33626,35.49,3172,54766,38.16,2616,43258,40.3,65025,lifestyle,14277
synthetic_train_00929,2025-02-07T02:52:48Z,39033,578378,35.78,52184,783373,39.06,66068,1063501,41.84,91216,lifestyle,343431
synthetic_train_00930,2025-02-07T03:50:23Z,9243,106271,76.43,8553,84114,79.29,10959,104086,77.73,32216,entertainment,81645
synthetic_train_00931,2025-02-07T04:48:00Z,4177,43711,57.78,4472,45218,57.88,6080,61333,59.98,33991,entertainment,40347
synthetic_train_00932,2025-02-07T05:45:36Z,10159,107818,65.26,11458,121404,64.47,14695,141097,67.73,23333,lifestyle,109251
synthetic_train_00933,2025-02-07T06:43:12Z,7489,87166,44.5,6780,67883,46.93,5539,49058,52.4,22630,lifestyle,35785
synthetic_train_00934,2025-02-07T07:40:48Z,24971,406219,46.9,26130,290318,48.26,25730,310533,47.17,33127,entertainment,156933
synthetic_train_00935,2025-02-07T08:38:24Z,10690,149516,50.68,15145,190344,47.82,14202,201603,46.27,25583,education,112100
synthetic_train_00936,2025-02-07T09:36:00Z,2511,22493,66.26,3649,40749,63.13,3692,45334,68.43,28242,lifestyle,23169
synthetic_train_00937,2025-02-07T10:33:36Z,3191,44576,50.82,3973,47242,56.44,3942,57019,55.28,37137,gaming,26883
synthetic_train_00938,2025-02-07T11:31:12Z,21201,281099,43.82,24296,254649,41.71,24139,314451,41.94,82615,entertainment,153834
synthetic_train_00939,2025-02-07T12:28:47Z,4500,50712,51.76,4515,61131,51.43,4472,61094,53.26,86685,education,28233
synthetic_train_00940,2025-02-07T13:26:24Z,3814,60488,47.22,5413,86063,45.93,6260,69219,50.95,14827,gaming,38474
synthetic_train_00941,2025-02-07T14:24:00Z,13938,153241,63.84,11504,161271,64.01,7647,82833,66.46,28839,education,62875
synthetic_train_00942,2025-02-07T15:21:36Z,10285,96572,65.08,11590,129371,69.39,14567,168377,67.29,31464,entertainment,100394
synthetic_train_00943,2025-02-07T16:19:12Z,23180,245877,54.17,31437,359507,59.61,37597,441953,57.97,75298,gaming,264627
synthetic_train_00944,2025-02-07T17:16:48Z,4740,71950,44.72,3925,38918,47.25,4092,42988,48.81,11598,entertainment,23156
synthetic_train_00945,2025-02-07T18:14:24Z,21358,253120,61.69,29810,286927,61.86,33838,381539,61.3,95143,gaming,276547
synthetic_train_00946,2025-02-07T19:11:59Z,4479,41976,66.46,7109,67120,59.41,8579,104157,63.58,12081,education,71700
synthetic_train_00947,2025-02-07T20:09:36Z,3305,33473,41.92,2224,29911,44.72,1888,22900,48.03,14868,lifestyle,12648
synthetic_train_00948,2025-02-07T21:07:11Z,2433,31248,42.25,2234,30263,46.91,1876,22112,49.93,19102,gaming,11374
synthetic_train_00949,2025-02-07T22:04:48Z,5809,77661,60.68,6113,62580,61.81,7994,90042,64.46,23137,education,63515
synthetic_train_00950,2025-02-07T23:02:24Z,8749,107755,62.47,10334,91761,65.08,11265,114524,63.42,49832,entertainment,76468
synthetic_train_00951,2025-02-08T00:00:00Z,2495,39693,37.9,2151,26777,38.86,1914,27900,44.02,14193,education,12510
synthetic_train_00952,2025-02-08T00:57:36Z,35276,440651,43.41,34532,512921,43.15,32139,377219,45.85,59303,entertainment,169259
synthetic_train_00953,2025-02-08T01:55:12Z,2195,32404,38.33,1913,24835,47.3,1588,21196,44.38,21414,education,13559
synthetic_train_00954,2025-02-08T02:52:48Z,19956,189149,71.27,21825,269900,69.34,21946,226266,71.79,58507,lifestyle,162574
synthetic_train_00955,2025-02-08T03:50:24Z,32538,471830,27.16,37104,514488,32.71,44991,606520,32.81,51436,gaming,195013
synthetic_train_00956,2025-02-08T04:48:00Z,4325,47897,62.31,4914,46731,65.92,5797,70640,63.1,30310,gaming,42880
synthetic_train_00957,2025-02-08T05:45:35Z,2800,39391,43.1,1758,22762,45.68,1433,18814,47.38,17850,lifestyle,10038
synthetic_train_00958,2025-02-08T06:43:12Z,3882,58964,40,3915,46249,46.5,3808,48685,44.12,19831,gaming,20186
synthetic_train_00959,2025-02-08T07:40:48Z,10693,112487,75.04,9823,85653,81.44,8320,94663,77.63,31608,lifestyle,68627
synthetic_train_00960,2025-02-08T08:38:24Z,7800,87774,49.41,9514,118194,49.59,8896,95796,50.44,33464,education,67153
synthetic_train_00961,2025-02-08T09:36:00Z,8493,89379,57.91,10214,112326,59.59,13072,137414,59.05,22377,entertainment,88430
synthetic_train_00962,2025-02-08T10:33:36Z,4445,49628,49.94,6157,79393,51.35,8335,108113,48.17,11603,education,54913
synthetic_train_00963,2025-02-08T11:31:11Z,2971,36896,64.68,3554,39017,66.64,3852,35247,67.99,12882,education,28993
synthetic_train_00964,2025-02-08T12:28:48Z,7128,75620,59.4,6242,98752,62.05,8044,95582,61,24226,entertainment,55283
synthetic_train_00965,2025-02-08T13:26:24Z,29144,464956,38.63,32855,485357,40.78,31650,445724,38.87,76565,gaming,233680
synthetic_train_00966,2025-02-08T14:24:00Z,3955,38549,58.64,4438,65343,57.2,4779,50502,55.32,63614,entertainment,31653
synthetic_train_00967,2025-02-08T15:21:36Z,6646,73358,62.16,6603,69602,63.56,5002,62871,67.28,18369,entertainment,38193
synthetic_train_00968,2025-02-08T16:19:12Z,1334,16100,43.77,1219,11833,45.27,1141,14261,43.79,12436,education,7752
synthetic_train_00969,2025-02-08T17:16:48Z,1098,16025,27.91,1325,19058,27.73,1182,14725,32.3,21717,entertainment,6164
synthetic_train_00970,2025-02-08T18:14:24Z,1733,23004,55.65,1129,11225,55.63,890,11379,57.67,24801,entertainment,6044
synthetic_train_00971,2025-02-08T19:11:59Z,2627,28060,56.89,2790,27227,58.71,2222,31671,66.95,10038,lifestyle,17033
synthetic_train_00972,2025-02-08T20:09:35Z,9632,135809,35.3,11231,145643,41.46,13130,171921,38.43,26852,entertainment,76129
synthetic_train_00973,2025-02-08T21:07:12Z,9194,116598,51.45,13733,170282,49.71,14903,226514,53.13,39968,education,104091
synthetic_train_00974,2025-02-08T22:04:47Z,1754,50174,34.47,1964,32150,38.39,2488,23890,42.21,11233,entertainment,10840
synthetic_train_00975,2025-02-08T23:02:24Z,34115,325689,68.67,28797,412816,65.53,26883,316720,68.93,73647,entertainment,170921
synthetic_train_00976,2025-02-09T00:00:00Z,2146,27161,54.68,3292,32378,57.16,3977,46733,56.6,12224,entertainment,21694
synthetic_train_00977,2025-02-09T00:57:36Z,961,15029,52.63,1068,10757,50.55,1288,16019,53.57,14825,gaming,7590
synthetic_train_00978,2025-02-09T01:55:12Z,4518,56051,54.15,5205,44365,55.99,5966,72253,57.46,32012,gaming,38747
synthetic_train_00979,2025-02-09T02:52:48Z,872,10203,51.99,687,11995,48.92,853,13732,54,12517,gaming,5657
synthetic_train_00980,2025-02-09T03:50:23Z,12701,154378,58.33,16726,179282,59.72,22379,340422,60.66,76493,gaming,137594
synthetic_train_00981,2025-02-09T04:48:00Z,11271,139809,42.61,8154,109767,44.69,5453,70643,46.27,21039,gaming,43680
synthetic_train_00982,2025-02-09T05:45:36Z,2441,25647,54.39,3809,48654,55.62,5174,52334,57.62,15872,education,38453
synthetic_train_00983,2025-02-09T06:43:11Z,23847,380358,33.2,27756,384760,35.87,34589,478312,36.74,64476,gaming,268097
synthetic_train_00984,2025-02-09T07:40:48Z,32869,383851,64.3,35065,409401,69.41,31946,345008,67.65,85945,lifestyle,236960
synthetic_train_00985,2025-02-09T08:38:24Z,5043,50729,83.35,7356,67868,82.93,10114,105819,86.81,20407,entertainment,66384
synthetic_train_00986,2025-02-09T09:36:00Z,9854,101266,54.96,12243,125816,58.73,18384,180307,56.99,29762,gaming,103301
synthetic_train_00987,2025-02-09T10:33:36Z,5258,52525,64.45,6693,61419,68.44,7516,76672,65.32,15381,gaming,60313
synthetic_train_00988,2025-02-09T11:31:12Z,16133,165872,46.53,25141,357227,44.71,33235,440188,47.3,69868,education,216883
synthetic_train_00989,2025-02-09T12:28:47Z,29646,537373,44.6,29234,327822,49.46,29550,377628,48.83,35027,gaming,188626
synthetic_train_00990,2025-02-09T13:26:24Z,9105,151784,37.37,8918,132531,44,8438,122496,43.14,55537,gaming,47983
synthetic_train_00991,2025-02-09T14:24:00Z,11929,137208,69.17,9636,109972,73.72,8863,120119,72.07,46697,gaming,63989
synthetic_train_00992,2025-02-09T15:21:36Z,9243,121492,46.72,16280,176174,48.02,22882,256137,54.65,78674,lifestyle,159307
synthetic_train_00993,2025-02-09T16:19:12Z,7273,89054,42.95,9463,123075,46.82,9549,124399,46.01,61470,education,73784
synthetic_train_00994,2025-02-09T17:16:48Z,30679,365817,41.84,33162,588092,45.45,34720,505176,45.12,50599,entertainment,203865
synthetic_train_00995,2025-02-09T18:14:24Z,2518,32059,44.44,2139,24928,46.16,1798,22401,47.46,13730,entertainment,10220
synthetic_train_00996,2025-02-09T19:11:59Z,5475,52239,65.36,8138,83590,69.25,13159,164006,72.02,17185,entertainment,77333
synthetic_train_00997,2025-02-09T20:09:36Z,2459,28241,63.41,3065,37055,60.74,4462,40624,65.96,21901,gaming,26478
synthetic_train_00998,2025-02-09T21:07:11Z,12672,226874,26.6,10747,176136,31.82,11164,157846,29.04,31700,gaming,66381
synthetic_train_00999,2025-02-09T22:04:48Z,2835,37116,51.1,2634,33841,54.78,2178,31664,52.15,12690,entertainment,14389
synthetic_train_01000,2025-02-09T23:02:24Z,2384,26359,60.51,3407,30290,64.5,6119,58128,62.27,11489,gaming,32830
synthetic_train_01001,2025-02-10T00:00:00Z,1196,23589,47.26,1183,15352,51.85,1428,15575,50.09,16646,lifestyle,8096
synthetic_train_01002,2025-02-10T00:57:36Z,7803,101044,52.62,7818,102792,52.63,9491,111596,56.3,85030,lifestyle,66016
synthetic_train_01003,2025-02-10T01:55:12Z,5945,59114,56.14,5648,66266,55.16,5581,62136,53.89,78568,entertainment,37636
synthetic_train_01004,2025-02-10T02:52:48Z,12401,114279,67.02,16205,171265,65.62,22785,251427,65.66,64351,education,186942
synthetic_train_01005,2025-02-10T03:50:23Z,6632,96629,37.51,4593,102309,40.26,2905,49716,37.45,23115,gaming,21867
synthetic_train_01006,2025-02-10T04:48:00Z,4430,38792,66.98,6910,74084,69.65,7451,68688,72.94,41392,entertainment,67814
synthetic_train_01007,2025-02-10T05:45:35Z,19941,324709,44.97,18382,272571,49.72,15501,184034,48.78,70246,lifestyle,100944
synthetic_train_01008,2025-02-10T06:43:12Z,3661,41901,40.29,3133,48736,37.67,2431,24660,40.75,22080,gaming,15494
synthetic_train_01009,2025-02-10T07:40:48Z,7519,127707,48.59,9571,127343,50.9,7788,117980,50.71,63020,lifestyle,59622
synthetic_train_01010,2025-02-10T08:38:24Z,5671,61019,62.96,6912,71917,61.86,6948,91643,62.49,16250,gaming,46316
synthetic_train_01011,2025-02-10T09:36:00Z,7423,84098,53.64,9145,113435,56.44,15894,171049,58.05,30443,lifestyle,79442
synthetic_train_01012,2025-02-10T10:33:36Z,3771,58430,38.23,3854,44324,43.36,4975,71728,39.37,13961,entertainment,25344
synthetic_train_01013,2025-02-10T11:31:11Z,5607,68429,57.49,6133,84303,52.69,6713,86245,58.08,70069,lifestyle,47169
synthetic_train_01014,2025-02-10T12:28:48Z,27494,443659,49.78,22778,316114,52.72,23914,303278,56.42,36909,entertainment,127511
synthetic_train_01015,2025-02-10T13:26:24Z,7888,102900,53.07,7576,78631,52.03,5919,67537,53.81,51483,gaming,47250
synthetic_train_01016,2025-02-10T14:24:00Z,5193,78183,45.41,5173,69950,44.02,4336,60195,51.19,31005,entertainment,30394
synthetic_train_01017,2025-02-10T15:21:36Z,6506,64943,56.81,5704,68460,57.43,5340,60595,55.45,19637,education,33266
synthetic_train_01018,2025-02-10T16:19:12Z,3280,37030,75.65,3066,31458,80.81,2892,28042,81.25,86501,entertainment,24485
synthetic_train_01019,2025-02-10T17:16:48Z,4082,84022,30.38,3408,44189,30.19,3460,82550,34.29,10100,gaming,20472
synthetic_train_01020,2025-02-10T18:14:24Z,15321,278827,35.35,14149,227636,41.22,15460,180942,40.07,44962,gaming,85647
synthetic_train_01021,2025-02-10T19:12:00Z,8073,97858,55.71,7981,93436,54.88,5294,64184,56.48,39295,gaming,46387
synthetic_train_01022,2025-02-10T20:09:35Z,4275,68739,29.67,4044,71869,31.7,2777,43668,33.93,14282,lifestyle,17355
synthetic_train_01023,2025-02-10T21:07:12Z,5383,71083,38.73,4347,63224,38.6,4182,62234,41.64,38867,education,23869
synthetic_train_01024,2025-02-10T22:04:48Z,2030,23634,55.77,2445,27829,58.01,4105,51858,58.28,11892,lifestyle,24450
synthetic_train_01025,2025-02-10T23:02:24Z,2012,27880,56.73,2473,24628,60.14,2230,27705,64.27,11223,gaming,18112
synthetic_train_01026,2025-02-11T00:00:00Z,13336,169235,43.19,13152,147332,44.87,14625,197667,47.66,66872,lifestyle,96777
synthetic_train_01027,2025-02-11T00:57:36Z,8923,110479,50.34,6343,71503,50.44,5430,57279,51.45,43436,entertainment,35214
synthetic_train_01028,2025-02-11T01:55:12Z,8542,115472,32.96,6714,79187,35.05,7017,108163,38.48,37069,lifestyle,42357
synthetic_train_01029,2025-02-11T02:52:48Z,20053,243765,54.17,28323,296739,54.74,30752,278676,60.08,99403,entertainment,199351
synthetic_train_01030,2025-02-11T03:50:24Z,7971,126631,39.27,8245,101933,40.74,9124,108100,39.21,32445,entertainment,57612
synthetic_train_01031,2025-02-11T04:47:59Z,1392,14503,60.96,1334,13646,60.64,1344,15226,67.16,28150,entertainment,7869
synthetic_train_01032,2025-02-11T05:45:36Z,14542,244030,32.76,17774,206010,38.77,20881,369657,37.03,31348,gaming,126050
synthetic_train_01033,2025-02-11T06:43:11Z,42184,570987,53.98,51594,652608,55.47,54010,688193,52.94,99257,gaming,342997
synthetic_train_01034,2025-02-11T07:40:48Z,5992,65992,52.98,7154,80557,60.09,6998,88199,58.48,83331,entertainment,51082
synthetic_train_01035,2025-02-11T08:38:24Z,18231,212078,48.06,15388,197337,49.02,15416,186875,50.12,43873,gaming,98430
synthetic_train_01036,2025-02-11T09:36:00Z,6202,87811,32.11,5409,77033,38.46,4684,75698,35.11,90829,gaming,30550
synthetic_train_01037,2025-02-11T10:33:36Z,2520,33034,63.54,2697,31960,63.6,3148,32201,69.46,10470,entertainment,18002
synthetic_train_01038,2025-02-11T11:31:12Z,1028,16348,48.4,1124,12613,52.21,1415,16630,53.82,12460,entertainment,7754
synthetic_train_01039,2025-02-11T12:28:47Z,4239,51149,51.66,4270,50944,52.99,4433,52149,51.2,21808,gaming,31902
synthetic_train_01040,2025-02-11T13:26:24Z,23182,262733,58.5,18502,214520,58.53,18289,199758,60.95,96200,lifestyle,118014
synthetic_train_01041,2025-02-11T14:24:00Z,3996,49062,63.08,5291,59895,62.87,7700,91194,62.84,43378,lifestyle,53003
synthetic_train_01042,2025-02-11T15:21:36Z,6338,61887,59.98,6771,90781,62.04,5997,66278,58.77,39548,education,50319
synthetic_train_01043,2025-02-11T16:19:12Z,8000,102801,27.89,9932,138412,28.85,11728,166986,28.86,22578,education,70993
synthetic_train_01044,2025-02-11T17:16:48Z,9716,106694,66.37,12604,153836,66.71,14190,142036,68.7,51694,entertainment,96508
synthetic_train_01045,2025-02-11T18:14:24Z,4354,42581,71.99,5661,59292,77.08,6936,59676,75.41,16042,education,49178
synthetic_train_01046,2025-02-11T19:11:59Z,8330,81926,71.95,7531,63015,72.84,10890,120987,73.01,49593,entertainment,60911
synthetic_train_01047,2025-02-11T20:09:36Z,7264,65190,48.71,7438,85714,48.39,7062,82368,47.91,24117,education,57081
synthetic_train_01048,2025-02-11T21:07:11Z,5707,73367,51.13,4688,56484,49.19,4223,44138,52.51,39189,education,28109
synthetic_train_01049,2025-02-11T22:04:48Z,1741,28319,48.75,2460,34556,53.43,3497,39721,50.34,11325,entertainment,18591
synthetic_train_01050,2025-02-11T23:02:24Z,3116,33782,69.66,4547,45503,66.38,6448,65016,71.12,35953,entertainment,41375
synthetic_train_01051,2025-02-12T00:00:00Z,3796,47207,48.79,3089,33784,48.6,3612,38306,53.5,15373,entertainment,19497
synthetic_train_01052,2025-02-12T00:57:36Z,27380,342499,50.02,26737,338109,54.62,36736,609338,51.27,35953,gaming,196811
synthetic_train_01053,2025-02-12T01:55:12Z,4660,55560,58.6,5502,76161,61.46,5810,61718,60.76,47300,education,50344
synthetic_train_01054,2025-02-12T02:52:48Z,14737,197908,50.89,12893,141686,56.27,15804,165394,55.56,26694,entertainment,90613
synthetic_train_01055,2025-02-12T03:50:23Z,11551,184244,39.07,13852,195954,41.03,19788,267022,44.99,60831,gaming,103748
synthetic_train_01056,2025-02-12T04:48:00Z,851,10540,51.53,765,6971,53.32,816,9110,51.16,16267,entertainment,4225
synthetic_train_01057,2025-02-12T05:45:35Z,27099,307183,49.55,32372,408587,52.68,52929,637925,56.22,80836,gaming,302212
synthetic_train_01058,2025-02-12T06:43:12Z,37762,480509,53.45,38072,536752,51.66,45596,526034,53.73,67035,lifestyle,247537
synthetic_train_01059,2025-02-12T07:40:48Z,8944,135269,45.61,7485,91858,40.41,5828,80528,46.36,43047,entertainment,35395
synthetic_train_01060,2025-02-12T08:38:24Z,13407,157731,63.82,12119,118282,64.87,8564,88986,64.96,10821,entertainment,63768
synthetic_train_01061,2025-02-12T09:36:00Z,2232,30513,36.79,2822,54986,36.91,3953,52296,34.01,13437,gaming,17649
synthetic_train_01062,2025-02-12T10:33:36Z,50132,864732,43.11,48385,671610,44.71,43936,571855,44.45,53981,lifestyle,289276
synthetic_train_01063,2025-02-12T11:31:11Z,17642,183298,63.09,29517,294680,64.38,42871,411393,65.07,66931,lifestyle,313458
synthetic_train_01064,2025-02-12T12:28:48Z,17413,225953,55.65,17169,197696,58.54,19617,241862,52.94,35551,entertainment,105109
synthetic_train_01065,2025-02-12T13:26:24Z,6740,80833,66.64,5825,60010,67.75,5543,57838,68.18,27327,gaming,36186
synthetic_train_01066,2025-02-12T14:23:59Z,15897,191341,50.88,15499,179219,48.9,17948,268312,52.51,58426,lifestyle,119745
synthetic_train_01067,2025-02-12T15:21:36Z,6848,87321,49.82,6893,92604,47.5,9166,105520,50,18448,entertainment,43215
synthetic_train_01068,2025-02-12T16:19:12Z,8220,93099,60.23,7365,82563,56.79,5921,69645,59.49,33607,lifestyle,46875
synthetic_train_01069,2025-02-12T17:16:48Z,11635,113735,67.87,12937,132814,67.77,11661,121166,69.83,69710,lifestyle,83800
synthetic_train_01070,2025-02-12T18:14:24Z,5713,67379,65.21,4546,49997,63.17,3815,48698,65.42,24253,gaming,29099
synthetic_train_01071,2025-02-12T19:12:00Z,10746,124304,69.5,10047,108272,73.51,10748,111956,77.19,73547,lifestyle,86621
synthetic_train_01072,2025-02-12T20:09:35Z,4205,70152,36.75,4312,58965,39.47,4879,68404,39.09,14230,lifestyle,25679
synthetic_train_01073,2025-02-12T21:07:12Z,2577,29931,50.06,3938,48035,45.07,4929,65527,46.85,28695,gaming,32781
synthetic_train_01074,2025-02-12T22:04:48Z,1387,14290,58.4,1668,18865,61.68,1577,15193,61.47,11550,gaming,11934
synthetic_train_01075,2025-02-12T23:02:24Z,24694,357446,61.99,32868,316096,62.89,50397,610481,60.83,53894,gaming,361720
synthetic_train_01076,2025-02-13T00:00:00Z,2267,37892,36.97,2423,39763,33.35,1878,28179,41.12,17282,gaming,11399
synthetic_train_01077,2025-02-13T00:57:36Z,5932,61588,56.09,4163,36230,57.8,4965,74545,55.28,47389,education,39465
synthetic_train_01078,2025-02-13T01:55:12Z,16642,234566,36.8,25463,313284,44.5,35813,517899,39.37,30474,gaming,198753
synthetic_train_01079,2025-02-13T02:52:48Z,2129,23570,46.35,2906,45884,48.18,3573,53457,45.27,22121,education,22715
synthetic_train_01080,2025-02-13T03:50:24Z,7847,81719,50.61,8211,109949,56.96,7961,96898,57.14,24425,entertainment,43586
synthetic_train_01081,2025-02-13T04:47:59Z,4398,70844,43.62,5068,72913,46.97,4642,65670,48.04,23233,education,29870
synthetic_train_01082,2025-02-13T05:45:36Z,5270,61361,46.3,5629,65091,50.25,6108,86738,54.03,53485,education,44969
synthetic_train_01083,2025-02-13T06:43:12Z,9228,177308,36.07,12235,158001,39.35,11474,140492,40.51,57237,entertainment,58827
synthetic_train_01084,2025-02-13T07:40:48Z,10926,100305,73.35,9860,104197,70.11,10865,119142,74.8,15899,gaming,88361
synthetic_train_01085,2025-02-13T08:38:24Z,936,13548,42.25,578,7180,41.55,369,5966,37.97,11466,entertainment,2901
synthetic_train_01086,2025-02-13T09:36:00Z,6425,78121,48.93,5288,72868,51.04,4648,47291,47.7,28699,gaming,27237
synthetic_train_01087,2025-02-13T10:33:36Z,22387,278242,61.26,28327,272292,65.01,39161,393323,70.36,59752,education,330317
synthetic_train_01088,2025-02-13T11:31:12Z,4185,61374,54.64,5496,51230,57.26,8052,111589,56.3,28340,gaming,56450
synthetic_train_01089,2025-02-13T12:28:48Z,1657,14663,66.45,1559,16803,68.46,1494,14894,70.04,13632,gaming,10099
synthetic_train_01090,2025-02-13T13:26:24Z,2380,28283,60.95,2182,27471,60.5,1824,19632,66.5,12757,lifestyle,11379
synthetic_train_01091,2025-02-13T14:24:00Z,6302,71507,60.52,5798,62375,63.19,6571,74160,64.65,14106,gaming,38283
synthetic_train_01092,2025-02-13T15:21:36Z,6184,72209,57.8,5729,61393,62.71,6366,77677,63.87,19030,gaming,42726
synthetic_train_01093,2025-02-13T16:19:12Z,8322,100499,54.7,9192,106478,57.07,8200,86653,59.82,10153,education,53732
synthetic_train_01094,2025-02-13T17:16:48Z,6116,69205,43.48,7524,123042,41.25,11971,190917,47.25,11556,education,54692
synthetic_train_01095,2025-02-13T18:14:24Z,17351,254601,31.65,20824,327142,34.79,25114,402220,35.31,56926,entertainment,129266
synthetic_train_01096,2025-02-13T19:11:59Z,4534,62213,63.42,5117,53675,71,5245,49958,69.39,23587,education,38634
synthetic_train_01097,2025-02-13T20:09:36Z,7858,114056,39.26,6930,99256,38.87,5750,66056,42.96,20618,entertainment,34068
synthetic_train_01098,2025-02-13T21:07:11Z,7545,91265,49.35,6562,79542,52.38,4857,50760,50.8,73353,lifestyle,38783
synthetic_train_01099,2025-02-13T22:04:48Z,3461,47648,44.52,5491,64804,38.56,5330,69999,43.76,61646,education,41297
synthetic_train_01100,2025-02-13T23:02:24Z,2296,22764,73.1,3800,41265,71.31,5030,52279,75.47,14508,gaming,44843
synthetic_train_01101,2025-02-14T00:00:00Z,6843,78827,54.06,8675,116711,53.14,7263,145860,56.19,12806,lifestyle,52588
synthetic_train_01102,2025-02-14T00:57:36Z,7409,142043,21.98,6301,102031,23.02,4061,70047,26.81,24158,lifestyle,25429
synthetic_train_01103,2025-02-14T01:55:12Z,15730,185402,56.34,18295,187474,52.64,18496,196113,53.34,89933,gaming,118152
synthetic_train_01104,2025-02-14T02:52:48Z,3973,49702,64.89,4398,61402,68.99,6122,72693,68.44,10058,lifestyle,33475
synthetic_train_01105,2025-02-14T03:50:23Z,1625,20796,64.08,1999,21763,66.12,2038,16460,69.19,10827,education,13363
synthetic_train_01106,2025-02-14T04:48:00Z,1822,33756,52.13,1634,23573,53.68,1762,27896,60.14,10131,entertainment,9909
synthetic_train_01107,2025-02-14T05:45:35Z,4147,43791,59.16,5411,57310,60.32,9717,106568,60,43699,entertainment,49387
synthetic_train_01108,2025-02-14T06:43:12Z,7145,90368,39.12,5475,65242,44.87,5063,71276,47.37,23218,lifestyle,34425
synthetic_train_01109,2025-02-14T07:40:48Z,6535,87323,28.72,6891,119446,32.05,11445,166975,34.8,33900,gaming,71716
synthetic_train_01110,2025-02-14T08:38:24Z,40886,486410,53.66,43919,620510,50.76,49650,579677,56.18,67784,lifestyle,394625
synthetic_train_01111,2025-02-14T09:36:00Z,3089,48787,40.75,3291,45815,43.35,3082,38433,48.55,13260,gaming,20095
synthetic_train_01112,2025-02-14T10:33:36Z,4977,61218,48.29,4156,47103,47.88,3133,36113,49.18,10566,lifestyle,19383
synthetic_train_01113,2025-02-14T11:31:11Z,2412,24762,61.15,1845,21845,58.43,1955,24287,56.42,10063,entertainment,11046
synthetic_train_01114,2025-02-14T12:28:47Z,13744,160759,63.5,17976,186921,61.46,17006,169287,65.32,71279,gaming,148231
synthetic_train_01115,2025-02-14T13:26:24Z,26904,300326,72.51,29345,329453,69.37,41355,427460,66.61,55023,lifestyle,289363
synthetic_train_01116,2025-02-14T14:23:59Z,7345,116920,29.83,6685,141772,29.23,6997,92554,28.72,17306,gaming,37887
synthetic_train_01117,2025-02-14T15:21:36Z,2929,34298,44.14,4218,55267,47.55,4612,61525,46.29,10506,gaming,27021
synthetic_train_01118,2025-02-14T16:19:12Z,3631,42961,50.92,3415,54578,50.36,2450,27157,53.45,14048,education,16986
synthetic_train_01119,2025-02-14T17:16:48Z,1989,31738,30.62,2088,36581,33.81,2391,33900,31.07,12294,gaming,13927
synthetic_train_01120,2025-02-14T18:14:24Z,15358,214339,29.01,21208,313219,24.45,29392,353603,28.3,88512,gaming,185244
synthetic_train_01121,2025-02-14T19:12:00Z,4441,64782,46.02,4628,55279,48.86,4335,46232,47.15,31944,entertainment,25683
synthetic_train_01122,2025-02-14T20:09:35Z,2041,30764,50.29,1813,20686,52.09,1574,23661,49.56,11536,education,12374
synthetic_train_01123,2025-02-14T21:07:12Z,1641,14964,40.76,1351,19654,41.7,941,14402,44.28,16131,gaming,6830
synthetic_train_01124,2025-02-14T22:04:48Z,9798,119937,50.26,8690,127604,53,9113,106287,56.57,89716,lifestyle,68446
synthetic_train_01125,2025-02-14T23:02:24Z,57899,664722,56.97,47966,668272,56.34,48233,495686,60.14,80482,entertainment,374172
synthetic_train_01126,2025-02-15T00:00:00Z,28289,435532,47.63,37850,396780,49.75,57529,689808,48.69,25190,gaming,307073
synthetic_train_01127,2025-02-15T00:57:36Z,7948,105790,47.84,10972,112594,49.3,11806,116550,54.29,57806,education,88091
synthetic_train_01128,2025-02-15T01:55:12Z,4542,46847,51.19,4074,54569,52.07,2568,31382,53.4,12885,gaming,17817
synthetic_train_01129,2025-02-15T02:52:48Z,8349,83547,60.9,10171,112015,63.78,11057,141508,65.14,25303,lifestyle,84989
synthetic_train_01130,2025-02-15T03:50:24Z,10817,161357,33.57,9934,170270,36.18,6816,71576,37.06,41273,lifestyle,44851
synthetic_train_01131,2025-02-15T04:47:59Z,2046,25419,64.21,2158,23010,63.38,1568,16216,64.89,17279,lifestyle,10443
synthetic_train_01132,2025-02-15T05:45:36Z,3505,39407,62.65,4758,44475,62.66,4741,51918,66.33,32523,entertainment,31870
synthetic_train_01133,2025-02-15T06:43:12Z,2838,40772,41.49,2642,32525,50.46,1987,27239,47.73,12181,gaming,15135
synthetic_train_01134,2025-02-15T07:40:48Z,26623,331894,47.05,22784,275861,46.63,20443,183546,47.46,97464,education,122362
synthetic_train_01135,2025-02-15T08:38:24Z,1880,22400,59.79,2419,27110,64.69,2662,30901,61.78,13308,education,24969
synthetic_train_01136,2025-02-15T09:36:00Z,20670,283799,59.63,22801,259726,66.47,32660,330290,64.37,47808,entertainment,203439
synthetic_train_01137,2025-02-15T10:33:36Z,5135,69975,60.31,5631,55782,61.47,7389,83874,61.25,13831,lifestyle,46245
synthetic_train_01138,2025-02-15T11:31:12Z,48336,502812,63.94,62708,779185,62.55,65184,616344,65.29,66797,lifestyle,503958
synthetic_train_01139,2025-02-15T12:28:48Z,2233,29636,47.08,1874,29468,54.44,1547,15383,53.57,12703,lifestyle,9730
synthetic_train_01140,2025-02-15T13:26:23Z,21012,278391,49.63,24780,296443,47.53,29844,423439,49.69,55794,lifestyle,202103
synthetic_train_01141,2025-02-15T14:24:00Z,3702,56472,31.14,3555,43204,32.71,4668,71784,37.37,11022,education,27725
synthetic_train_01142,2025-02-15T15:21:36Z,4464,59648,38.51,4144,47060,37.8,4665,54351,41.57,43194,lifestyle,22656
synthetic_train_01143,2025-02-15T16:19:12Z,3719,62129,46.56,3179,37868,47.7,3244,56333,48.8,17338,education,20521
synthetic_train_01144,2025-02-15T17:16:48Z,10307,103743,62.13,10078,123048,63.51,12960,118075,65.86,44645,education,93858
synthetic_train_01145,2025-02-15T18:14:24Z,15382,196677,39.28,19256,220432,39.43,19747,201814,43.02,54613,entertainment,116279
synthetic_train_01146,2025-02-15T19:11:59Z,4706,62979,60.67,6753,66778,66.6,10408,119947,64.87,21298,entertainment,75378
synthetic_train_01147,2025-02-15T20:09:36Z,1772,16352,68.92,1490,14118,69.29,1263,11078,71.66,14414,gaming,7878
synthetic_train_01148,2025-02-15T21:07:12Z,2684,33458,49.49,2815,29344,54.18,2557,32552,51.3,20637,education,17304
synthetic_train_01149,2025-02-15T22:04:48Z,17504,221583,42.31,21419,311763,42.69,19738,257971,44.63,68292,entertainment,118316
synthetic_train_01150,2025-02-15T23:02:24Z,4866,58605,50.23,5339,57108,55.59,8286,96578,51.58,24778,entertainment,43429
synthetic_train_01151,2025-02-16T00:00:00Z,2978,29618,67.19,2864,40842,67.83,2564,28642,69.63,17685,lifestyle,18491
synthetic_train_01152,2025-02-16T00:57:36Z,7986,85319,47.89,11795,133339,51.44,24520,261962,53.46,69748,education,144752
synthetic_train_01153,2025-02-16T01:55:12Z,5132,69263,55.18,7183,81585,53.54,7123,79873,61.33,61739,gaming,50057
synthetic_train_01154,2025-02-16T02:52:48Z,13131,186678,27.6,10582,161554,32.82,8854,117011,34.24,12405,gaming,57013
synthetic_train_01155,2025-02-16T03:50:23Z,36406,456000,40.3,25061,250816,43.14,19732,223046,42.1,67946,education,161699
synthetic_train_01156,2025-02-16T04:48:00Z,8958,119244,23.89,8469,106379,24.34,8703,120056,27.32,50471,education,55192
synthetic_train_01157,2025-02-16T05:45:36Z,1840,16321,71.5,1419,15191,73.53,1180,9194,73.71,12563,entertainment,7506
synthetic_train_01158,2025-02-16T06:43:12Z,18209,200319,61.84,14809,151753,62.92,18756,167642,64.31,44258,entertainment,109130
synthetic_train_01159,2025-02-16T07:40:48Z,10095,86175,74.44,10006,108328,75.78,10184,92062,79.19,23391,gaming,84097
synthetic_train_01160,2025-02-16T08:38:24Z,15752,161228,58.07,17437,188267,62.72,22277,204002,64.82,81571,lifestyle,140985
synthetic_train_01161,2025-02-16T09:36:00Z,2094,25392,54.24,2952,30893,57.76,3557,43087,56.99,29976,education,22444
synthetic_train_01162,2025-02-16T10:33:36Z,5680,85287,48.4,5781,61080,53.07,5450,75376,50.77,26050,lifestyle,38569
synthetic_train_01163,2025-02-16T11:31:11Z,9573,120623,48.78,8220,123490,50.5,7024,95976,50.77,42879,gaming,50435
synthetic_train_01164,2025-02-16T12:28:47Z,1603,20519,23.75,1312,26627,24.8,1023,19827,25.89,16851,entertainment,6068
synthetic_train_01165,2025-02-16T13:26:24Z,2139,25925,36.94,1714,19336,39.42,1540,20076,42.75,11262,lifestyle,9043
synthetic_train_01166,2025-02-16T14:23:59Z,3999,56685,47.85,3193,46387,51.21,2350,37768,53.55,12606,education,18951
synthetic_train_01167,2025-02-16T15:21:36Z,33101,376925,52.03,59000,608666,56.51,69927,694421,58.01,79541,entertainment,430722
synthetic_train_01168,2025-02-16T16:19:12Z,2529,28096,66.89,3409,35619,70.35,3782,39195,71.91,21511,entertainment,21139
synthetic_train_01169,2025-02-16T17:16:48Z,4780,60876,55.63,6382,61755,59.98,9334,102269,62.49,35500,lifestyle,58708
synthetic_train_01170,2025-02-16T18:14:24Z,37038,413599,56.53,36562,371250,60.19,32013,318036,62.91,82864,education,270959
synthetic_train_01171,2025-02-16T19:12:00Z,1866,26172,51.38,2091,30787,50.05,2470,30960,53.06,13974,gaming,12588
synthetic_train_01172,2025-02-16T20:09:35Z,960,9779,65.82,1638,14972,72.12,2460,27798,68.89,10673,gaming,18344
synthetic_train_01173,2025-02-16T21:07:12Z,28579,311143,55.93,23825,266491,53.24,19491,242781,54.58,30572,education,151335
synthetic_train_01174,2025-02-16T22:04:48Z,27842,367011,54.4,25820,368349,54.32,20407,204997,60.17,62411,gaming,154287
synthetic_train_01175,2025-02-16T23:02:23Z,4093,47032,68.19,3668,36233,69.62,4090,45294,75.66,16504,lifestyle,29400
synthetic_train_01176,2025-02-17T00:00:00Z,14999,199103,57.27,7928,81074,55.49,5860,67893,55.74,25937,lifestyle,52906
synthetic_train_01177,2025-02-17T00:57:36Z,3671,60521,45.14,4572,59999,45.93,5595,63084,46.29,22044,education,31158
synthetic_train_01178,2025-02-17T01:55:12Z,4291,51701,56.12,3148,37306,57.89,2525,31852,59.4,35714,entertainment,16822
synthetic_train_01179,2025-02-17T02:52:48Z,2788,33785,58.67,5009,64188,59.77,6319,55830,64.05,10860,gaming,39693
synthetic_train_01180,2025-02-17T03:50:24Z,375,5030,60.66,496,5278,60.48,601,7574,62.33,11999,education,4301
synthetic_train_01181,2025-02-17T04:47:59Z,16277,184673,42.21,12362,127628,42.43,8604,114348,48.7,59108,education,75789
synthetic_train_01182,2025-02-17T05:45:36Z,5724,64047,63.18,4759,43623,64.2,4539,61339,61.68,12464,lifestyle,31323
synthetic_train_01183,2025-02-17T06:43:12Z,16222,196432,44.28,18099,319007,46.23,18745,219107,46.55,59362,education,140284
synthetic_train_01184,2025-02-17T07:40:48Z,2326,35625,27.5,3095,40881,33.29,3675,61720,31.86,19518,education,21444
synthetic_train_01185,2025-02-17T08:38:24Z,19915,296826,36.45,25473,353073,40.45,28685,337195,42.44,58413,gaming,169387
synthetic_train_01186,2025-02-17T09:36:00Z,27232,338732,38.51,38325,427175,46.31,48716,605778,45.58,39707,entertainment,250294
synthetic_train_01187,2025-02-17T10:33:36Z,1998,23563,68.43,2470,31383,65.63,2108,16852,68.45,11126,entertainment,11903
synthetic_train_01188,2025-02-17T11:31:11Z,2238,29192,55.82,2941,33047,57.19,3955,47695,56.86,15080,gaming,24746
synthetic_train_01189,2025-02-17T12:28:48Z,29613,298151,72.91,48448,431705,79.57,58772,654333,79.31,72472,lifestyle,435126
synthetic_train_01190,2025-02-17T13:26:23Z,30552,373180,54.09,40168,442979,55.44,60797,863152,59.1,49605,entertainment,284812
synthetic_train_01191,2025-02-17T14:24:00Z,1995,25317,64.85,1898,18092,65.36,1810,15871,69.39,12589,entertainment,12850
synthetic_train_01192,2025-02-17T15:21:36Z,61377,1005035,33.46,42765,703840,40.31,31960,373278,41.03,84230,lifestyle,216700
synthetic_train_01193,2025-02-17T16:19:12Z,6852,70172,56.36,8366,89532,60.76,12877,125266,61.04,20348,gaming,77470
synthetic_train_01194,2025-02-17T17:16:48Z,4311,48134,73.4,5406,60259,69.27,4531,51093,75.81,46159,education,44990
synthetic_train_01195,2025-02-17T18:14:24Z,5365,56463,49.74,6088,58051,54.28,6874,80870,57.56,99427,lifestyle,63018
synthetic_train_01196,2025-02-17T19:11:59Z,16141,178873,42.7,24179,301726,39.81,31380,369464,41.96,89811,education,208635
synthetic_train_01197,2025-02-17T20:09:36Z,4312,51584,52.06,5185,56260,52.78,5964,80737,56.32,18994,gaming,49414
synthetic_train_01198,2025-02-17T21:07:12Z,9389,189992,28.72,6868,132095,33.63,6421,157756,32.86,41369,lifestyle,38041
synthetic_train_01199,2025-02-17T22:04:48Z,18036,215749,61.45,22301,259360,61.01,23226,253186,62.48,64089,lifestyle,174436
synthetic_train_01200,2025-02-17T23:02:24Z,2381,21107,62.65,3284,41166,64.02,4030,44989,63.4,12895,education,26576
synthetic_train_01201,2025-02-18T00:00:00Z,6015,106715,38.17,6808,93103,39.59,6982,113431,40.28,10867,gaming,35902
synthetic_train_01202,2025-02-18T00:57:36Z,14022,233773,41.2,22514,285239,44.55,37533,667965,44.73,48407,gaming,236954
synthetic_train_01203,2025-02-18T01:55:12Z,15252,245739,35.52,11772,166926,34.29,8512,148987,38.61,61395,lifestyle,55340
synthetic_train_01204,2025-02-18T02:52:48Z,10711,117215,67.06,8675,79793,64.75,8503,73459,69.25,72343,education,76916
synthetic_train_01205,2025-02-18T03:50:23Z,876,8369,61.44,1119,10760,64.46,1225,11978,63.68,13577,gaming,8818
synthetic_train_01206,2025-02-18T04:48:00Z,833,11210,64.51,771,7727,69.95,594,5786,72.17,16184,lifestyle,4403
synthetic_train_01207,2025-02-18T05:45:36Z,11267,124259,56.34,17584,224077,55.34,24710,287163,61.16,38171,entertainment,131926
synthetic_train_01208,2025-02-18T06:43:12Z,7387,100718,65.22,10737,138112,63.75,13619,157642,68.35,29158,education,96816
synthetic_train_01209,2025-02-18T07:40:48Z,31116,385080,49.53,44750,438747,51.43,69223,883359,55.46,39277,entertainment,442043
synthetic_train_01210,2025-02-18T08:38:24Z,5671,88697,44.69,4765,62940,46.87,3629,44078,41.05,84112,lifestyle,28384
synthetic_train_01211,2025-02-18T09:36:00Z,3558,61437,39.41,3063,36486,40.51,2371,29568,41.38,24840,gaming,14768
synthetic_train_01212,2025-02-18T10:33:36Z,6108,81541,51.68,4597,72991,49.67,4405,48598,50.98,15142,education,29850
synthetic_train_01213,2025-02-18T11:31:12Z,2859,32081,58.91,3280,35616,58.04,3608,30971,67.59,12785,education,28679
synthetic_train_01214,2025-02-18T12:28:47Z,8808,108844,57.49,8208,93873,58.14,6999,64571,62.56,14154,lifestyle,50286
synthetic_train_01215,2025-02-18T13:26:24Z,2683,28726,50.24,3578,39590,50.89,4258,52147,55.04,15518,lifestyle,24462
synthetic_train_01216,2025-02-18T14:24:00Z,4387,55581,48.55,3125,39468,47.93,2557,29966,47.84,27298,education,16678
synthetic_train_01217,2025-02-18T15:21:36Z,2679,32529,49.36,3485,48569,49.38,4142,44409,52,16057,education,26221
synthetic_train_01218,2025-02-18T16:19:12Z,14954,146086,60.31,12569,117990,62.36,8864,102511,60.16,94685,gaming,76765
synthetic_train_01219,2025-02-18T17:16:48Z,11962,163210,33.8,12473,155280,32.63,15324,209610,34.68,74753,entertainment,68530
synthetic_train_01220,2025-02-18T18:14:24Z,4861,53215,59.71,5489,65714,59.24,5792,63382,63.84,10650,entertainment,33476
synthetic_train_01221,2025-02-18T19:12:00Z,4025,47376,38.03,3229,40707,37.91,2451,29578,41.34,29000,lifestyle,14960
synthetic_train_01222,2025-02-18T20:09:36Z,2149,19870,71.79,2168,21828,71.14,2691,26366,70.4,28071,entertainment,18819
synthetic_train_01223,2025-02-18T21:07:12Z,4779,55126,51.78,4613,48248,49.35,3925,41100,54.72,30076,entertainment,30014
synthetic_train_01224,2025-02-18T22:04:48Z,2443,35632,40.9,2192,26739,42.38,1910,22833,43.41,19967,entertainment,12938
synthetic_train_01225,2025-02-18T23:02:23Z,8877,74616,53.9,8663,104424,51.47,9261,105705,51.07,46972,education,56483
synthetic_train_01226,2025-02-19T00:00:00Z,16515,208053,43.24,13636,216523,43.46,13211,182377,46.46,57473,education,88074
synthetic_train_01227,2025-02-19T00:57:36Z,7179,97750,35.52,6695,98019,42.51,7618,161307,36.27,22737,lifestyle,42387
synthetic_train_01228,2025-02-19T01:55:12Z,7907,117463,40.07,7359,80767,42.14,7270,84777,45.67,21916,entertainment,41333
synthetic_train_01229,2025-02-19T02:52:48Z,3718,33872,73.42,3879,31441,77.98,4411,45945,76.07,10967,gaming,39765
synthetic_train_01230,2025-02-19T03:50:24Z,27421,330437,67.65,24259,306658,68.06,25441,251422,70.96,27264,gaming,209900
synthetic_train_01231,2025-02-19T04:48:00Z,1269,16000,41.57,1645,20828,43.98,1566,17514,49.6,23234,entertainment,10143
synthetic_train_01232,2025-02-19T05:45:36Z,1597,15915,45.13,1686,20168,45.74,2290,32511,43.93,14494,lifestyle,13107
synthetic_train_01233,2025-02-19T06:43:12Z,8652,86225,69.66,10535,109706,71.45,10911,91752,73.42,23545,lifestyle,77879
synthetic_train_01234,2025-02-19T07:40:48Z,7633,84514,67.55,10283,114934,69.43,15435,176945,72.2,33328,gaming,101287
synthetic_train_01235,2025-02-19T08:38:24Z,2693,39151,40.48,2948,35197,41.27,3261,52190,43.37,11370,education,19215
synthetic_train_01236,2025-02-19T09:36:00Z,4265,42184,59.1,3080,27696,64.08,3531,45596,60.92,77327,lifestyle,22127
synthetic_train_01237,2025-02-19T10:33:36Z,2320,24972,57.83,1869,20906,59.86,1690,21458,64.41,18119,lifestyle,10976
synthetic_train_01238,2025-02-19T11:31:12Z,11831,110819,44.9,11218,177990,46.98,9324,110876,49.99,59612,education,70847
synthetic_train_01239,2025-02-19T12:28:48Z,23141,337438,31.79,27324,401686,37.79,35561,667122,41.51,71598,education,204707
synthetic_train_01240,2025-02-19T13:26:24Z,54739,539932,45.26,47783,579848,45.38,46198,540147,49.51,89274,entertainment,299051
synthetic_train_01241,2025-02-19T14:24:00Z,5587,60523,60.19,7463,87084,62.87,9581,82982,60.36,18335,lifestyle,61566
synthetic_train_01242,2025-02-19T15:21:36Z,4061,50915,34.63,4450,67109,36.03,4897,56261,40.49,69640,entertainment,24513
synthetic_train_01243,2025-02-19T16:19:12Z,9279,105315,70.21,10988,107215,67.36,15359,140275,69.85,18204,gaming,131648
synthetic_train_01244,2025-02-19T17:16:48Z,3115,32404,62.41,3818,49086,61.09,4613,53201,66.2,18456,gaming,28919
synthetic_train_01245,2025-02-19T18:14:24Z,5324,55164,64.94,4495,38915,71.02,4091,57885,68.99,12971,lifestyle,36645
synthetic_train_01246,2025-02-19T19:12:00Z,10779,113244,60.35,12240,124204,63.86,12718,128528,65.92,28715,gaming,87120
synthetic_train_01247,2025-02-19T20:09:36Z,1818,26919,62.09,1724,19026,71.2,2114,20043,68.84,10545,entertainment,11826
synthetic_train_01248,2025-02-19T21:07:12Z,5540,69797,58.73,4449,53916,59.13,3296,31449,61.39,26859,lifestyle,23242
synthetic_train_01249,2025-02-19T22:04:47Z,27312,373775,57.45,25964,277717,59.94,23839,262379,61.92,76117,gaming,156896
synthetic_train_01250,2025-02-19T23:02:24Z,8117,123008,47.4,6914,91218,47.45,6264,71389,49.8,42100,education,46416
synthetic_train_01251,2025-02-20T00:00:00Z,2712,31517,53.29,2148,26874,54.03,1800,20340,51.7,21750,education,11428
synthetic_train_01252,2025-02-20T00:57:36Z,5563,74707,38.76,6109,97628,41.44,8157,87960,40.24,79135,lifestyle,41698
synthetic_train_01253,2025-02-20T01:55:12Z,2750,34943,48.73,3232,44330,49.12,3607,48145,48.5,15108,gaming,21532
synthetic_train_01254,2025-02-20T02:52:48Z,38137,386090,68.4,42694,679670,68.37,42364,522939,72.85,63478,entertainment,283392
synthetic_train_01255,2025-02-20T03:50:24Z,741,8018,58.22,1317,14436,59.15,1413,14813,60.06,10646,lifestyle,9293
synthetic_train_01256,2025-02-20T04:48:00Z,12620,150871,27.78,10366,124902,31.41,12266,219593,32.78,15294,education,78758
synthetic_train_01257,2025-02-20T05:45:36Z,4459,57865,37.64,4554,82340,32.91,4689,69003,38.69,21885,entertainment,22725
synthetic_train_01258,2025-02-20T06:43:12Z,7334,66067,84.57,8102,67990,82.92,8704,76937,85.56,12585,lifestyle,70075
synthetic_train_01259,2025-02-20T07:40:48Z,6070,75953,35.97,5540,73892,37.15,6278,81496,37.67,54122,lifestyle,42985
synthetic_train_01260,2025-02-20T08:38:24Z,1631,25419,44.31,2396,26469,44.42,3011,37536,50.53,10898,education,19371
synthetic_train_01261,2025-02-20T09:36:00Z,8331,87967,68.1,7280,77010,66.58,7180,70207,70.59,40693,education,53377
synthetic_train_01262,2025-02-20T10:33:36Z,12001,188265,43.86,8695,111378,44.22,8119,129731,42.57,28559,gaming,49729
synthetic_train_01263,2025-02-20T11:31:12Z,3123,46716,55.23,2902,36035,54.21,3520,34970,60.37,12649,entertainment,20762
synthetic_train_01264,2025-02-20T12:28:48Z,11483,148887,38.37,14145,199779,35.75,15313,184018,41.15,42995,gaming,79690
synthetic_train_01265,2025-02-20T13:26:24Z,3556,40666,41.62,3118,46785,42.08,2483,33603,47.93,21433,lifestyle,17680
synthetic_train_01266,2025-02-20T14:24:00Z,25868,364126,58.21,17409,179762,61.27,19873,220915,62.5,67688,lifestyle,130820
synthetic_train_01267,2025-02-20T15:21:36Z,27502,343970,33.34,25894,575375,36.1,22402,375871,37.51,93685,lifestyle,133641
synthetic_train_01268,2025-02-20T16:19:12Z,9584,127472,55.71,6066,68964,56.08,5421,62618,58.38,58013,gaming,38372
synthetic_train_01269,2025-02-20T17:16:48Z,11093,219698,39.03,13648,211073,41.29,15898,244769,38.82,13638,education,88705
synthetic_train_01270,2025-02-20T18:14:24Z,19119,195520,45.36,14218,213507,48.81,13585,166632,51.85,24685,lifestyle,87463
synthetic_train_01271,2025-02-20T19:12:00Z,8831,104250,43.85,7149,81729,45.92,4519,57285,46.87,36351,lifestyle,33951
synthetic_train_01272,2025-02-20T20:09:36Z,5046,59631,53.83,5407,64957,56.84,5469,82577,61.39,10478,lifestyle,33553
synthetic_train_01273,2025-02-20T21:07:12Z,9669,135513,33.27,10879,153572,33.03,12225,186970,35.74,13309,lifestyle,60389
synthetic_train_01274,2025-02-20T22:04:48Z,43258,633972,36.61,34529,476798,35.67,34341,573586,41.83,50731,education,214613
synthetic_train_01275,2025-02-20T23:02:24Z,10163,111958,66.65,10145,112692,65.44,12048,117820,66.42,45112,entertainment,82213
synthetic_train_01276,2025-02-21T00:00:00Z,54226,619799,48.53,29867,343370,46.5,22312,231903,51.1,96709,entertainment,179507
synthetic_train_01277,2025-02-21T00:57:36Z,616,6604,64.14,774,7796,67.05,1124,15378,66.87,11585,entertainment,5988
synthetic_train_01278,2025-02-21T01:55:12Z,28296,380428,38.33,30152,471642,47.04,23191,294816,46.72,82376,gaming,138248
synthetic_train_01279,2025-02-21T02:52:48Z,14984,163197,63.92,20305,224300,65.74,35701,425395,70.09,62168,lifestyle,229517
synthetic_train_01280,2025-02-21T03:50:24Z,4395,57822,39.16,4685,55019,39.72,3861,60369,41.07,26165,education,28504
synthetic_train_01281,2025-02-21T04:48:00Z,10577,188707,22.82,9568,131958,23.45,7971,110363,25.17,36930,education,57915
synthetic_train_01282,2025-02-21T05:45:36Z,53367,857258,44.13,42321,505115,42.25,35982,494071,46.41,87358,gaming,275597
synthetic_train_01283,2025-02-21T06:43:12Z,7152,60546,67.82,6711,66219,69.65,6903,65507,67.7,28927,entertainment,36239
synthetic_train_01284,2025-02-21T07:40:47Z,2917,48112,36.91,1853,31267,38.2,1340,15362,42.02,27534,entertainment,9128
synthetic_train_01285,2025-02-21T08:38:24Z,13611,223911,34.01,9549,143226,37.24,6994,104399,40.86,19232,entertainment,43591
synthetic_train_01286,2025-02-21T09:36:00Z,9660,170609,40.43,8219,123929,37.89,8898,133640,45.59,45401,lifestyle,53231
synthetic_train_01287,2025-02-21T10:33:36Z,2960,36571,38.39,4583,80037,40.18,5409,78730,40.31,18635,education,38290
synthetic_train_01288,2025-02-21T11:31:12Z,9029,122753,38.79,7930,113275,40.23,8267,100912,38.37,53274,entertainment,42852
synthetic_train_01289,2025-02-21T12:28:48Z,1120,15121,57.35,1080,11951,63.1,1091,11464,60.37,12216,education,8503
synthetic_train_01290,2025-02-21T13:26:24Z,3262,43277,69.82,4056,39825,71.59,5555,56668,71.01,12131,education,41348
synthetic_train_01291,2025-02-21T14:24:00Z,6815,66620,78.39,5346,44751,77.15,4732,40975,79.44,14153,gaming,39400
synthetic_train_01292,2025-02-21T15:21:36Z,27220,287912,61.86,24038,287758,59.49,21383,238993,63.96,49152,entertainment,152173
synthetic_train_01293,2025-02-21T16:19:12Z,2181,35381,37.83,1924,31355,33.3,2312,29680,40.63,18210,entertainment,12043
synthetic_train_01294,2025-02-21T17:16:48Z,6979,121682,35.67,10993,139410,37.19,16660,243623,39.47,37634,education,109644
synthetic_train_01295,2025-02-21T18:14:24Z,13519,235422,45.91,21321,216404,45.84,30635,389411,48.4,34516,gaming,192423
synthetic_train_01296,2025-02-21T19:12:00Z,7173,93360,34.27,5449,78789,34.56,4393,81703,33.3,47375,lifestyle,28359
synthetic_train_01297,2025-02-21T20:09:36Z,17847,186061,59.74,27123,292053,59.14,29142,293569,56.78,48647,entertainment,196199
synthetic_train_01298,2025-02-21T21:07:12Z,3048,45317,40.46,3555,42966,43.92,3822,39794,44.61,10150,education,19603
synthetic_train_01299,2025-02-21T22:04:47Z,8725,97331,68.7,9332,88739,67.23,8859,89282,67.72,36248,lifestyle,66833
synthetic_train_01300,2025-02-21T23:02:24Z,1944,27437,52.84,2157,25635,53.31,3058,32861,55.75,13597,entertainment,16198
synthetic_train_01301,2025-02-22T00:00:00Z,965,12104,55.24,981,10865,61.18,1281,15700,58.37,10868,lifestyle,8870
synthetic_train_01302,2025-02-22T00:57:36Z,15191,160733,71.94,13545,155140,67.01,13660,157662,72.36,90956,education,124324
synthetic_train_01303,2025-02-22T01:55:12Z,5464,68995,55.01,5604,57310,58.1,5955,78141,57.82,16673,entertainment,39483
synthetic_train_01304,2025-02-22T02:52:48Z,13442,138210,50.38,13306,186963,46.55,12876,176782,49.58,66347,lifestyle,77634
synthetic_train_01305,2025-02-22T03:50:24Z,7720,119424,39.11,9011,121595,43.25,10420,185851,44.69,89160,lifestyle,53518
synthetic_train_01306,2025-02-22T04:48:00Z,22905,310845,32.37,30308,441289,33.22,26748,480952,35.99,81383,lifestyle,162242
synthetic_train_01307,2025-02-22T05:45:36Z,5450,89858,35.86,3580,55478,40.37,2960,39864,42.32,39902,lifestyle,17912
synthetic_train_01308,2025-02-22T06:43:12Z,20083,274786,37.17,14111,235356,36.57,14585,227381,41.19,96966,entertainment,85436
synthetic_train_01309,2025-02-22T07:40:48Z,13544,134672,56.92,14513,141608,58.03,16842,173975,62.7,17097,gaming,103471
synthetic_train_01310,2025-02-22T08:38:24Z,6544,84376,49.12,6441,70193,54.65,6544,67778,56.03,26449,lifestyle,46645
synthetic_train_01311,2025-02-22T09:36:00Z,3960,43604,60.27,3185,35666,62.24,3098,34636,62.75,10613,gaming,18836
synthetic_train_01312,2025-02-22T10:33:36Z,6124,64404,45.48,8389,94833,46.51,14629,135461,49.15,35520,gaming,84250
synthetic_train_01313,2025-02-22T11:31:12Z,1704,19316,51.09,2416,30924,55.37,3582,41863,55.05,10884,gaming,18970
synthetic_train_01314,2025-02-22T12:28:48Z,2249,30401,52.89,1730,20402,49.86,1297,21033,50.86,21173,lifestyle,9252
synthetic_train_01315,2025-02-22T13:26:24Z,4508,48227,54.88,3121,36665,53.82,1922,25537,55.45,18559,gaming,16910
synthetic_train_01316,2025-02-22T14:24:00Z,4415,73714,49.24,5863,77431,45.89,7509,105982,51.44,19966,education,48598
synthetic_train_01317,2025-02-22T15:21:36Z,4726,84820,31.23,5015,73535,32.35,6353,77710,36.69,11228,education,38272
synthetic_train_01318,2025-02-22T16:19:12Z,23318,379508,39.09,28907,348001,39.85,26387,304825,44.05,81288,entertainment,149458
synthetic_train_01319,2025-02-22T17:16:48Z,5897,81881,22.48,5377,108196,23.36,5286,85530,21.77,53834,entertainment,26501
synthetic_train_01320,2025-02-22T18:14:24Z,3077,41591,48.42,3356,47027,49.44,4041,45605,49.53,11878,lifestyle,22578
synthetic_train_01321,2025-02-22T19:12:00Z,7378,88082,42.26,7645,109456,41,8059,121040,42.35,48481,entertainment,43261
synthetic_train_01322,2025-02-22T20:09:36Z,4937,51806,48.24,4967,60163,51.56,3985,45098,50.55,12882,lifestyle,25515
synthetic_train_01323,2025-02-22T21:07:12Z,7897,86611,47.87,6426,81326,49.71,4851,71051,47.82,42917,entertainment,30461
synthetic_train_01324,2025-02-22T22:04:48Z,23272,273021,48.78,27226,343465,51.47,38351,441740,57.02,89487,education,280159
synthetic_train_01325,2025-02-22T23:02:24Z,8175,73728,68.59,6825,56239,69.35,7533,81139,69.57,18447,gaming,49826
synthetic_train_01326,2025-02-23T00:00:00Z,8639,72209,74.87,8817,131597,71.27,8710,97317,76.64,49380,education,73997
synthetic_train_01327,2025-02-23T00:57:36Z,2396,28824,65.03,2135,22257,64.23,1800,23394,69.62,15756,education,16304
synthetic_train_01328,2025-02-23T01:55:12Z,9262,111444,43.14,6726,105473,41.01,5548,75482,48.12,27291,education,48005
synthetic_train_01329,2025-02-23T02:52:48Z,3627,60008,35.8,4070,49297,34.6,3713,50110,43.73,16341,lifestyle,21398
synthetic_train_01330,2025-02-23T03:50:24Z,2613,32056,51.47,2488,25894,51.47,2463,34430,55.94,28124,entertainment,14041
synthetic_train_01331,2025-02-23T04:48:00Z,10205,100290,66.14,14843,158512,68.78,23399,210923,71.94,69508,education,199365
synthetic_train_01332,2025-02-23T05:45:36Z,43334,610752,70.6,56193,571061,75.1,69080,655086,70.88,44308,entertainment,652670
synthetic_train_01333,2025-02-23T06:43:12Z,5677,74802,61.19,4092,49547,64.62,3456,45925,63.69,17206,gaming,21295
synthetic_train_01334,2025-02-23T07:40:48Z,2449,29721,51.21,2961,35827,52.78,3095,33388,55.26,23603,gaming,20893
synthetic_train_01335,2025-02-23T08:38:24Z,8956,87592,71.07,10204,127687,74.66,10828,98404,75.98,23059,gaming,78565
synthetic_train_01336,2025-02-23T09:36:00Z,6808,90707,46.66,5127,68000,46.78,3372,45790,47.41,31903,entertainment,25304
synthetic_train_01337,2025-02-23T10:33:36Z,16909,187871,48.53,22362,286316,44.72,41246,502086,46.92,32719,lifestyle,250585
synthetic_train_01338,2025-02-23T11:31:12Z,45526,562277,48.84,67907,961334,49.58,103458,1885991,49.24,71958,entertainment,531939
synthetic_train_01339,2025-02-23T12:28:48Z,815,13589,34.01,1064,33839,32.77,1185,16263,37.23,13295,education,7991
synthetic_train_01340,2025-02-23T13:26:24Z,21843,245661,44.18,24321,279146,47.1,23780,329880,47.59,82798,education,174801
synthetic_train_01341,2025-02-23T14:24:00Z,22384,257376,66.03,26443,294291,64.8,23648,240059,66.16,78250,entertainment,150533
synthetic_train_01342,2025-02-23T15:21:36Z,20343,215596,29.62,22027,281619,33.45,17457,369133,27.99,75222,lifestyle,113746
synthetic_train_01343,2025-02-23T16:19:12Z,1774,29682,27.92,1349,18177,33.66,1196,18470,34.23,17510,education,8142
synthetic_train_01344,2025-02-23T17:16:48Z,13788,180665,58.42,15385,173497,59.6,22175,200718,61.69,94575,lifestyle,121486
synthetic_train_01345,2025-02-23T18:14:24Z,4791,63752,46.13,4689,65008,47.66,3749,45494,54.29,11566,entertainment,22938
synthetic_train_01346,2025-02-23T19:12:00Z,1363,13004,62,1245,14726,68.45,1391,14524,66.56,15002,education,11400
synthetic_train_01347,2025-02-23T20:09:36Z,34081,536346,45.66,25993,520640,47.77,28440,280092,50.64,60627,education,165586
synthetic_train_01348,2025-02-23T21:07:12Z,495,4619,67.01,503,4627,70.88,385,3989,71.75,13430,education,3469
synthetic_train_01349,2025-02-23T22:04:47Z,26641,309062,58.33,21701,239111,62.33,20831,198979,62.81,56423,gaming,165926
synthetic_train_01350,2025-02-23T23:02:24Z,5798,72154,59.71,7123,79226,60.65,7165,88273,64.64,28836,lifestyle,46102
synthetic_train_01351,2025-02-24T00:00:00Z,10361,158897,55.46,11542,137823,54.72,11493,140615,55.3,85671,lifestyle,85870
synthetic_train_01352,2025-02-24T00:57:36Z,8659,88559,47.38,12612,183702,47.9,18391,222648,47.69,23858,entertainment,107504
synthetic_train_01353,2025-02-24T01:55:12Z,20092,218042,53.2,10173,130261,54.04,9521,135248,52.26,81197,education,74290
synthetic_train_01354,2025-02-24T02:52:48Z,4679,47966,51.39,4681,58683,49.94,3381,50537,53.65,37722,entertainment,20940
synthetic_train_01355,2025-02-24T03:50:24Z,5103,46090,67.02,5795,73669,70.96,6580,69744,72.77,15927,gaming,40787
synthetic_train_01356,2025-02-24T04:48:00Z,8392,136876,57.4,12090,122687,60.16,18162,197027,61.71,29272,gaming,110679
synthetic_train_01357,2025-02-24T05:45:36Z,19114,380267,31.75,18082,235521,32.32,16201,197840,35.47,79394,lifestyle,103571
synthetic_train_01358,2025-02-24T06:43:11Z,4234,50597,41.2,4287,55868,46.66,4453,49399,47.57,51060,education,29000
synthetic_train_01359,2025-02-24T07:40:48Z,9691,99381,65.21,11791,108427,65.13,14926,145168,67.75,40157,entertainment,78575
synthetic_train_01360,2025-02-24T08:38:24Z,1606,32061,27.54,1009,18630,29.27,678,8883,30.87,11568,education,4905
synthetic_train_01361,2025-02-24T09:36:00Z,9815,151580,26.86,9431,167874,26.46,8148,149717,28.36,48214,entertainment,43846
synthetic_train_01362,2025-02-24T10:33:36Z,4235,51516,54.71,4765,59578,57.21,5360,47743,56.19,36043,education,40562
synthetic_train_01363,2025-02-24T11:31:12Z,13887,204770,44.27,10464,107141,49.51,10388,123361,49.4,69723,lifestyle,67464
synthetic_train_01364,2025-02-24T12:28:48Z,56564,700311,56.51,98227,1041985,61,86573,744000,64.37,89353,lifestyle,659093
synthetic_train_01365,2025-02-24T13:26:24Z,2430,23420,58.64,1990,25970,59.71,1496,15353,60.15,10158,lifestyle,9162
synthetic_train_01366,2025-02-24T14:24:00Z,3358,37938,53.22,4750,72542,54.99,6147,66471,55.5,34140,education,48661
synthetic_train_01367,2025-02-24T15:21:36Z,5111,75158,48.31,4544,67596,49.15,5444,64660,49.89,32095,education,44190
synthetic_train_01368,2025-02-24T16:19:12Z,1901,22846,51.24,2022,29165,46.56,1994,32682,56.12,16395,lifestyle,10311
synthetic_train_01369,2025-02-24T17:16:48Z,7721,81510,43.73,5933,74419,43.84,4220,59021,48.09,39037,lifestyle,33007
synthetic_train_01370,2025-02-24T18:14:24Z,29443,391507,39.59,26811,352549,41.41,21539,271686,45.5,87772,lifestyle,133213
synthetic_train_01371,2025-02-24T19:12:00Z,1330,34950,33.25,2109,42275,33.68,2792,41967,34.29,17613,gaming,16087
synthetic_train_01372,2025-02-24T20:09:36Z,2364,23750,59.94,1948,18242,59.67,1729,17825,60.56,26798,education,14454
synthetic_train_01373,2025-02-24T21:07:12Z,3959,45781,56.9,4476,45017,57.91,5835,76939,60.33,20845,gaming,40451
synthetic_train_01374,2025-02-24T22:04:48Z,16748,166576,61.7,16076,175006,63.11,14339,140888,64.62,14999,lifestyle,107231
synthetic_train_01375,2025-02-24T23:02:24Z,17329,225109,53.81,17731,262070,53.85,20132,243141,58.24,93184,gaming,155181
synthetic_train_01376,2025-02-25T00:00:00Z,8919,119906,57.66,16284,183552,59.93,19827,231282,60.74,69515,entertainment,123384
synthetic_train_01377,2025-02-25T00:57:36Z,1123,11489,53.44,1275,16967,55.73,1392,16449,58.35,26300,entertainment,9408
synthetic_train_01378,2025-02-25T01:55:12Z,5722,77250,49.81,4065,66417,47.18,3112,34415,51.46,77780,entertainment,20342
synthetic_train_01379,2025-02-25T02:52:48Z,1974,22955,55.86,2573,36710,52.4,2195,21835,58.11,10643,lifestyle,14239
synthetic_train_01380,2025-02-25T03:50:24Z,10848,156781,35.09,8641,111127,39.93,5651,82642,40.95,37295,education,42675
synthetic_train_01381,2025-02-25T04:48:00Z,9424,120448,60.66,8783,114274,59.52,10317,91874,61.18,45809,education,68544
synthetic_train_01382,2025-02-25T05:45:36Z,2259,23039,50.27,2342,21023,52.67,2995,34749,54.05,16041,lifestyle,14205
synthetic_train_01383,2025-02-25T06:43:12Z,4247,73608,57,5273,58929,61.32,8730,89109,60.98,25066,entertainment,41279
synthetic_train_01384,2025-02-25T07:40:48Z,7594,85802,58.36,9160,107968,58.45,11908,134601,59.35,60761,gaming,83570
synthetic_train_01385,2025-02-25T08:38:24Z,6869,60633,57.53,7246,83746,65.67,7867,92364,62.25,34062,entertainment,47568
synthetic_train_01386,2025-02-25T09:36:00Z,27871,255301,85.09,25122,198910,87.05,29466,259543,88.27,76234,entertainment,208489
synthetic_train_01387,2025-02-25T10:33:36Z,29435,465554,43.87,24936,354931,44.98,20937,239497,46.49,76345,education,132460
synthetic_train_01388,2025-02-25T11:31:12Z,16592,207237,45.52,10361,128671,43.76,8551,98888,45.22,76569,education,67387
synthetic_train_01389,2025-02-25T12:28:48Z,1643,23446,49.72,1854,28077,47.57,1987,26469,50.63,27248,education,11870
synthetic_train_01390,2025-02-25T13:26:24Z,13487,216435,32.07,9858,126561,41.72,6948,85109,35.5,32931,education,53935
synthetic_train_01391,2025-02-25T14:24:00Z,4260,43023,57.85,2890,29522,56.93,2354,24666,59.55,19074,entertainment,15751
synthetic_train_01392,2025-02-25T15:21:36Z,6226,67650,62.35,8893,105017,62.51,15082,142334,64.59,50785,lifestyle,105510
synthetic_train_01393,2025-02-25T16:19:12Z,10595,91933,67.51,17568,168703,69.44,25473,231433,62.41,74164,gaming,174023
synthetic_train_01394,2025-02-25T17:16:48Z,6886,111554,41.84,6191,66631,44.99,6206,79990,42.8,53470,gaming,40450
synthetic_train_01395,2025-02-25T18:14:24Z,63797,528530,68.67,64643,834577,66.29,58529,603900,70.15,38613,entertainment,336453
synthetic_train_01396,2025-02-25T19:12:00Z,10223,127360,41.47,7533,119953,43.02,6933,81306,47.06,49631,education,54655
synthetic_train_01397,2025-02-25T20:09:36Z,5172,53401,57.52,5618,59309,54.43,5333,67583,57.12,41977,gaming,36336
synthetic_train_01398,2025-02-25T21:07:12Z,4362,46349,46.67,4338,51017,52.83,4543,49497,49.75,21785,gaming,24705
synthetic_train_01399,2025-02-25T22:04:48Z,3853,38493,54.9,2878,37606,53.7,3121,38929,56.63,15005,lifestyle,19857
synthetic_train_01400,2025-02-25T23:02:24Z,2056,25948,38.85,1849,30344,45.12,2059,30689,39.95,12674,entertainment,10238
synthetic_train_01401,2025-02-26T00:00:00Z,28130,437603,43.77,29946,471929,48.15,29224,426266,48.31,89871,lifestyle,175224
synthetic_train_01402,2025-02-26T00:57:36Z,13564,152680,62,17895,171045,62.41,25565,288367,67.67,36965,education,155330
synthetic_train_01403,2025-02-26T01:55:12Z,25764,209419,66.42,21845,251111,68.11,24815,278918,68.62,97919,lifestyle,186065
synthetic_train_01404,2025-02-26T02:52:48Z,7833,109694,57.38,9386,97156,57.42,11766,129915,59.08,14633,education,80752
synthetic_train_01405,2025-02-26T03:50:24Z,10433,146339,29.78,10563,134330,30.5,12062,171996,35.63,60666,lifestyle,68594
synthetic_train_01406,2025-02-26T04:48:00Z,18027,252865,47.45,14693,224669,47.66,12949,147597,48.47,16596,entertainment,77242
synthetic_train_01407,2025-02-26T05:45:36Z,1764,27134,50.68,1850,33164,50.25,2032,23213,53.04,53391,entertainment,11852
synthetic_train_01408,2025-02-26T06:43:11Z,7520,79393,67.68,8885,85932,68.21,8317,86699,66.97,19852,gaming,50079
synthetic_train_01409,2025-02-26T07:40:48Z,6240,75619,63.76,6007,70148,66.02,5748,81089,63.95,75957,entertainment,36975
synthetic_train_01410,2025-02-26T08:38:24Z,15148,202987,41.26,11972,138768,43.94,10007,124655,46,73850,entertainment,72590
synthetic_train_01411,2025-02-26T09:36:00Z,3872,59214,52.09,4352,51700,52.35,4381,52178,52.97,10598,lifestyle,25134
synthetic_train_01412,2025-02-26T10:33:36Z,3496,32562,79.59,4978,46961,79.7,6008,63693,85.59,19031,gaming,52496
synthetic_train_01413,2025-02-26T11:31:12Z,3475,39438,57,4798,72861,55.7,4223,46465,56.04,11277,lifestyle,27576
synthetic_train_01414,2025-02-26T12:28:48Z,19274,168815,46.63,12789,130474,52.36,10812,113538,50.83,11075,gaming,90394
synthetic_train_01415,2025-02-26T13:26:24Z,8448,100763,44.4,5055,63560,47.25,4711,64029,52.18,45006,entertainment,29249
synthetic_train_01416,2025-02-26T14:24:00Z,13590,138687,54.25,11205,109769,59.18,7388,82054,56.68,27616,gaming,64264
synthetic_train_01417,2025-02-26T15:21:36Z,4067,50525,59.38,5004,67660,63.39,5095,49786,66.36,21242,education,37358
synthetic_train_01418,2025-02-26T16:19:12Z,6740,74394,57.34,8857,110656,59.28,12250,170519,64.21,26612,education,85027
synthetic_train_01419,2025-02-26T17:16:48Z,13265,170529,49.63,13340,170227,50.83,12623,164398,49.85,49892,education,98072
synthetic_train_01420,2025-02-26T18:14:24Z,54724,741150,25.36,51814,980205,20.19,56317,900601,27.16,71285,education,320639
synthetic_train_01421,2025-02-26T19:12:00Z,1336,16260,39.88,1164,15223,38.67,1053,13677,41.21,13996,lifestyle,6198
synthetic_train_01422,2025-02-26T20:09:36Z,2901,48008,58.61,3280,35394,58.05,5047,48733,58.22,10485,entertainment,26274
synthetic_train_01423,2025-02-26T21:07:12Z,13812,189382,59.45,17035,237166,62.84,23364,271257,67.1,56348,lifestyle,194448
synthetic_train_01424,2025-02-26T22:04:48Z,4203,55654,40.32,4927,62941,41.27,4895,66164,38.38,32498,entertainment,28199
synthetic_train_01425,2025-02-26T23:02:24Z,6915,112137,36.38,6556,82917,41.16,6425,81509,42.95,35299,entertainment,42230
synthetic_train_01426,2025-02-27T00:00:00Z,3143,39271,50.84,3464,36577,54.8,3994,57863,49.9,22982,entertainment,21327
synthetic_train_01427,2025-02-27T00:57:36Z,1012,9808,66.56,1187,12060,61.51,797,8080,61.43,12461,lifestyle,6722
synthetic_train_01428,2025-02-27T01:55:12Z,2885,31323,56.24,4297,48109,62.58,5784,65234,64.24,33795,lifestyle,44473
synthetic_train_01429,2025-02-27T02:52:48Z,4348,47753,46.4,5614,66865,48.65,6669,89645,53.88,22787,gaming,52756
synthetic_train_01430,2025-02-27T03:50:24Z,15908,233653,43.43,14897,202488,36.06,13735,185966,44.07,48542,lifestyle,83097
synthetic_train_01431,2025-02-27T04:48:00Z,16127,189087,43.05,16339,225556,42.42,24460,294382,44.52,78642,gaming,126017
synthetic_train_01432,2025-02-27T05:45:36Z,2989,36298,49.24,2908,29717,45.74,2480,25126,49.07,20744,lifestyle,14343
synthetic_train_01433,2025-02-27T06:43:12Z,4517,74578,42,4876,63913,42.56,4630,59791,45.98,23696,gaming,27511
synthetic_train_01434,2025-02-27T07:40:48Z,6816,90379,49.08,8742,88193,49.51,13719,193373,49.24,13453,education,93006
synthetic_train_01435,2025-02-27T08:38:24Z,2468,27526,65.52,3628,48814,68.63,3830,46767,68.91,24111,education,29213
synthetic_train_01436,2025-02-27T09:36:00Z,7985,110414,44.56,8377,111566,45.85,8066,87321,47.46,59994,gaming,52209
synthetic_train_01437,2025-02-27T10:33:36Z,6044,78907,62.87,7593,82798,67.88,6697,78798,72.42,36201,entertainment,58009
synthetic_train_01438,2025-02-27T11:31:12Z,15554,164663,60.01,15135,181459,59.41,17800,188368,62.76,80649,entertainment,130673
synthetic_train_01439,2025-02-27T12:28:48Z,4066,39595,62.94,3223,40509,60.91,2894,33600,62.94,10992,education,21262
synthetic_train_01440,2025-02-27T13:26:24Z,12282,144924,68.34,13454,191547,68.37,16550,184699,72.64,31004,entertainment,103485
synthetic_train_01441,2025-02-27T14:23:59Z,6469,80696,61.89,6996,85590,59.32,7009,99234,62.76,16537,gaming,59475
synthetic_train_01442,2025-02-27T15:21:36Z,3040,33361,58.94,3450,37797,59.64,5178,68446,65.44,32140,lifestyle,32704
synthetic_train_01443,2025-02-27T16:19:12Z,11464,98151,63.32,11824,174506,63.13,11132,115128,63.44,63179,education,90516
synthetic_train_01444,2025-02-27T17:16:48Z,23532,293047,71.98,29827,274579,71.08,31095,327543,75.69,79426,lifestyle,238095
synthetic_train_01445,2025-02-27T18:14:24Z,3639,36255,72.43,4422,47656,75.2,4215,41540,75.41,15800,gaming,31557
synthetic_train_01446,2025-02-27T19:12:00Z,28572,300887,56.15,26513,271277,55.05,26222,234533,58.02,75119,gaming,203830
synthetic_train_01447,2025-02-27T20:09:36Z,2771,39589,43.76,1883,27151,41.48,1261,18647,41.6,16550,lifestyle,9034
synthetic_train_01448,2025-02-27T21:07:12Z,3968,47750,61.12,3576,36566,64.49,3182,38531,63.56,31526,education,24964
synthetic_train_01449,2025-02-27T22:04:48Z,1654,18263,78.34,1983,19181,79.28,3056,27165,82.83,11688,lifestyle,23967
synthetic_train_01450,2025-02-27T23:02:24Z,3036,35380,56.55,3064,38460,54.85,3373,38467,55.37,40163,lifestyle,22717
synthetic_train_01451,2025-02-28T00:00:00Z,31185,294795,57.17,35544,416652,56.56,47290,557515,57.82,46916,entertainment,307507
synthetic_train_01452,2025-02-28T00:57:36Z,5903,76651,53.11,3937,57869,55.25,1935,28795,53.51,10513,lifestyle,17424
synthetic_train_01453,2025-02-28T01:55:12Z,2397,30675,64.98,3094,33987,63.19,2879,32619,73.7,20195,lifestyle,21561
synthetic_train_01454,2025-02-28T02:52:48Z,2077,21010,70.61,2155,19422,74.08,2294,21195,71.83,13044,education,18149
synthetic_train_01455,2025-02-28T03:50:24Z,2214,24214,73.97,2549,28074,74.99,2943,30557,72.75,34557,education,23994
synthetic_train_01456,2025-02-28T04:48:00Z,5487,75827,40.46,5630,91810,41.62,6836,88638,45.68,42663,entertainment,31893
synthetic_train_01457,2025-02-28T05:45:36Z,11580,173864,33.64,13289,240203,32.94,15271,250881,33.9,30855,entertainment,81043
synthetic_train_01458,2025-02-28T06:43:12Z,33726,373716,63.81,41399,430216,63.77,46969,551202,65.69,71631,entertainment,323873
synthetic_train_01459,2025-02-28T07:40:48Z,9087,186740,23.16,8086,120129,26.38,6552,110364,27.08,24732,gaming,36909
synthetic_train_01460,2025-02-28T08:38:24Z,2818,51320,23.63,1878,25050,25.41,2012,30919,26.16,12556,entertainment,9995
synthetic_train_01461,2025-02-28T09:36:00Z,7149,109467,48.7,8637,98828,48.89,8970,117670,50.52,30500,lifestyle,58900
synthetic_train_01462,2025-02-28T10:33:36Z,27693,425983,39.79,34288,411015,38.8,38279,496464,43.38,29892,education,266663
synthetic_train_01463,2025-02-28T11:31:12Z,4597,68772,39.59,5092,77708,39.5,6818,134011,39.77,15422,lifestyle,33610
synthetic_train_01464,2025-02-28T12:28:48Z,1422,18773,46.2,1347,18931,45.77,831,7543,51.95,10117,entertainment,5426
synthetic_train_01465,2025-02-28T13:26:24Z,5661,81656,51,6214,86023,47.77,6800,112593,48.85,42471,education,62922
synthetic_train_01466,2025-02-28T14:24:00Z,1916,24374,74.31,3124,32882,71.59,3894,29740,76.03,10590,entertainment,25365
synthetic_train_01467,2025-02-28T15:21:36Z,2108,24849,53.23,2411,30336,54.35,2440,42597,56.83,27752,education,17541
synthetic_train_01468,2025-02-28T16:19:12Z,11119,112789,58.04,11876,148242,57.51,12219,137764,58.61,82204,entertainment,70798
synthetic_train_01469,2025-02-28T17:16:48Z,25714,273347,73.97,40791,425522,73.77,60448,642313,75.77,83133,lifestyle,409773
synthetic_train_01470,2025-02-28T18:14:24Z,2359,29404,26.97,2846,44774,27.44,4213,54558,28.01,13623,lifestyle,19453
synthetic_train_01471,2025-02-28T19:12:00Z,5207,61171,64.58,5152,65136,65.85,4820,54010,69.56,27142,education,48884
synthetic_train_01472,2025-02-28T20:09:36Z,13089,176000,50.26,10154,145169,49.68,11122,135268,57.28,37267,lifestyle,60425
synthetic_train_01473,2025-02-28T21:07:12Z,2461,31261,38.99,1481,20614,41.82,1035,12291,43.2,16109,entertainment,7603
synthetic_train_01474,2025-02-28T22:04:48Z,9866,121092,57.99,10691,106581,62.01,9828,121098,59.84,16046,education,68639
synthetic_train_01475,2025-02-28T23:02:24Z,8771,108632,44.73,9526,130772,47.91,13254,160772,47.78,23797,gaming,78071
synthetic_train_01476,2025-03-01T00:00:00Z,1613,16409,61.86,2595,22367,61.26,3637,36704,63.17,12066,education,28451
synthetic_train_01477,2025-03-01T00:57:36Z,9229,137184,45.79,8328,107973,47.28,8369,82695,52.46,23647,education,57911
synthetic_train_01478,2025-03-01T01:55:12Z,69300,850119,47.46,48327,571739,48.19,35025,435238,47.33,39613,entertainment,243477
synthetic_train_01479,2025-03-01T02:52:48Z,11692,161751,51.99,15378,199023,54.11,20723,242273,54.99,41604,gaming,133846
synthetic_train_01480,2025-03-01T03:50:24Z,8523,95148,49.03,7950,89244,52.47,7545,79738,52.07,12723,gaming,43828
synthetic_train_01481,2025-03-01T04:48:00Z,14795,183134,56.46,24779,296675,57.72,34391,361220,58.08,33680,gaming,311120
synthetic_train_01482,2025-03-01T05:45:36Z,6172,105844,52.56,4884,49813,50.74,4484,52592,57.94,65589,education,35386
synthetic_train_01483,2025-03-01T06:43:12Z,14418,173589,42.91,12014,154073,44.63,20271,201597,47.94,67001,gaming,99340
synthetic_train_01484,2025-03-01T07:40:48Z,3727,45956,69.92,3984,38081,73.76,3359,33183,75.21,10931,gaming,28170
synthetic_train_01485,2025-03-01T08:38:24Z,5278,55183,52.23,8442,95984,54.19,9644,108870,59.63,15363,education,74145
synthetic_train_01486,2025-03-01T09:36:00Z,69293,919606,57.62,55002,709575,59.23,43843,539327,62.03,50182,entertainment,366392
synthetic_train_01487,2025-03-01T10:33:36Z,5450,57654,60.98,6401,65937,56.62,5918,57863,64.87,14684,lifestyle,38291
synthetic_train_01488,2025-03-01T11:31:12Z,2990,33808,55.53,2161,24189,55.64,1752,17452,61.81,16173,gaming,11434
synthetic_train_01489,2025-03-01T12:28:48Z,9196,104923,48.7,9063,107509,48.33,8209,113545,47.82,29398,entertainment,47713
synthetic_train_01490,2025-03-01T13:26:24Z,24928,271766,47.73,30472,339955,52.12,35461,415180,51.48,40521,entertainment,225645
synthetic_train_01491,2025-03-01T14:23:59Z,5397,63840,44.22,4879,54302,43.17,4605,54143,52.57,31864,education,29146
synthetic_train_01492,2025-03-01T15:21:36Z,2498,29857,62.99,1873,18546,63.93,1600,15571,68.5,11328,gaming,13428
synthetic_train_01493,2025-03-01T16:19:12Z,5325,79196,38.91,4274,55888,44.48,3978,51086,41.2,18891,education,28713
synthetic_train_01494,2025-03-01T17:16:48Z,2607,33147,59.11,2716,34198,59.99,2698,37834,61.34,40263,education,20934
synthetic_train_01495,2025-03-01T18:14:24Z,17242,194523,53.5,20846,310115,55.68,20211,278585,54.77,37772,lifestyle,136365
synthetic_train_01496,2025-03-01T19:12:00Z,4498,57727,52.24,5982,68898,54.73,8648,127206,52.96,20695,entertainment,45958
synthetic_train_01497,2025-03-01T20:09:36Z,7448,81265,65.36,8119,104099,66.52,8612,86717,68.86,30711,gaming,62228
synthetic_train_01498,2025-03-01T21:07:12Z,9394,102477,35.02,11871,144684,43.27,12898,179402,44.06,45128,entertainment,72438
synthetic_train_01499,2025-03-01T22:04:48Z,5497,73669,55.28,5060,55720,57,3440,44375,54.37,15761,lifestyle,25189
synthetic_train_01500,2025-03-01T23:02:24Z,4294,51153,44.82,3977,52653,53.3,3873,44186,50.65,16754,gaming,25137
synthetic_train_01501,2025-03-02T00:00:00Z,4886,42783,54.45,4036,51009,58.2,3584,41714,60.17,13790,gaming,24725
synthetic_train_01502,2025-03-02T00:57:35Z,17923,237959,50.36,24354,243520,49.77,29762,314145,54.16,63314,entertainment,175712
synthetic_train_01503,2025-03-02T01:55:12Z,3915,43834,66.09,4615,49524,64.88,4133,39955,65.86,26827,education,33461
synthetic_train_01504,2025-03-02T02:52:48Z,18099,222343,45.03,25114,309777,50.93,36797,474256,48.97,48526,entertainment,166231
synthetic_train_01505,2025-03-02T03:50:24Z,18217,190150,48.98,22207,294003,52.5,17436,204438,58.98,41668,lifestyle,145435
synthetic_train_01506,2025-03-02T04:48:00Z,6439,63511,69.95,9495,89149,72.93,14921,154942,75.63,23004,education,109321
synthetic_train_01507,2025-03-02T05:45:36Z,8045,100137,49.62,10324,125438,50.38,10642,121544,51.84,59774,lifestyle,71348
synthetic_train_01508,2025-03-02T06:43:11Z,3585,56057,25.35,3101,49448,28.12,4172,65680,32.43,29697,education,20970
synthetic_train_01509,2025-03-02T07:40:48Z,20147,300473,33,23419,396045,34.73,21486,335915,33.87,70949,entertainment,130939
synthetic_train_01510,2025-03-02T08:38:24Z,9393,144767,43.83,9379,120659,46.75,8355,123479,45.89,12855,entertainment,48961
synthetic_train_01511,2025-03-02T09:36:00Z,1593,17973,69.76,2776,25205,75.21,3532,32096,76.57,23861,gaming,29787
synthetic_train_01512,2025-03-02T10:33:36Z,1685,21229,63.57,1775,17075,63.88,1351,13272,66.78,25550,gaming,10754
synthetic_train_01513,2025-03-02T11:31:12Z,7543,77120,61.82,7142,81124,61.21,5809,64106,62.71,30166,gaming,43434
synthetic_train_01514,2025-03-02T12:28:48Z,17419,228231,58.01,21692,192958,62.04,15750,215921,64.2,29009,lifestyle,146789
synthetic_train_01515,2025-03-02T13:26:24Z,6410,77680,46.16,5194,63586,49.6,4754,82875,50.39,15337,lifestyle,29595
synthetic_train_01516,2025-03-02T14:24:00Z,2365,24546,42.19,1800,24061,48.46,1467,19004,50.04,35668,entertainment,9464
synthetic_train_01517,2025-03-02T15:21:35Z,726,10119,54.43,746,8230,56.58,682,7126,59.98,11565,entertainment,4670
synthetic_train_01518,2025-03-02T16:19:12Z,8469,91959,46.42,9467,148061,48.77,10660,143951,50.74,47255,lifestyle,63134
synthetic_train_01519,2025-03-02T17:16:48Z,2053,23106,57.19,1769,26571,54.26,1383,16442,55.86,14429,education,11588
synthetic_train_01520,2025-03-02T18:14:24Z,9174,118562,35.24,7587,126429,36.62,9015,136544,38.23,24915,entertainment,44840
synthetic_train_01521,2025-03-02T19:12:00Z,3077,49582,51.67,3312,37303,52.73,3996,51621,54.69,18121,education,28169
synthetic_train_01522,2025-03-02T20:09:36Z,4653,64631,48.6,5435,78560,48.77,5447,55334,53.24,10412,education,39071
synthetic_train_01523,2025-03-02T21:07:12Z,8613,171873,24.04,10391,143378,24.05,9917,147902,23.57,28126,education,72269
synthetic_train_01524,2025-03-02T22:04:48Z,3926,43947,72.1,2960,28275,76.59,1869,17869,79.75,11047,lifestyle,16011
synthetic_train_01525,2025-03-02T23:02:24Z,3101,35588,45,2621,34304,46.4,2327,33183,45.14,10163,entertainment,12083
synthetic_train_01526,2025-03-03T00:00:00Z,18439,305502,24.41,12198,170453,30.71,7621,104199,33.87,93890,education,61590
synthetic_train_01527,2025-03-03T00:57:36Z,5952,68634,49.68,9650,137279,47.9,11576,143051,51.44,38559,gaming,65934
synthetic_train_01528,2025-03-03T01:55:12Z,1929,28729,36.39,2910,39473,39.28,3811,48485,36.86,24988,lifestyle,23336
synthetic_train_01529,2025-03-03T02:52:48Z,12279,112117,48.18,10542,142839,50.44,10510,123407,48.86,53176,gaming,67239
synthetic_train_01530,2025-03-03T03:50:24Z,6902,70443,55.56,4247,57355,57.26,3500,36401,58.31,26056,lifestyle,28240
synthetic_train_01531,2025-03-03T04:48:00Z,5914,60608,86.77,8387,69589,87.97,9141,91560,88.48,46613,education,86294
synthetic_train_01532,2025-03-03T05:45:36Z,1473,19865,38.89,1305,16812,42.55,2134,27594,45.77,22606,lifestyle,12275
synthetic_train_01533,2025-03-03T06:43:12Z,7284,84141,44.99,6080,72147,43.28,4170,57210,49.91,31009,gaming,30099
synthetic_train_01534,2025-03-03T07:40:48Z,17430,162378,58.1,18878,238580,55.69,22491,234905,59.21,64074,entertainment,130691
synthetic_train_01535,2025-03-03T08:38:24Z,10183,132400,55.09,12600,155206,55.56,12762,165937,59.62,35425,lifestyle,83870
synthetic_train_01536,2025-03-03T09:36:00Z,32212,404484,63.51,28754,331237,66.02,30303,274912,62.72,96341,education,228332
synthetic_train_01537,2025-03-03T10:33:36Z,3949,47080,72.33,5655,55755,73.54,9259,98068,74.08,16988,gaming,59835
synthetic_train_01538,2025-03-03T11:31:12Z,3221,38702,73.5,3414,36066,76.46,3795,36964,73.42,23700,lifestyle,33768
synthetic_train_01539,2025-03-03T12:28:48Z,9558,107464,58.51,8856,95898,60.67,8568,114037,59.51,10568,entertainment,52917
synthetic_train_01540,2025-03-03T13:26:24Z,5461,74254,39.09,4931,72305,40.6,4469,80762,41.01,52706,education,31694
synthetic_train_01541,2025-03-03T14:23:59Z,10454,116920,47.68,14834,272144,49.92,15621,198130,47.8,80102,gaming,98588
synthetic_train_01542,2025-03-03T15:21:36Z,2469,25549,58.02,1936,17874,58.41,2031,23458,57.76,20318,education,13564
synthetic_train_01543,2025-03-03T16:19:12Z,1740,23431,51.25,1757,18897,47.02,2189,31410,48.9,10421,entertainment,12693
synthetic_train_01544,2025-03-03T17:16:48Z,10016,85520,71.32,11927,118705,72.69,15566,129471,73.07,35930,entertainment,94927
synthetic_train_01545,2025-03-03T18:14:24Z,7932,114427,46.85,7172,94385,51.13,8172,99129,50.71,49842,gaming,52460
synthetic_train_01546,2025-03-03T19:12:00Z,7028,69399,68.37,7731,83892,69.35,8492,103825,74.4,86969,entertainment,72076
synthetic_train_01547,2025-03-03T20:09:36Z,15076,162460,52.43,15916,179822,58.68,14608,158908,64.73,59398,gaming,106050
synthetic_train_01548,2025-03-03T21:07:12Z,6608,97276,58.47,9762,103301,60.78,12156,182015,59.86,16255,lifestyle,76185
synthetic_train_01549,2025-03-03T22:04:48Z,1997,27857,54.27,1399,14252,54.37,1042,12347,59.47,16170,gaming,7325
synthetic_train_01550,2025-03-03T23:02:23Z,38975,463760,58.03,31029,411952,57.55,27973,298140,58.66,86204,lifestyle,200713
synthetic_train_01551,2025-03-04T00:00:00Z,781,10637,44.28,753,6986,47.8,669,9941,47.34,10944,education,4226
synthetic_train_01552,2025-03-04T00:57:36Z,11339,141720,38.68,13955,194960,39.44,20422,249771,41.92,21956,gaming,99570
synthetic_train_01553,2025-03-04T01:55:12Z,12243,209058,54.64,10659,158764,57.16,9221,108809,59.92,42889,education,68731
synthetic_train_01554,2025-03-04T02:52:48Z,6976,84001,44.7,8872,104977,45.77,8596,157824,44.54,30421,entertainment,46125
synthetic_train_01555,2025-03-04T03:50:24Z,7384,72737,69.78,7434,75349,70.66,9671,87155,70.04,17952,lifestyle,55973
synthetic_train_01556,2025-03-04T04:48:00Z,11657,119717,71.75,7685,66742,72.83,5848,53443,73.63,51827,gaming,47476
synthetic_train_01557,2025-03-04T05:45:36Z,18351,213704,58.76,15931,231887,58.72,19329,185543,61.5,89127,lifestyle,131247
synthetic_train_01558,2025-03-04T06:43:12Z,11762,146882,37.55,15135,250082,32.42,15091,196731,37.27,30000,gaming,94169
synthetic_train_01559,2025-03-04T07:40:48Z,31859,382685,41.85,25263,263603,42.54,23119,275976,47.48,54761,entertainment,132301
synthetic_train_01560,2025-03-04T08:38:24Z,3442,41677,30.22,3128,47284,28.46,3014,51418,33.05,25068,education,19483
synthetic_train_01561,2025-03-04T09:36:00Z,6389,53616,77.01,4346,57649,76.59,3181,23909,81.79,13086,education,36855
synthetic_train_01562,2025-03-04T10:33:36Z,9385,117533,43.86,10713,157738,44.73,12358,164218,46.21,51017,entertainment,83007
synthetic_train_01563,2025-03-04T11:31:12Z,23836,295621,36.17,28412,327894,41.54,38230,462755,44.22,75768,lifestyle,196615
synthetic_train_01564,2025-03-04T12:28:48Z,43385,567246,59.06,58625,737461,61.45,77263,709806,62.99,89875,entertainment,514857
synthetic_train_01565,2025-03-04T13:26:24Z,4159,70245,28.94,4700,63932,28.48,4875,78047,33.1,17742,gaming,26058
synthetic_train_01566,2025-03-04T14:23:59Z,2680,30671,64.45,2495,28993,63.38,2281,24128,61.92,11176,lifestyle,13767
synthetic_train_01567,2025-03-04T15:21:36Z,7974,131469,32.5,4896,57083,31.32,3526,59781,33.59,20859,gaming,29428
synthetic_train_01568,2025-03-04T16:19:12Z,6210,145493,25.95,9621,152523,26.47,13031,174822,29.53,41046,education,65224
synthetic_train_01569,2025-03-04T17:16:47Z,15640,262601,41.56,18023,259122,39.26,17503,225879,44.42,64788,gaming,131932
synthetic_train_01570,2025-03-04T18:14:24Z,18482,209646,58.54,22201,222050,63.48,22663,287225,60.15,43918,gaming,161952
synthetic_train_01571,2025-03-04T19:12:00Z,2580,27974,56.66,2553,43465,58.46,3475,44825,61,13881,gaming,19460
synthetic_train_01572,2025-03-04T20:09:36Z,11353,142209,57.98,14780,163911,64.46,14804,144875,64.61,30021,entertainment,89017
synthetic_train_01573,2025-03-04T21:07:12Z,41276,384428,71.39,45984,413072,76.05,35632,325959,73.39,63869,entertainment,247792
synthetic_train_01574,2025-03-04T22:04:48Z,789,11459,36.73,679,10725,36.44,840,11611,40.86,12379,lifestyle,4978
synthetic_train_01575,2025-03-04T23:02:23Z,3952,45721,65.03,4094,44605,68.26,4284,47743,68.08,11568,entertainment,27816
synthetic_train_01576,2025-03-05T00:00:00Z,4816,57153,34.24,4062,68710,33.3,2966,38785,37.41,49804,lifestyle,18351
synthetic_train_01577,2025-03-05T00:57:36Z,18732,206334,75.99,18101,203378,70.79,20393,224781,76.27,90168,lifestyle,161740
synthetic_train_01578,2025-03-05T01:55:11Z,15111,176981,60.96,16626,166687,60.91,16811,190855,63.25,44234,lifestyle,125054
synthetic_train_01579,2025-03-05T02:52:48Z,8624,98496,48.26,9372,115989,48.53,11651,136136,48.9,41075,education,84205
synthetic_train_01580,2025-03-05T03:50:24Z,13832,158036,28.17,12372,234977,29.46,10467,177522,25.06,46049,lifestyle,60737
synthetic_train_01581,2025-03-05T04:48:00Z,24425,264928,40.25,23746,263962,40.45,18539,212963,43.25,78808,entertainment,128878
synthetic_train_01582,2025-03-05T05:45:36Z,18677,280658,57.39,20746,237253,59.4,30973,318923,62.08,24112,education,241184
synthetic_train_01583,2025-03-05T06:43:12Z,10234,100130,67.22,9474,114792,69.79,10143,111372,71.38,21383,lifestyle,92575
synthetic_train_01584,2025-03-05T07:40:47Z,2091,25388,44.97,1412,17499,42.57,1028,15221,45.97,15577,entertainment,6282
synthetic_train_01585,2025-03-05T08:38:24Z,4913,70700,46.59,5102,81724,48.17,3412,54079,47.19,23134,gaming,23531
synthetic_train_01586,2025-03-05T09:36:00Z,9240,113191,53.48,13707,147759,51.31,17168,184621,53.39,25291,gaming,106953
synthetic_train_01587,2025-03-05T10:33:36Z,9986,113321,51.61,9899,115982,54.45,12937,148937,52.93,87455,entertainment,87057
synthetic_train_01588,2025-03-05T11:31:12Z,4943,86226,47.41,6685,88275,51.61,6046,94705,49.49,52059,entertainment,37795
synthetic_train_01589,2025-03-05T12:28:48Z,8143,95587,52.89,6507,76939,51.46,5380,65466,54.29,23915,lifestyle,36167
synthetic_train_01590,2025-03-05T13:26:24Z,2137,21716,69.24,2416,25556,69.02,2887,30970,73.35,10396,education,24316
synthetic_train_01591,2025-03-05T14:24:00Z,15736,188258,50.58,19848,233445,50.61,24437,241657,53.67,36112,entertainment,133694
synthetic_train_01592,2025-03-05T15:21:36Z,6018,80523,31.03,4640,64455,33.99,2576,32602,30.91,29407,lifestyle,18628
synthetic_train_01593,2025-03-05T16:19:11Z,2269,29690,36.96,1704,22532,42.82,1434,17264,40.48,27165,lifestyle,8788
synthetic_train_01594,2025-03-05T17:16:48Z,20922,269765,66.61,23073,260866,68.29,34403,502730,67.81,84783,entertainment,184714
synthetic_train_01595,2025-03-05T18:14:24Z,27423,362263,42.97,24957,305009,44.3,21704,315784,47.42,71445,gaming,146004
synthetic_train_01596,2025-03-05T19:12:00Z,9734,168606,26.02,9482,152590,24.99,7273,100161,33.49,46860,entertainment,42996
synthetic_train_01597,2025-03-05T20:09:36Z,5519,67315,63.23,5504,66923,59.65,6890,63764,63.61,48480,entertainment,39017
synthetic_train_01598,2025-03-05T21:07:12Z,7054,130906,29.71,6815,100006,35.46,7042,86323,37.32,26589,lifestyle,40806
synthetic_train_01599,2025-03-05T22:04:47Z,4955,58122,57.33,5258,56806,60.22,5378,53527,60.59,18279,entertainment,34159
synthetic_train_01600,2025-03-05T23:02:24Z,5201,76057,27.67,5449,76578,30.28,6881,100737,32.69,52818,lifestyle,37776
synthetic_train_01601,2025-03-06T00:00:00Z,3445,43011,49.3,3008,39182,50.3,3256,43559,51.14,13719,education,20763
synthetic_train_01602,2025-03-06T00:57:35Z,11564,116539,62.7,13353,153353,61.58,12389,125770,60.64,36639,entertainment,88739
synthetic_train_01603,2025-03-06T01:55:12Z,3667,40306,55.8,3402,37037,60.08,5199,57669,56.27,14295,lifestyle,27679
synthetic_train_01604,2025-03-06T02:52:48Z,1343,17146,43.61,1207,14654,44.59,1052,15077,45.68,24426,lifestyle,6979
synthetic_train_01605,2025-03-06T03:50:24Z,10314,121419,48.04,16630,166201,55.22,24743,318754,50.5,67505,entertainment,177630
synthetic_train_01606,2025-03-06T04:48:00Z,3968,43078,71.64,3287,44276,70.69,3572,37205,74.56,23012,education,27994
synthetic_train_01607,2025-03-06T05:45:36Z,2691,28673,52.81,3120,38283,50.34,2957,30691,57.5,10892,entertainment,17004
synthetic_train_01608,2025-03-06T06:43:12Z,26419,338792,38.87,38001,497168,42.09,42030,708960,43.27,95771,education,371153
synthetic_train_01609,2025-03-06T07:40:48Z,1188,12007,68.08,1171,13859,69.34,1468,13582,70.86,10601,education,10908
synthetic_train_01610,2025-03-06T08:38:24Z,55764,635102,44.81,49026,621892,44.34,51855,792246,42.15,95535,lifestyle,350461
synthetic_train_01611,2025-03-06T09:35:59Z,18110,231695,60.12,22891,244125,65.54,38507,403573,67.71,53531,entertainment,213687
synthetic_train_01612,2025-03-06T10:33:36Z,10822,137450,53.32,10577,137910,55.17,14062,203763,57.09,36094,entertainment,71113
synthetic_train_01613,2025-03-06T11:31:12Z,5007,53593,52.79,5979,64927,51.5,8579,88723,56.73,25129,entertainment,54953
synthetic_train_01614,2025-03-06T12:28:48Z,34791,399221,52.14,54392,706574,56.83,68981,784624,58.19,81845,lifestyle,403078
synthetic_train_01615,2025-03-06T13:26:24Z,4316,54169,32.88,4849,80470,29.64,5717,95173,33.8,35923,entertainment,32366
synthetic_train_01616,2025-03-06T14:23:59Z,2882,32092,42.94,3385,54344,47.21,3969,49633,50.24,12523,gaming,21871
synthetic_train_01617,2025-03-06T15:21:36Z,1495,18221,53.48,2607,36118,50.67,3325,37239,57.99,16879,gaming,20775
synthetic_train_01618,2025-03-06T16:19:12Z,4861,55903,54.41,4055,57840,56.08,4386,49454,56.54,14975,education,33568
synthetic_train_01619,2025-03-06T17:16:48Z,6329,87493,58.05,7012,95081,60.38,7654,83200,59.45,34319,lifestyle,57973
synthetic_train_01620,2025-03-06T18:14:23Z,7494,90971,57.5,10189,131750,55.59,14175,159095,55.71,49833,education,106166
synthetic_train_01621,2025-03-06T19:12:00Z,9363,103198,74.16,11356,146972,68.34,10781,122094,70.86,36851,lifestyle,81654
synthetic_train_01622,2025-03-06T20:09:36Z,11478,179511,52.95,13235,161475,61.11,13508,162664,55.72,30923,entertainment,86878
synthetic_train_01623,2025-03-06T21:07:12Z,8143,110939,48.99,8504,97764,54,8183,82948,51.82,36905,gaming,49777
synthetic_train_01624,2025-03-06T22:04:48Z,9101,132435,47.83,7890,83464,51.02,7171,83764,54.54,56776,entertainment,48302
synthetic_train_01625,2025-03-06T23:02:23Z,9961,154662,54.1,10851,132272,56.91,12455,137897,56.03,28232,gaming,89289
synthetic_train_01626,2025-03-07T00:00:00Z,7268,64899,78.75,7283,77565,76.88,8029,81727,81.13,29932,entertainment,57492
synthetic_train_01627,2025-03-07T00:57:36Z,5456,81066,30.56,4093,64472,28.21,2617,35280,30.01,41248,education,20262
synthetic_train_01628,2025-03-07T01:55:12Z,10504,136533,51.57,14079,201647,48.89,11380,123667,51.37,14261,education,85993
synthetic_train_01629,2025-03-07T02:52:47Z,5467,63960,51.69,7414,116560,51.46,10472,92239,59.06,11874,entertainment,54676
synthetic_train_01630,2025-03-07T03:50:24Z,25801,227562,60.32,27487,254402,57.61,33030,392481,62.27,68298,education,229497
synthetic_train_01631,2025-03-07T04:48:00Z,15006,178647,73.44,24136,297408,72.1,36522,324482,78.8,79569,education,255621
synthetic_train_01632,2025-03-07T05:45:36Z,7908,102615,62.02,9116,134591,61.99,7952,104976,59.21,28892,lifestyle,55149
synthetic_train_01633,2025-03-07T06:43:12Z,22537,250747,70.64,26053,291648,70.68,27302,259750,69.66,95727,lifestyle,178617
synthetic_train_01634,2025-03-07T07:40:47Z,2246,25571,33.15,2438,40474,34.47,2093,24580,36.18,34441,gaming,12227
synthetic_train_01635,2025-03-07T08:38:24Z,2205,27540,43.91,3355,43139,43.56,4040,43067,47.87,12183,gaming,24605
synthetic_train_01636,2025-03-07T09:36:00Z,2415,22658,71.71,2895,25801,70.93,2805,38265,71.79,12635,lifestyle,24071
synthetic_train_01637,2025-03-07T10:33:36Z,7006,97747,64.38,8880,80859,61.39,8598,94785,64.04,17750,education,66528
synthetic_train_01638,2025-03-07T11:31:11Z,2563,40619,47.3,3403,40734,46.02,4619,58253,49.24,10330,gaming,23783
synthetic_train_01639,2025-03-07T12:28:48Z,11932,142324,57.79,5800,57547,62.26,4361,37461,63.07,29038,lifestyle,40112
synthetic_train_01640,2025-03-07T13:26:24Z,13569,172124,39.85,13171,167721,41.43,18190,199720,44.67,35959,gaming,98819
synthetic_train_01641,2025-03-07T14:23:59Z,21004,262104,36.94,21349,311114,38.37,16226,266315,41.07,48071,gaming,93365
synthetic_train_01642,2025-03-07T15:21:36Z,3589,42822,38.08,4066,63194,42.13,4386,68018,42.75,21929,entertainment,22153
synthetic_train_01643,2025-03-07T16:19:12Z,2098,20720,61.1,2215,23506,62.68,2321,28758,67.87,13877,entertainment,16591
synthetic_train_01644,2025-03-07T17:16:48Z,6862,97966,52.92,6571,70939,51.03,6821,80194,56.25,34838,gaming,45638
synthetic_train_01645,2025-03-07T18:14:24Z,7577,85289,43.72,12379,160421,39.37,17123,230926,43.46,98397,entertainment,104432
synthetic_train_01646,2025-03-07T19:12:00Z,13108,178415,45.75,13823,164569,49.6,21904,282540,50.06,26684,gaming,145372
synthetic_train_01647,2025-03-07T20:09:36Z,997,12831,46.98,868,9417,47.84,786,10945,47.81,17318,entertainment,4829
synthetic_train_01648,2025-03-07T21:07:12Z,2207,24053,63.69,2678,24290,66.59,3224,32155,71.03,16055,entertainment,23949
synthetic_train_01649,2025-03-07T22:04:48Z,40608,634414,45.99,35249,461727,45.4,37078,454609,47.29,98867,gaming,235382
synthetic_train_01650,2025-03-07T23:02:23Z,2016,20114,66.82,2196,22768,67.14,1605,19951,64.74,15807,education,12848
synthetic_train_01651,2025-03-08T00:00:00Z,1624,16872,45.69,1238,14376,48.46,1115,14705,47.89,11450,entertainment,7034
synthetic_train_01652,2025-03-08T00:57:36Z,5726,78491,59.47,5599,73040,60.54,7299,90349,61.76,20233,gaming,51542
synthetic_train_01653,2025-03-08T01:55:12Z,13499,154866,40.65,15392,175920,41.5,20680,264048,43.86,61203,gaming,106212
synthetic_train_01654,2025-03-08T02:52:48Z,13630,162619,52.5,13977,133216,55.15,14698,153816,56.75,62487,lifestyle,90684
synthetic_train_01655,2025-03-08T03:50:24Z,3131,31326,50.36,2556,30150,53.8,1660,20671,58.05,19508,education,13778
synthetic_train_01656,2025-03-08T04:48:00Z,7804,80916,62.97,9212,102679,64.53,12285,122025,63.13,25392,education,102106
synthetic_train_01657,2025-03-08T05:45:36Z,7454,118564,60.66,9461,92157,61.87,11630,118432,61.61,87186,entertainment,85818
synthetic_train_01658,2025-03-08T06:43:12Z,5798,53874,70.06,6551,79338,65.89,6724,81756,70.95,56184,entertainment,51309
synthetic_train_01659,2025-03-08T07:40:47Z,3840,44548,32.91,4852,82661,36.3,4454,51588,44.07,15389,entertainment,24647
synthetic_train_01660,2025-03-08T08:38:24Z,1463,15567,60.67,2234,20326,64.42,2885,27711,64.75,11276,gaming,19736
synthetic_train_01661,2025-03-08T09:36:00Z,15955,186838,46.46,17601,218161,49.56,19708,280061,48.21,48924,education,132496
synthetic_train_01662,2025-03-08T10:33:36Z,4209,49372,41.24,3062,43058,43.06,2058,25530,46.14,14991,lifestyle,15081
synthetic_train_01663,2025-03-08T11:31:12Z,8269,85863,62.38,8758,87851,69.12,7632,86720,66.48,57423,gaming,59265
synthetic_train_01664,2025-03-08T12:28:48Z,24193,284841,46.86,25544,331672,45.89,22886,262888,46.45,94563,gaming,170980
synthetic_train_01665,2025-03-08T13:26:24Z,1553,18620,53.79,1657,15566,53.87,2022,28089,55.2,13064,education,12155
synthetic_train_01666,2025-03-08T14:24:00Z,28874,399808,45.12,26857,396457,44.31,28689,365940,47.76,91303,lifestyle,180877
synthetic_train_01667,2025-03-08T15:21:36Z,26159,430348,36.38,20169,291719,35.89,18312,201897,37.83,90693,education,115034
synthetic_train_01668,2025-03-08T16:19:11Z,2744,28879,58.18,2365,25455,60.5,2066,21884,63.52,18494,lifestyle,14794
synthetic_train_01669,2025-03-08T17:16:48Z,12057,181775,42.21,12641,164479,47.69,20111,379230,45.37,21794,lifestyle,102011
synthetic_train_01670,2025-03-08T18:14:24Z,12291,152820,53.93,14915,164729,61.8,14370,189911,59.66,88635,education,121633
synthetic_train_01671,2025-03-08T19:12:00Z,34350,453537,59.24,42115,378009,58.75,59577,541390,62.65,73155,entertainment,331813
synthetic_train_01672,2025-03-08T20:09:36Z,3282,47750,59.86,2998,27278,58.74,3111,28375,65.29,37104,entertainment,18782
synthetic_train_01673,2025-03-08T21:07:12Z,37166,391621,62.31,45075,486507,67.49,88275,1054086,69.05,49902,entertainment,491749
synthetic_train_01674,2025-03-08T22:04:48Z,5227,60349,43.51,4573,53351,44.67,3398,36385,46.74,13389,entertainment,19551
synthetic_train_01675,2025-03-08T23:02:24Z,10089,98310,69.51,7967,77012,69.09,7751,74362,72.32,75522,education,81257
synthetic_train_01676,2025-03-09T00:00:00Z,5395,69910,55.31,7159,83577,57.82,7815,97034,58.18,18429,gaming,47744
synthetic_train_01677,2025-03-09T00:57:35Z,19137,173022,61.41,17509,207627,55.53,18442,181674,60.66,88799,education,135962
synthetic_train_01678,2025-03-09T01:55:12Z,12301,128435,48.69,11849,142158,44.19,11096,149106,46.35,66138,entertainment,83692
synthetic_train_01679,2025-03-09T02:52:48Z,23547,361313,38.75,24422,249426,40.24,21769,333141,44.66,79969,education,151219
synthetic_train_01680,2025-03-09T03:50:24Z,12661,171205,32.94,14520,177441,39.79,21951,267393,39,46204,lifestyle,128921
synthetic_train_01681,2025-03-09T04:48:00Z,8689,101350,58.12,6633,70427,60.75,6178,68531,64.27,27594,education,41665
synthetic_train_01682,2025-03-09T05:45:36Z,11565,166772,61.39,11102,99198,64.37,14168,182545,65.71,74439,gaming,108561
synthetic_train_01683,2025-03-09T06:43:12Z,27448,314989,49.25,31010,362063,48.47,31763,358492,53.76,34278,entertainment,170388
synthetic_train_01684,2025-03-09T07:40:48Z,2608,38549,41.58,2299,34847,42.61,1956,22924,47.19,15508,gaming,10536
synthetic_train_01685,2025-03-09T08:38:24Z,6711,78079,73.18,5507,57567,77.77,7268,74563,75.74,20562,education,55934
synthetic_train_01686,2025-03-09T09:35:59Z,10152,130460,56.7,7861,83865,53.09,7544,124658,56.03,67898,education,60892
synthetic_train_01687,2025-03-09T10:33:36Z,2733,48794,26.53,2402,30313,29.23,1525,17525,30.58,17803,entertainment,10715
synthetic_train_01688,2025-03-09T11:31:12Z,9263,86161,61.16,10449,107535,61.19,10622,139547,63.92,37026,lifestyle,58161
synthetic_train_01689,2025-03-09T12:28:48Z,8394,97947,37.25,7230,96784,37.08,5760,64851,40.4,47486,lifestyle,31496
synthetic_train_01690,2025-03-09T13:26:23Z,1557,20092,63.99,1984,21784,65.94,2192,24972,67.14,14035,entertainment,14406
synthetic_train_01691,2025-03-09T14:24:00Z,16137,219658,44.78,19226,289310,46.86,25022,298445,50.09,39159,education,147647
synthetic_train_01692,2025-03-09T15:21:36Z,12222,153892,49.44,12016,177235,53,13334,168147,51.05,10309,education,107748
synthetic_train_01693,2025-03-09T16:19:11Z,26454,303766,60.58,19040,192603,63.25,10861,111719,66.18,63651,education,113309
synthetic_train_01694,2025-03-09T17:16:48Z,9577,114248,53.49,8626,144085,55.4,7880,90941,55.06,22254,gaming,49945
synthetic_train_01695,2025-03-09T18:14:23Z,5792,65752,56.71,6969,76769,57.05,6571,89658,59.52,22931,entertainment,45818
synthetic_train_01696,2025-03-09T19:12:00Z,10324,132982,42.75,15451,185335,43.96,20372,245053,49.93,26063,lifestyle,100932
synthetic_train_01697,2025-03-09T20:09:36Z,16019,150746,73.02,14342,134552,73.09,12866,124010,77.81,20697,gaming,99765
synthetic_train_01698,2025-03-09T21:07:12Z,3112,41275,70.34,2742,27485,72.83,2979,28085,73.95,17084,education,22690
synthetic_train_01699,2025-03-09T22:04:47Z,4003,41028,58.68,6442,86236,59.53,8166,93471,63.62,62239,entertainment,53313
synthetic_train_01700,2025-03-09T23:02:24Z,4168,52983,52.48,4913,55475,55.83,5731,73326,54.53,34093,entertainment,32218
synthetic_train_01701,2025-03-10T00:00:00Z,19672,230633,66.05,19807,185974,67.22,23338,211082,68.8,23452,entertainment,129771
synthetic_train_01702,2025-03-10T00:57:35Z,1360,19771,36.9,1367,15793,36.49,1672,20229,37.47,11504,gaming,7020
synthetic_train_01703,2025-03-10T01:55:12Z,42365,521016,50.99,39467,472010,51.12,52242,632919,52.31,58126,gaming,315942
synthetic_train_01704,2025-03-10T02:52:48Z,408,4837,69.52,459,5533,64.39,467,4189,64.7,14808,lifestyle,2983
synthetic_train_01705,2025-03-10T03:50:24Z,17174,184830,49.06,19350,282094,49.51,25192,459709,45.7,70386,entertainment,136799
synthetic_train_01706,2025-03-10T04:48:00Z,10420,149689,48.02,7895,91949,47.95,8342,122452,52.03,54424,entertainment,55285
synthetic_train_01707,2025-03-10T05:45:36Z,10422,144511,52.51,13920,162572,52.6,14426,193879,56.92,91074,gaming,119011
synthetic_train_01708,2025-03-10T06:43:12Z,6073,80453,66.58,5389,62709,71.36,4454,41395,74.89,23782,lifestyle,29659
synthetic_train_01709,2025-03-10T07:40:48Z,6872,69161,76.28,7887,86126,75.18,7647,65335,78.22,34665,gaming,59840
synthetic_train_01710,2025-03-10T08:38:24Z,33794,395311,39.69,40886,480460,43.45,36482,514697,44.66,98633,entertainment,235321
synthetic_train_01711,2025-03-10T09:35:59Z,3599,44656,56.51,3646,39930,57.69,2720,31126,61.47,11805,lifestyle,20710
synthetic_train_01712,2025-03-10T10:33:36Z,6675,67852,51.24,6076,60059,49.37,5686,64586,56.64,42008,lifestyle,33358
synthetic_train_01713,2025-03-10T11:31:12Z,14954,174687,50.54,12627,178968,55.81,18470,198315,54.84,21780,lifestyle,107561
synthetic_train_01714,2025-03-10T12:28:48Z,7991,137881,34.42,6877,92436,38.82,5966,91874,38.06,39146,gaming,41052
synthetic_train_01715,2025-03-10T13:26:24Z,8695,90341,44.84,11078,141107,50.77,10331,111446,55.1,97193,entertainment,66467
synthetic_train_01716,2025-03-10T14:23:59Z,52072,685028,61.67,51686,527365,69.8,58038,643534,65.78,99869,gaming,400997
synthetic_train_01717,2025-03-10T15:21:36Z,9234,121969,73.23,9171,86078,77.09,8466,91191,75.74,26230,lifestyle,63933
synthetic_train_01718,2025-03-10T16:19:12Z,6068,66254,44.06,4671,51864,45.33,3418,37213,46.33,31398,education,25296
synthetic_train_01719,2025-03-10T17:16:48Z,57745,596905,52.84,44108,521982,54.8,46827,647612,55.86,93612,lifestyle,297801
synthetic_train_01720,2025-03-10T18:14:23Z,9405,95299,53.67,12420,173488,55.92,17069,195608,54.47,24774,education,104198
synthetic_train_01721,2025-03-10T19:12:00Z,4189,49119,57.8,5428,55466,54.18,7711,85312,57.94,27074,lifestyle,45737
synthetic_train_01722,2025-03-10T20:09:36Z,3616,60413,28.47,3582,72804,33.27,4320,60615,35.24,11677,lifestyle,22611
synthetic_train_01723,2025-03-10T21:07:12Z,20820,280945,38.03,35055,574843,36.62,49264,598393,38.36,71731,entertainment,229746
synthetic_train_01724,2025-03-10T22:04:48Z,6676,60082,58.37,6136,57608,60.6,6832,81801,62.37,48501,lifestyle,47036
synthetic_train_01725,2025-03-10T23:02:23Z,22744,237527,63.01,35761,410968,63.75,46710,445269,64.09,49075,education,310724
synthetic_train_01726,2025-03-11T00:00:00Z,3734,39488,66.96,2845,28406,67.66,2008,19899,68.28,17684,lifestyle,18146
synthetic_train_01727,2025-03-11T00:57:36Z,4952,50083,48.3,3554,46720,49.62,2277,23118,51.75,16912,entertainment,15374
synthetic_train_01728,2025-03-11T01:55:12Z,43882,481303,48.55,46457,555019,46.28,40119,504482,52.8,85142,entertainment,278974
synthetic_train_01729,2025-03-11T02:52:47Z,13025,153423,47.83,10522,147138,49.37,8437,83983,51.02,22592,gaming,57362
synthetic_train_01730,2025-03-11T03:50:24Z,13366,163055,61.67,11517,134368,60.41,13950,169691,57.03,56475,education,94755
synthetic_train_01731,2025-03-11T04:48:00Z,10175,96315,65.96,10212,106537,70.71,9689,110920,73.25,41559,entertainment,64647
synthetic_train_01732,2025-03-11T05:45:36Z,26631,282925,39.84,23231,327964,37.61,21345,380823,37.38,35229,gaming,130283
synthetic_train_01733,2025-03-11T06:43:12Z,8366,95765,50.77,10256,138532,53.71,14362,228933,55.39,41510,lifestyle,72165
synthetic_train_01734,2025-03-11T07:40:47Z,2459,27829,66.61,2031,23078,68.47,1661,16639,69.03,17877,lifestyle,12730
synthetic_train_01735,2025-03-11T08:38:24Z,10731,129929,61.19,10753,110994,67.64,9702,98586,68.78,48618,gaming,68927
synthetic_train_01736,2025-03-11T09:36:00Z,3763,36800,48.91,3708,47964,54.91,3572,42572,55.21,32175,gaming,25791
synthetic_train_01737,2025-03-11T10:33:36Z,15131,147119,59.37,12298,183311,58,8294,99309,61.01,80062,education,73224
synthetic_train_01738,2025-03-11T11:31:11Z,5719,67692,47.78,7423,96601,54.6,8306,123817,53.14,36863,lifestyle,60194
synthetic_train_01739,2025-03-11T12:28:48Z,2633,36250,49.08,2838,32556,50.65,3466,33137,54.68,25686,education,26829
synthetic_train_01740,2025-03-11T13:26:24Z,4467,49245,55.22,6419,63368,61.26,7653,94133,59.24,33321,entertainment,45760
synthetic_train_01741,2025-03-11T14:23:59Z,2460,29841,24.77,1970,34816,28.43,1479,24333,31.31,10987,education,9860
synthetic_train_01742,2025-03-11T15:21:36Z,36115,331903,85.31,43833,358599,88.04,40133,414302,84.36,70049,gaming,361564
synthetic_train_01743,2025-03-11T16:19:12Z,6835,90552,34.65,9754,150645,36.6,15203,212357,36.24,18592,entertainment,66834
synthetic_train_01744,2025-03-11T17:16:48Z,12567,200142,39.29,10714,124591,37.22,6678,88785,40.81,16983,education,45412
synthetic_train_01745,2025-03-11T18:14:24Z,4263,51873,56.96,4995,64901,54.88,4983,56940,61.72,28857,entertainment,34235
synthetic_train_01746,2025-03-11T19:12:00Z,25194,226157,60.99,12181,138563,62.13,9568,104255,65.03,57535,education,92230
synthetic_train_01747,2025-03-11T20:09:35Z,7438,82909,65.3,4768,57026,64.96,3656,44346,64.52,27548,education,30784
synthetic_train_01748,2025-03-11T21:07:12Z,3062,38331,43.23,3342,34522,43.71,3198,37861,48.36,24052,gaming,18460
synthetic_train_01749,2025-03-11T22:04:48Z,3667,43791,47.13,5944,75688,50.82,8039,106811,49.36,23845,education,60241
synthetic_train_01750,2025-03-11T23:02:23Z,4964,56300,46.76,7265,128261,50.85,7744,89528,49.92,48906,lifestyle,58454
synthetic_train_01751,2025-03-12T00:00:00Z,25635,435988,40.75,23521,276065,44.14,24099,322493,44.13,94665,lifestyle,144339
synthetic_train_01752,2025-03-12T00:57:36Z,3481,38572,49.93,3872,48675,53.86,6031,71662,55.15,10706,education,37704
synthetic_train_01753,2025-03-12T01:55:12Z,14771,152397,72.81,12408,106131,77.32,11098,107017,75.4,95898,education,99761
synthetic_train_01754,2025-03-12T02:52:48Z,23005,312551,59.85,34511,433442,60.59,52041,631220,61.43,80986,entertainment,392921
synthetic_train_01755,2025-03-12T03:50:24Z,37618,483787,41.09,40382,697525,44.71,40285,452269,41.58,99833,education,336690
synthetic_train_01756,2025-03-12T04:47:59Z,5699,60945,50.19,4963,74939,52.02,5597,65847,57.11,52268,entertainment,34345
synthetic_train_01757,2025-03-12T05:45:36Z,14749,162658,75.1,19593,177280,74.99,27527,260615,78.06,42086,lifestyle,189667
synthetic_train_01758,2025-03-12T06:43:12Z,9966,125445,44.72,6146,64813,47.58,4340,48223,51.53,59537,entertainment,30841
synthetic_train_01759,2025-03-12T07:40:47Z,18662,205895,35.02,15401,264176,33.5,10907,160113,31.79,76887,gaming,71250
synthetic_train_01760,2025-03-12T08:38:24Z,10665,118271,62.99,15094,144306,62.37,19569,235123,64.1,46398,entertainment,100820
synthetic_train_01761,2025-03-12T09:36:00Z,682,8571,54.78,726,7772,54.04,951,11158,55.68,10084,education,5969
synthetic_train_01762,2025-03-12T10:33:36Z,12393,249857,39,9637,160096,43.5,5894,88335,41.69,82547,education,49641
synthetic_train_01763,2025-03-12T11:31:12Z,8530,105473,37.43,6448,82983,33.03,6613,96428,35.16,28498,gaming,37383
synthetic_train_01764,2025-03-12T12:28:48Z,6542,86310,48.23,6195,70597,49.3,4844,53578,50.57,90824,education,35458
synthetic_train_01765,2025-03-12T13:26:24Z,2498,27755,77.33,2632,25128,75.48,4147,40203,81.46,22683,education,27805
synthetic_train_01766,2025-03-12T14:24:00Z,2860,34148,47.9,3004,31335,53.85,2432,33640,53.81,26326,gaming,17809
synthetic_train_01767,2025-03-12T15:21:36Z,1412,17018,53.6,1619,22655,53.14,1837,28683,53.89,14287,education,11531
synthetic_train_01768,2025-03-12T16:19:11Z,6814,57470,76.96,5353,59758,78.08,6025,53475,78.98,53565,lifestyle,42682
synthetic_train_01769,2025-03-12T17:16:48Z,16431,254876,44.93,13823,195565,45.47,9766,109220,44.73,43589,entertainment,72831
synthetic_train_01770,2025-03-12T18:14:24Z,2796,30927,65.23,3407,35183,63.58,3284,35402,65.33,10413,lifestyle,23435
synthetic_train_01771,2025-03-12T19:12:00Z,722,9805,57.69,676,7067,57.02,526,5695,59.54,17881,gaming,4166
synthetic_train_01772,2025-03-12T20:09:36Z,5583,81152,37.25,7444,173615,37.91,8513,128809,39.87,22560,gaming,53618
synthetic_train_01773,2025-03-12T21:07:12Z,11421,147467,46.75,9599,132830,46.19,8524,125960,46.97,53065,gaming,47231
synthetic_train_01774,2025-03-12T22:04:48Z,4487,66303,41.98,4552,49892,43.51,3586,59635,42.93,18751,gaming,23636
synthetic_train_01775,2025-03-12T23:02:24Z,1554,17950,52.4,1870,29166,49.12,2054,32870,52.82,10428,lifestyle,12618
synthetic_train_01776,2025-03-13T00:00:00Z,50334,635682,42.14,33299,348692,44.41,23078,217753,43.03,42969,entertainment,164063
synthetic_train_01777,2025-03-13T00:57:35Z,9440,116024,43.27,13134,142033,44.17,20072,263884,40.75,38089,entertainment,137736
synthetic_train_01778,2025-03-13T01:55:12Z,14739,227489,24.75,12500,146728,27.92,12871,187872,30.73,59154,gaming,76933
synthetic_train_01779,2025-03-13T02:52:48Z,15158,179913,40.25,11766,156565,38.42,11026,140157,38.11,82376,gaming,66443
synthetic_train_01780,2025-03-13T03:50:24Z,13389,283964,26.87,14643,170964,27.8,14509,190810,28.09,96411,entertainment,87852
synthetic_train_01781,2025-03-13T04:48:00Z,3720,46497,61.22,4328,42533,65.89,5932,68221,64.89,28992,education,36453
synthetic_train_01782,2025-03-13T05:45:36Z,10401,134557,47.8,9196,111839,51.74,9182,94145,51.02,20309,gaming,60268
synthetic_train_01783,2025-03-13T06:43:12Z,33333,366319,49.54,34393,397188,51.68,42975,499754,48.99,61446,education,305579
synthetic_train_01784,2025-03-13T07:40:48Z,13545,203904,51.28,16765,191669,60.69,19209,206837,57.51,42056,education,165443
synthetic_train_01785,2025-03-13T08:38:24Z,1780,26084,42.93,1667,20026,43.93,1932,27035,45.31,12526,entertainment,9422
synthetic_train_01786,2025-03-13T09:35:59Z,1982,29807,43.14,3226,50071,47.48,3808,61146,45.49,11720,gaming,22363
synthetic_train_01787,2025-03-13T10:33:36Z,5986,74549,67.46,4860,55899,70.14,5367,44479,73.02,11142,gaming,38976
synthetic_train_01788,2025-03-13T11:31:12Z,51159,600325,53,63175,790207,55.78,85900,1321497,57.62,57426,gaming,632567
synthetic_train_01789,2025-03-13T12:28:48Z,33520,424559,49.99,35520,443641,54.85,56920,663756,57.47,75348,education,404092
synthetic_train_01790,2025-03-13T13:26:24Z,15381,258715,54.21,21642,263445,58.51,30021,375608,55.43,67213,education,229640
synthetic_train_01791,2025-03-13T14:23:59Z,10261,111696,45.88,14551,184306,48.94,18734,233350,50.52,71913,lifestyle,103566
synthetic_train_01792,2025-03-13T15:21:36Z,17461,175555,59.18,19379,249698,58.44,19025,192377,61.85,59366,entertainment,131991
synthetic_train_01793,2025-03-13T16:19:12Z,1934,18565,59.96,2262,26887,63.84,2679,24184,66.85,10925,gaming,14891
synthetic_train_01794,2025-03-13T17:16:48Z,2521,32055,51.05,3992,47685,46.9,4857,71192,52.75,13353,education,31619
synthetic_train_01795,2025-03-13T18:14:23Z,6237,71240,53.94,4605,58972,55.45,2925,34828,56.46,21182,entertainment,24342
synthetic_train_01796,2025-03-13T19:12:00Z,4237,45558,70.22,4241,50831,65.25,2861,27502,70.87,26000,lifestyle,21234
synthetic_train_01797,2025-03-13T20:09:36Z,11554,124154,67.23,14388,154176,65.21,16695,230965,69.29,71825,entertainment,120209
synthetic_train_01798,2025-03-13T21:07:12Z,19283,175401,78.52,24166,191638,76.5,31000,300416,77.24,29077,lifestyle,239211
synthetic_train_01799,2025-03-13T22:04:48Z,5356,61447,56.43,6431,69087,57.21,8104,80735,58.71,49234,education,58131
synthetic_train_01800,2025-03-13T23:02:24Z,15323,148620,71.38,21173,229088,67.31,27596,313004,68.27,96169,entertainment,227066
synthetic_train_01801,2025-03-14T00:00:00Z,14370,182924,66.01,10987,130307,72.16,10156,109381,71.28,67417,lifestyle,75264
synthetic_train_01802,2025-03-14T00:57:36Z,9561,103624,44.21,9882,123188,42.39,11296,175196,40.93,30705,education,70093
synthetic_train_01803,2025-03-14T01:55:12Z,7802,100382,46.66,10681,155798,51.34,13542,154707,57.31,32430,gaming,78344
synthetic_train_01804,2025-03-14T02:52:48Z,10109,100093,62.45,14294,142799,65.01,16445,185408,65.11,32852,lifestyle,115755
synthetic_train_01805,2025-03-14T03:50:24Z,20678,234529,60.88,19783,214369,60.43,21550,213440,64.79,73301,entertainment,152399
synthetic_train_01806,2025-03-14T04:48:00Z,7619,77075,67.8,8963,83137,71.97,9129,109428,70.2,14974,education,74075
synthetic_train_01807,2025-03-14T05:45:36Z,10596,130869,29.08,7207,96943,32.85,5959,57354,34.43,69519,gaming,37864
synthetic_train_01808,2025-03-14T06:43:12Z,14042,165017,50.88,15554,157140,47.23,18040,160948,51.02,95764,education,120814
synthetic_train_01809,2025-03-14T07:40:48Z,4879,85374,54.78,5718,69050,56.54,6453,70121,63.35,29727,gaming,43513
synthetic_train_01810,2025-03-14T08:38:24Z,1413,14716,49.81,1121,11523,55.37,808,10038,52.77,10648,education,5670
synthetic_train_01811,2025-03-14T09:36:00Z,3195,63812,25.44,2498,29210,30.8,1901,26520,30.46,27430,gaming,12289
synthetic_train_01812,2025-03-14T10:33:36Z,3868,55836,47.95,5152,71994,52.73,5089,67327,54.02,28630,education,36933
synthetic_train_01813,2025-03-14T11:31:12Z,12857,167253,35.59,12977,188234,36.38,10942,163605,39.75,88490,education,79999
synthetic_train_01814,2025-03-14T12:28:48Z,4557,74546,40.38,4201,51415,40.32,3782,43345,42.36,17795,entertainment,21088
synthetic_train_01815,2025-03-14T13:26:24Z,28012,383613,50.48,33694,374324,49.19,56104,609118,56.72,85445,entertainment,305734
synthetic_train_01816,2025-03-14T14:23:59Z,2058,23331,51.34,2368,26603,56.02,2188,27852,59.49,21137,lifestyle,13432
synthetic_train_01817,2025-03-14T15:21:35Z,17719,272715,30.37,14733,237271,35.24,17010,193767,35.03,35806,entertainment,78621
synthetic_train_01818,2025-03-14T16:19:12Z,74140,695404,78.73,54074,513481,81.48,52539,441499,82.65,88568,education,416426
synthetic_train_01819,2025-03-14T17:16:48Z,4718,45052,80.18,5752,60017,77.42,7357,68573,79.88,10525,lifestyle,50415
synthetic_train_01820,2025-03-14T18:14:23Z,10158,96004,62.06,9773,119891,64.83,8068,84724,66.09,28628,gaming,57160
synthetic_train_01821,2025-03-14T19:12:00Z,14028,152698,65.28,20498,301742,64.24,27169,290030,68.04,52856,education,237895
synthetic_train_01822,2025-03-14T20:09:36Z,3147,57539,36.11,4029,60476,41.57,4102,50087,41.7,20138,entertainment,24914
synthetic_train_01823,2025-03-14T21:07:12Z,6697,77192,47.51,6159,74955,50.61,6760,74580,48.19,46186,education,52864
synthetic_train_01824,2025-03-14T22:04:48Z,10667,119496,55.84,8709,111273,60.9,8637,93677,61.13,25101,entertainment,57452
synthetic_train_01825,2025-03-14T23:02:23Z,1252,13500,60.53,1439,14921,59.05,1258,14665,61.11,17049,gaming,9327
synthetic_train_01826,2025-03-15T00:00:00Z,13448,200557,51.84,16363,182180,58.99,16958,235576,55.03,59827,entertainment,99378
synthetic_train_01827,2025-03-15T00:57:36Z,1442,17770,45.57,1812,24754,44.84,1745,19159,48.14,18011,entertainment,11422
synthetic_train_01828,2025-03-15T01:55:12Z,11751,133260,55.56,9961,96621,54.39,7984,79085,56.43,36786,education,59763
synthetic_train_01829,2025-03-15T02:52:47Z,1876,17873,72.73,2193,21575,73.21,1879,19669,79.88,24734,education,19092
synthetic_train_01830,2025-03-15T03:50:24Z,8043,87290,61.59,6886,74283,60.94,4593,39539,64.44,19065,entertainment,32569
synthetic_train_01831,2025-03-15T04:48:00Z,9718,96382,51.56,13604,178536,48.38,19501,342746,50.48,66403,education,139637
synthetic_train_01832,2025-03-15T05:45:36Z,28413,330015,58.39,31517,337082,64.71,48107,525073,67.51,26207,lifestyle,312972
synthetic_train_01833,2025-03-15T06:43:12Z,2095,23249,42.73,3056,33602,45.71,4022,64585,46.98,17581,entertainment,22846
synthetic_train_01834,2025-03-15T07:40:47Z,1467,14930,63.45,1554,17242,63.54,2164,22562,64.33,23654,gaming,12807
synthetic_train_01835,2025-03-15T08:38:24Z,9967,117930,53.71,6421,91471,53.44,4235,48293,57.25,16173,education,44269
synthetic_train_01836,2025-03-15T09:36:00Z,7654,99096,62.93,7832,90244,64.45,6311,54462,66.53,45795,lifestyle,41654
synthetic_train_01837,2025-03-15T10:33:36Z,4720,66879,45.17,4332,48176,48.13,4415,53835,50.21,54353,education,27087
synthetic_train_01838,2025-03-15T11:31:11Z,4935,63413,57.04,4941,56976,55.02,4254,46536,57.57,28235,entertainment,25670
synthetic_train_01839,2025-03-15T12:28:48Z,2468,26096,56.8,2368,30718,60.39,2100,24335,63.43,18385,education,15638
synthetic_train_01840,2025-03-15T13:26:24Z,6752,74035,68.04,6947,74065,67.99,10741,104739,70.66,26460,entertainment,74088
synthetic_train_01841,2025-03-15T14:23:59Z,11737,268668,50.51,13957,141946,50.43,14969,141289,53.08,81423,gaming,99686
synthetic_train_01842,2025-03-15T15:21:36Z,28673,327214,45.45,22060,286020,51.73,18970,233860,50.62,83992,entertainment,138247
synthetic_train_01843,2025-03-15T16:19:11Z,1346,23472,27.65,1082,17094,29.66,664,10886,28.94,10735,entertainment,4345
synthetic_train_01844,2025-03-15T17:16:48Z,8208,120080,49.12,5772,67005,53.64,3765,50147,54.02,28031,entertainment,28398
synthetic_train_01845,2025-03-15T18:14:24Z,1207,15969,42.46,1977,28021,41.81,2545,33372,46.57,12726,lifestyle,13823
synthetic_train_01846,2025-03-15T19:12:00Z,3981,42913,57.33,3524,33928,59.66,2663,34291,55.63,26041,lifestyle,19874
synthetic_train_01847,2025-03-15T20:09:35Z,18383,220947,45.33,15929,204721,48.71,15540,188730,50.67,84958,lifestyle,115910
synthetic_train_01848,2025-03-15T21:07:12Z,826,17119,21.42,805,10504,20.27,731,16002,17.68,19130,lifestyle,3850
synthetic_train_01849,2025-03-15T22:04:48Z,2627,27574,55.02,2263,29160,54,2902,35193,59.2,13296,entertainment,17566
synthetic_train_01850,2025-03-15T23:02:23Z,35931,419235,47.2,27019,333374,49.16,15879,200608,48.76,87482,entertainment,129233
synthetic_train_01851,2025-03-16T00:00:00Z,25872,310394,50.32,23855,287324,47.69,24806,330301,45.78,88819,education,179617
synthetic_train_01852,2025-03-16T00:57:35Z,3893,46570,48.18,4054,47449,45.89,5007,56631,48.33,28822,lifestyle,24497
synthetic_train_01853,2025-03-16T01:55:12Z,9324,101876,54.35,11864,159344,57.26,16102,216419,54.87,27268,entertainment,94233
synthetic_train_01854,2025-03-16T02:52:48Z,5586,70622,52.3,5430,55216,54.07,5565,61470,53.22,12675,gaming,30931
synthetic_train_01855,2025-03-16T03:50:24Z,17822,225459,57.58,21548,291082,60.32,19701,256155,59.78,67982,lifestyle,159681
synthetic_train_01856,2025-03-16T04:47:59Z,26833,277335,65.47,35302,369788,69.27,50787,462287,69.72,49364,education,467428
synthetic_train_01857,2025-03-16T05:45:36Z,2189,22918,71.99,2363,23383,71.24,2176,24102,74.99,22749,entertainment,15915
synthetic_train_01858,2025-03-16T06:43:12Z,2689,32765,54.3,2966,36607,54.89,2987,36678,57.39,18583,education,17876
synthetic_train_01859,2025-03-16T07:40:47Z,2536,27467,46.35,2451,25846,49.32,2706,32920,46.2,18491,education,17769
synthetic_train_01860,2025-03-16T08:38:24Z,1474,20412,57.66,1461,20371,55.44,1418,17169,56.34,11449,lifestyle,10774
synthetic_train_01861,2025-03-16T09:36:00Z,2655,36950,46.37,2859,34499,46.3,3378,32904,50.84,17387,lifestyle,18474
synthetic_train_01862,2025-03-16T10:33:36Z,30466,426331,39.78,27161,361874,36.72,24235,257602,39.07,58731,gaming,143718
synthetic_train_01863,2025-03-16T11:31:12Z,5425,66004,67.94,7630,74375,70.83,12751,133561,72.33,11699,gaming,81748
synthetic_train_01864,2025-03-16T12:28:48Z,1899,23876,46.04,1380,18087,49.66,870,11009,50.75,15257,education,6463
synthetic_train_01865,2025-03-16T13:26:24Z,9312,114790,62.21,7041,60970,61.77,6091,60172,62.53,45882,lifestyle,44897
synthetic_train_01866,2025-03-16T14:24:00Z,2600,30400,57.67,2871,31467,54.66,2677,33280,55.82,11916,entertainment,14605
synthetic_train_01867,2025-03-16T15:21:36Z,7363,107947,42.73,6689,75051,43.68,7472,120016,47.21,23407,education,47857
synthetic_train_01868,2025-03-16T16:19:11Z,7963,108428,57.8,10990,109036,52.11,14168,170124,57.09,27199,lifestyle,111617
synthetic_train_01869,2025-03-16T17:16:48Z,12890,163161,60.46,14927,147418,60.49,12917,137810,60.4,40605,gaming,88151
synthetic_train_01870,2025-03-16T18:14:24Z,18862,200263,51.92,15151,163809,53.24,18449,281894,53.98,99492,gaming,103077
synthetic_train_01871,2025-03-16T19:12:00Z,9448,113379,45.37,10108,176222,45.75,9747,135764,46.44,64377,gaming,57393
synthetic_train_01872,2025-03-16T20:09:36Z,1300,17974,41.62,1148,18741,42.27,1014,11984,50.47,12757,gaming,6132
synthetic_train_01873,2025-03-16T21:07:12Z,12842,137098,72.98,21262,175062,70.79,29897,263627,76.07,46454,entertainment,204424
synthetic_train_01874,2025-03-16T22:04:48Z,8734,113937,47.94,8565,131724,49.27,8389,93886,48.74,72665,lifestyle,58272
synthetic_train_01875,2025-03-16T23:02:24Z,26893,239459,53.08,23486,294862,57.93,20153,241422,61.87,52113,lifestyle,149976
synthetic_train_01876,2025-03-17T00:00:00Z,6996,79947,58.85,7550,83557,59.48,9075,116062,59.37,40277,entertainment,61726
synthetic_train_01877,2025-03-17T00:57:35Z,18943,173418,57.22,14981,169040,57.91,13964,139979,58.02,16184,lifestyle,96181
synthetic_train_01878,2025-03-17T01:55:12Z,11645,138167,49.51,12275,158859,52.83,9232,115527,53.55,50370,entertainment,61923
synthetic_train_01879,2025-03-17T02:52:48Z,3896,55216,38.51,5050,60577,39.03,5261,57091,42.42,20160,gaming,29708
synthetic_train_01880,2025-03-17T03:50:24Z,9329,107568,48.18,9161,123985,46.73,7904,73659,50.34,43878,entertainment,44462
synthetic_train_01881,2025-03-17T04:48:00Z,5610,48463,71.33,8866,86454,73.07,13554,131314,71.18,38064,education,135538
synthetic_train_01882,2025-03-17T05:45:36Z,13121,159243,56.52,17679,252070,59.26,25718,242917,57.58,28268,lifestyle,163158
synthetic_train_01883,2025-03-17T06:43:12Z,50118,795953,50.54,41623,449053,54.52,34309,395131,52.27,70667,gaming,277080
synthetic_train_01884,2025-03-17T07:40:48Z,7373,68310,79.85,7068,59663,78.61,8540,68700,82.24,26082,entertainment,50899
synthetic_train_01885,2025-03-17T08:38:24Z,3601,37256,34.78,3359,48302,31.98,4237,72337,36.1,19417,entertainment,19735
synthetic_train_01886,2025-03-17T09:35:59Z,7819,108910,55.68,9256,99686,60.62,7608,79805,63.37,13263,education,50924
synthetic_train_01887,2025-03-17T10:33:36Z,8055,67355,69.89,8761,94890,67.23,8101,94276,70,76542,lifestyle,56783
synthetic_train_01888,2025-03-17T11:31:12Z,30581,401607,47.94,39194,591280,50.02,46293,546186,52.55,63551,gaming,343034
synthetic_train_01889,2025-03-17T12:28:48Z,2926,38653,44.29,3200,39374,48.34,4007,53010,52.72,15403,lifestyle,24571
synthetic_train_01890,2025-03-17T13:26:24Z,2778,31539,51.36,2349,30511,50.24,2139,24752,51.27,10015,entertainment,11920
synthetic_train_01891,2025-03-17T14:23:59Z,2876,33225,58.69,2855,32186,59.73,3891,41525,61.17,24193,gaming,19666
synthetic_train_01892,2025-03-17T15:21:36Z,4724,92763,41.22,4648,57113,46.74,5282,63412,43.24,34883,gaming,26209
synthetic_train_01893,2025-03-17T16:19:12Z,9546,104878,55,9326,131421,55.21,8400,125672,56.3,46823,lifestyle,71246
synthetic_train_01894,2025-03-17T17:16:48Z,15270,167775,46.07,17369,250257,49.85,23623,239691,49.94,67280,gaming,143065
synthetic_train_01895,2025-03-17T18:14:23Z,56468,859441,41.25,54479,688166,49.15,62661,1265976,41.67,89868,gaming,363534
synthetic_train_01896,2025-03-17T19:12:00Z,6130,88214,38.64,7543,119015,40.88,11703,161085,46.09,26706,entertainment,55719
synthetic_train_01897,2025-03-17T20:09:36Z,16319,169044,37.79,10584,140113,37.58,7950,98271,34.92,71121,education,53113
synthetic_train_01898,2025-03-17T21:07:12Z,22385,272772,76.57,26732,322068,77.24,34331,360036,79.7,98233,entertainment,236117
synthetic_train_01899,2025-03-17T22:04:48Z,10220,105116,66.12,11850,150088,64.67,11946,122970,66,10377,gaming,83019
synthetic_train_01900,2025-03-17T23:02:24Z,9975,115970,45.89,12107,169721,47.71,11858,148961,50.47,30632,gaming,88859
synthetic_train_01901,2025-03-18T00:00:00Z,9587,94139,65.59,10368,103154,69.7,15968,157314,67.6,57363,education,107244
synthetic_train_01902,2025-03-18T00:57:36Z,19702,229186,41.05,13385,140861,46.34,10230,135293,43.83,51854,gaming,69201
synthetic_train_01903,2025-03-18T01:55:12Z,19108,244049,34.03,26919,383814,37.33,30415,419035,33.18,99618,entertainment,169670
synthetic_train_01904,2025-03-18T02:52:47Z,1684,19706,65.1,1578,16836,65.2,1784,16474,66.58,15105,gaming,11853
synthetic_train_01905,2025-03-18T03:50:24Z,39434,586757,32.28,39745,590383,36.81,29100,373171,38.09,32766,entertainment,192607
synthetic_train_01906,2025-03-18T04:48:00Z,5665,57387,61.55,4497,48406,61.33,5088,54557,66.39,17257,gaming,29190
synthetic_train_01907,2025-03-18T05:45:36Z,6235,69859,55.78,5401,73715,61.13,6112,88622,57.85,33122,gaming,43644
synthetic_train_01908,2025-03-18T06:43:12Z,8156,67943,71.46,6378,60455,71.02,5924,58507,72.98,37799,lifestyle,38174
synthetic_train_01909,2025-03-18T07:40:48Z,11201,133768,47.86,10145,152677,47.04,9861,117891,48.42,34161,education,70309
synthetic_train_01910,2025-03-18T08:38:24Z,1647,16662,59.44,1891,22195,66.22,1830,18616,66.98,10193,lifestyle,13927
synthetic_train_01911,2025-03-18T09:36:00Z,3038,33924,73.79,3423,35455,69.83,3841,49299,70.33,38103,education,35560
synthetic_train_01912,2025-03-18T10:33:36Z,5463,56928,37.17,4176,63464,37.19,4085,51576,40.76,35902,entertainment,23919
synthetic_train_01913,2025-03-18T11:31:11Z,4511,48887,70.41,6439,56226,74.66,8930,88206,75.04,49863,gaming,74014
synthetic_train_01914,2025-03-18T12:28:48Z,19061,283759,55.11,25150,306235,55.54,32818,472916,56.94,74786,entertainment,254224
synthetic_train_01915,2025-03-18T13:26:24Z,3778,39508,55.5,4264,72271,49.7,3825,46834,51.69,55950,entertainment,24966
synthetic_train_01916,2025-03-18T14:23:59Z,41851,566120,46.95,45413,520276,48.98,44615,785606,50.96,94427,lifestyle,315111
synthetic_train_01917,2025-03-18T15:21:36Z,9406,102136,63.2,12869,133855,67.75,24975,238149,67.73,35819,entertainment,149363
synthetic_train_01918,2025-03-18T16:19:12Z,4732,47417,65.95,7851,78875,71.07,10941,108154,75.19,18262,gaming,72153
synthetic_train_01919,2025-03-18T17:16:48Z,1568,15062,62.11,2325,27579,65.61,3090,32059,68.49,22002,education,26253
synthetic_train_01920,2025-03-18T18:14:24Z,18031,246397,35.14,19637,244427,31.35,24077,284036,34.46,75382,entertainment,111203
synthetic_train_01921,2025-03-18T19:12:00Z,4125,56797,50.31,3874,40828,46.98,3780,52429,46.36,31413,entertainment,18973
synthetic_train_01922,2025-03-18T20:09:36Z,9222,105996,38.83,6369,96100,39.5,5653,85048,44.49,23442,entertainment,35701
synthetic_train_01923,2025-03-18T21:07:12Z,5690,85751,41.96,5688,78360,46.04,6718,105742,48.4,42576,gaming,44242
synthetic_train_01924,2025-03-18T22:04:48Z,29932,310111,61,28798,304142,63.94,29267,322082,62.17,46314,education,230231
synthetic_train_01925,2025-03-18T23:02:23Z,42988,615025,54.78,34989,399058,53.85,42259,581124,56.04,90672,lifestyle,252001
synthetic_train_01926,2025-03-19T00:00:00Z,11681,127102,58.33,13744,153334,59.11,18094,175596,65.31,22685,lifestyle,112345
synthetic_train_01927,2025-03-19T00:57:36Z,2267,25621,42.5,2139,28377,47.97,2553,32277,45.25,10046,education,15051
synthetic_train_01928,2025-03-19T01:55:12Z,1055,13176,51.68,826,10888,54.99,780,7465,56.5,19784,gaming,5496
synthetic_train_01929,2025-03-19T02:52:48Z,3774,39715,52.8,4958,69054,55.52,5864,65162,57.42,38864,education,37612
synthetic_train_01930,2025-03-19T03:50:24Z,4075,48770,55.19,3660,43090,56.94,2959,48266,56.95,33173,gaming,26305
synthetic_train_01931,2025-03-19T04:48:00Z,14486,122154,76.97,22539,209576,78.54,31224,293059,77.27,14872,education,276287
synthetic_train_01932,2025-03-19T05:45:36Z,2717,30259,63.2,2662,32374,62.12,2562,21747,62.64,29118,education,20575
synthetic_train_01933,2025-03-19T06:43:12Z,9546,90905,74.41,8819,89005,72.6,8706,86002,74.8,28761,education,70609
synthetic_train_01934,2025-03-19T07:40:47Z,4867,59419,53.41,7146,83686,53.87,7401,82947,56.53,31639,entertainment,51058
synthetic_train_01935,2025-03-19T08:38:24Z,2259,26582,46.54,1575,20859,50.3,1800,19080,47.75,22736,education,10679
synthetic_train_01936,2025-03-19T09:36:00Z,53675,570570,62.96,44818,509686,59.74,31470,333212,64.49,61821,gaming,232394
synthetic_train_01937,2025-03-19T10:33:36Z,18954,263172,42.59,15077,182742,43.54,18345,238048,44.96,16958,education,111821
synthetic_train_01938,2025-03-19T11:31:12Z,11861,138375,45.27,13323,162625,44.2,13347,156068,46.12,28157,gaming,82712
synthetic_train_01939,2025-03-19T12:28:48Z,4421,47352,58.58,4166,59871,59.52,4674,55006,63.24,29090,gaming,29577
synthetic_train_01940,2025-03-19T13:26:24Z,1246,16550,41.27,857,9646,49.16,564,8501,49.02,10313,gaming,3915
synthetic_train_01941,2025-03-19T14:23:59Z,3127,31981,60.96,3796,41282,62.32,4902,48029,62.49,22463,gaming,35196
synthetic_train_01942,2025-03-19T15:21:36Z,2244,22369,47.45,2971,36565,48.72,3062,37158,49.91,17079,lifestyle,19244
synthetic_train_01943,2025-03-19T16:19:11Z,1111,12200,61.07,1125,11240,65.51,1291,17481,62.32,19146,gaming,11041
synthetic_train_01944,2025-03-19T17:16:48Z,2441,36153,57.56,1885,17653,61.71,1917,19930,64.23,14748,lifestyle,12913
synthetic_train_01945,2025-03-19T18:14:24Z,3192,43224,54.05,2671,27237,51.52,2059,24517,50.74,17741,lifestyle,13391
synthetic_train_01946,2025-03-19T19:12:00Z,16632,210438,34.22,13420,208801,35.51,13682,162013,37.04,40546,gaming,83318
synthetic_train_01947,2025-03-19T20:09:35Z,8893,94551,61.44,7604,79840,61.31,6648,75360,65.39,46527,lifestyle,49878
synthetic_train_01948,2025-03-19T21:07:12Z,19241,271319,39.16,18320,266900,42.8,17518,202579,41.46,60872,gaming,108319
synthetic_train_01949,2025-03-19T22:04:48Z,28701,424869,66.59,27453,290741,62.24,26223,224569,66.41,32129,entertainment,182058
synthetic_train_01950,2025-03-19T23:02:23Z,3864,62314,42.13,2947,31919,41.48,2891,52903,39.74,26188,gaming,17638
synthetic_train_01951,2025-03-20T00:00:00Z,15445,185625,52.76,17887,170840,55.85,16366,199070,58.11,53893,gaming,123528
synthetic_train_01952,2025-03-20T00:57:35Z,4925,58534,42.41,3773,40728,43.36,2760,32828,42.28,11595,lifestyle,18480
synthetic_train_01953,2025-03-20T01:55:12Z,2231,22535,71,1716,17895,69.78,1389,17633,70.53,11452,lifestyle,8907
synthetic_train_01954,2025-03-20T02:52:48Z,14979,205880,53.15,9649,99053,54.47,9001,104697,54.89,59640,entertainment,63999
synthetic_train_01955,2025-03-20T03:50:24Z,6896,62756,87.34,7635,63465,89.44,9783,76089,91.74,10637,entertainment,54768
synthetic_train_01956,2025-03-20T04:47:59Z,2063,19701,58.47,2243,23757,58.68,1746,23348,61.07,11926,lifestyle,12080
synthetic_train_01957,2025-03-20T05:45:36Z,7834,107014,50.63,7003,93119,53.36,5047,60631,54.57,23697,education,36644
synthetic_train_01958,2025-03-20T06:43:12Z,4070,43313,50.83,2942,48434,52.23,1491,15958,53.41,17817,entertainment,13622
synthetic_train_01959,2025-03-20T07:40:47Z,13755,131502,67.08,17476,186200,67.38,17465,177820,68.89,54538,entertainment,130694
synthetic_train_01960,2025-03-20T08:38:24Z,6244,76383,53.96,6683,86046,49.71,6028,81791,52.58,87293,gaming,39771
synthetic_train_01961,2025-03-20T09:36:00Z,12548,162735,52.5,17661,210944,55.65,28258,352299,54.87,44436,lifestyle,160097
synthetic_train_01962,2025-03-20T10:33:36Z,4328,45451,52.42,5888,83259,54.57,8227,90970,53.22,11485,gaming,51776
synthetic_train_01963,2025-03-20T11:31:12Z,12334,112938,60.78,16369,200555,60.55,18140,220527,61.62,72733,lifestyle,124764
synthetic_train_01964,2025-03-20T12:28:48Z,2317,62179,27.35,1744,29020,25.43,1374,15684,27.91,10397,lifestyle,8137
synthetic_train_01965,2025-03-20T13:26:23Z,18269,257236,49.92,20013,222050,53.26,16922,223777,55.27,96061,education,141220
synthetic_train_01966,2025-03-20T14:24:00Z,4936,64638,48.45,4211,39708,45.5,3558,36964,51.03,17886,lifestyle,20851
synthetic_train_01967,2025-03-20T15:21:36Z,2858,33637,48.69,3681,42556,49.9,5625,67310,50.57,25546,gaming,33216
synthetic_train_01968,2025-03-20T16:19:11Z,3890,48451,77.9,3383,34405,76.91,3708,32861,81.56,12310,entertainment,23190
synthetic_train_01969,2025-03-20T17:16:48Z,9369,111805,48.32,10175,138968,52.87,10496,141691,53.04,38222,entertainment,56796
synthetic_train_01970,2025-03-20T18:14:24Z,18848,213925,55.26,17613,195629,59.31,16016,167671,57.23,79003,education,124647
synthetic_train_01971,2025-03-20T19:12:00Z,24947,194088,85.11,32793,300012,82.71,46311,588588,86.4,37262,entertainment,361368
synthetic_train_01972,2025-03-20T20:09:36Z,21953,334171,50.44,21395,210796,52.71,20545,212017,51.81,36404,entertainment,116037
synthetic_train_01973,2025-03-20T21:07:12Z,21345,250023,56.96,21966,205841,58.52,20253,251682,62.07,86361,lifestyle,156264
synthetic_train_01974,2025-03-20T22:04:47Z,8435,102504,71.66,10876,105296,72.93,11716,95381,76.52,18756,education,92670
synthetic_train_01975,2025-03-20T23:02:24Z,22676,218721,77.14,24688,237239,75.47,24160,226132,75.94,85362,education,304101
synthetic_train_01976,2025-03-21T00:00:00Z,7680,93823,47.96,8087,97080,50.49,11050,129809,55.51,42813,entertainment,75959
synthetic_train_01977,2025-03-21T00:57:35Z,12503,130391,37.77,9873,137755,33.07,6351,77908,38.66,10174,entertainment,41160
synthetic_train_01978,2025-03-21T01:55:12Z,8186,129907,41.08,8686,112478,37.7,10324,152607,40.09,11275,gaming,55245
synthetic_train_01979,2025-03-21T02:52:48Z,16783,198467,51.66,21947,273155,51.26,38406,557020,50.18,42891,education,231679
synthetic_train_01980,2025-03-21T03:50:24Z,3332,36260,53.02,3540,37175,57.48,3965,51936,57.59,31098,lifestyle,26220
synthetic_train_01981,2025-03-21T04:48:00Z,8649,83911,50.8,13346,152890,48.66,20577,360933,50.16,26300,lifestyle,111415
synthetic_train_01982,2025-03-21T05:45:36Z,8332,81521,67.87,9980,94542,72.14,11311,119007,68.53,30957,gaming,76184
synthetic_train_01983,2025-03-21T06:43:12Z,3610,36624,65.73,2189,24565,65.34,1420,14504,70.63,37543,entertainment,11927
synthetic_train_01984,2025-03-21T07:40:48Z,8910,210623,31.64,12383,211205,32.99,14894,209373,36.96,32553,lifestyle,71320
synthetic_train_01985,2025-03-21T08:38:24Z,13521,120676,78.97,15125,148957,81.52,19470,180095,81.3,44295,lifestyle,169855
synthetic_train_01986,2025-03-21T09:35:59Z,12887,147655,49.48,12467,137623,47.3,10196,139957,51.54,41278,lifestyle,62250
synthetic_train_01987,2025-03-21T10:33:36Z,3592,45135,49.64,4799,72612,49.8,7324,88699,49.91,39817,gaming,41565
synthetic_train_01988,2025-03-21T11:31:12Z,6228,99215,43.07,6039,75693,39.51,6793,81488,47.13,26508,entertainment,40820
synthetic_train_01989,2025-03-21T12:28:48Z,1430,15039,69.52,2017,18356,69.79,2498,30604,70.21,15687,gaming,20489
synthetic_train_01990,2025-03-21T13:26:24Z,2851,29991,52.62,2186,24001,56.58,1699,22322,57.77,25802,lifestyle,10764
synthetic_train_01991,2025-03-21T14:23:59Z,10499,113284,47.76,9549,92858,47.86,8031,107430,47.84,47997,lifestyle,53181
synthetic_train_01992,2025-03-21T15:21:36Z,4288,43458,58.58,5276,61018,59.42,5692,64631,61.8,32290,gaming,35643
synthetic_train_01993,2025-03-21T16:19:12Z,9210,117325,54.02,7515,84987,57.1,6370,72021,58.44,63093,lifestyle,47640
synthetic_train_01994,2025-03-21T17:16:48Z,1631,18013,72.43,1908,20646,69.94,2229,22859,69.87,10203,lifestyle,12247
synthetic_train_01995,2025-03-21T18:14:23Z,2962,36721,40.71,2107,26178,39.18,1504,22822,43.88,12810,education,11418
synthetic_train_01996,2025-03-21T19:12:00Z,12561,127796,67.65,12932,134662,64.88,13896,195779,71.74,62073,lifestyle,126241
synthetic_train_01997,2025-03-21T20:09:36Z,2169,23017,55.42,1959,23269,55.58,1598,17940,56.88,40113,gaming,12258
synthetic_train_01998,2025-03-21T21:07:12Z,14851,202578,37.27,14584,217513,38.58,12931,162015,38.01,74155,education,93602
synthetic_train_01999,2025-03-21T22:04:48Z,30289,374286,53.11,30295,448693,54.87,34057,419103,59.15,47160,lifestyle,241420
synthetic_train_02000,2025-03-21T23:02:23Z,10540,170094,37.73,9836,116385,36.96,12356,137094,38.67,16783,lifestyle,66833
synthetic_train_02001,2025-03-22T00:00:00Z,13604,129554,68.86,12474,130131,71.63,10003,120067,74.65,22268,entertainment,70818
synthetic_train_02002,2025-03-22T00:57:36Z,20624,354053,21.72,21573,351080,22.79,22669,360851,23.2,95404,education,105964
synthetic_train_02003,2025-03-22T01:55:12Z,7951,91827,50.55,11498,183138,46.61,15871,199421,49.56,73473,education,114448
synthetic_train_02004,2025-03-22T02:52:47Z,27642,338486,63.48,40374,395624,65.52,59371,580027,66.42,74003,education,498182
synthetic_train_02005,2025-03-22T03:50:24Z,8401,131079,42.62,10902,166421,37.85,12749,130751,42.51,36436,lifestyle,74850
synthetic_train_02006,2025-03-22T04:48:00Z,3677,43483,57.26,3344,42691,56.86,2978,34491,59.24,10683,education,18211
synthetic_train_02007,2025-03-22T05:45:36Z,3178,37603,47.86,3475,42845,46.88,3041,44399,51.93,11271,lifestyle,19220
synthetic_train_02008,2025-03-22T06:43:12Z,936,13432,51.72,1143,12693,54.08,1325,13877,56.85,12360,education,7270
synthetic_train_02009,2025-03-22T07:40:47Z,13460,206284,24.74,18802,315794,25.7,21051,300678,30.8,55826,entertainment,107851
synthetic_train_02010,2025-03-22T08:38:24Z,7088,107489,40.03,10235,133838,46.17,12363,147461,44.23,40250,gaming,88951
synthetic_train_02011,2025-03-22T09:36:00Z,21914,253962,44.79,29221,309569,44.29,31700,366316,52,46261,education,258437
synthetic_train_02012,2025-03-22T10:33:36Z,47097,737303,38.19,32108,571193,40.02,31256,361531,36.84,56039,entertainment,183688
synthetic_train_02013,2025-03-22T11:31:11Z,6254,61652,52.4,6531,68370,55.49,8410,85038,54.57,36875,gaming,61581
synthetic_train_02014,2025-03-22T12:28:48Z,7152,58580,74.81,7568,67209,83.85,9016,84546,79.25,23875,entertainment,69030
synthetic_train_02015,2025-03-22T13:26:24Z,7778,98639,55.69,9619,114193,53.23,10597,145096,58.14,24825,gaming,81377
synthetic_train_02016,2025-03-22T14:23:59Z,7684,72223,43.44,8784,84961,50.9,9553,111631,51.2,23478,education,69378
synthetic_train_02017,2025-03-22T15:21:36Z,1310,13956,66.03,1482,14595,67.36,1728,18721,68.51,10789,entertainment,9628
synthetic_train_02018,2025-03-22T16:19:12Z,3945,67598,27.7,5907,73210,31.16,6992,81017,32.49,19453,education,39865
synthetic_train_02019,2025-03-22T17:16:48Z,6683,75902,64.35,8738,100099,60.33,10904,121205,65,23571,lifestyle,73200
synthetic_train_02020,2025-03-22T18:14:24Z,12308,131060,61.1,14389,146004,64.48,14983,161901,68.52,22637,entertainment,95677
synthetic_train_02021,2025-03-22T19:12:00Z,9183,103379,52.96,12840,151450,57.52,20920,235173,58.74,49371,education,168608
synthetic_train_02022,2025-03-22T20:09:36Z,23469,326035,52.1,21472,281915,51.92,17471,179771,53.31,54526,education,134103
synthetic_train_02023,2025-03-22T21:07:12Z,12195,175546,33.92,13838,146772,36.62,11868,147389,37.43,22854,entertainment,66800
synthetic_train_02024,2025-03-22T22:04:48Z,511,5370,60.89,427,4077,64.1,293,3070,69.48,14093,entertainment,2173
synthetic_train_02025,2025-03-22T23:02:23Z,25841,241809,62.83,30584,339425,60.77,42550,432967,63.45,66031,entertainment,300234
synthetic_train_02026,2025-03-23T00:00:00Z,13325,143363,59.6,17618,196769,63.86,18985,181804,64.86,58214,lifestyle,130083
synthetic_train_02027,2025-03-23T00:57:36Z,11732,122600,63.25,10967,108265,67.53,13211,162977,68.93,85761,gaming,106390
synthetic_train_02028,2025-03-23T01:55:12Z,17750,276830,45.23,16327,202459,45.83,16490,204330,51.11,27577,lifestyle,97148
synthetic_train_02029,2025-03-23T02:52:48Z,25177,339341,50.31,21515,253331,51.89,27574,321645,54.22,39306,lifestyle,153888
synthetic_train_02030,2025-03-23T03:50:24Z,3690,48898,45.13,4430,55598,44.01,4540,65730,45.93,17844,lifestyle,29579
synthetic_train_02031,2025-03-23T04:48:00Z,15356,232225,65.6,12703,133085,63.78,10194,88658,65.55,47743,education,83076
synthetic_train_02032,2025-03-23T05:45:36Z,13164,135873,54.26,14825,170208,49.29,17396,210411,53.37,22053,education,128511
synthetic_train_02033,2025-03-23T06:43:12Z,4876,45933,61.36,6689,87064,56.93,9194,102037,62.56,19903,education,59219
synthetic_train_02034,2025-03-23T07:40:47Z,7200,104337,46.39,10159,127084,43.36,9448,141976,46.04,12410,education,65102
synthetic_train_02035,2025-03-23T08:38:24Z,2173,26050,55.22,2735,32036,57.18,3310,40032,59.68,23537,education,21838
synthetic_train_02036,2025-03-23T09:36:00Z,9265,149855,47.17,9528,108804,45.46,9137,113354,47.22,38559,entertainment,62441
synthetic_train_02037,2025-03-23T10:33:36Z,2752,37887,59.13,3386,34166,57.06,5439,61024,61.27,31662,lifestyle,36162
synthetic_train_02038,2025-03-23T11:31:12Z,5239,49646,58.63,5528,59994,63.04,6280,74169,62.55,24983,education,52271
synthetic_train_02039,2025-03-23T12:28:48Z,1875,18342,58.52,1899,22852,61.37,1487,14356,65.03,14710,entertainment,10149
synthetic_train_02040,2025-03-23T13:26:24Z,7864,93377,33.22,4733,66037,35.04,3095,37122,37.18,49953,education,27613
synthetic_train_02041,2025-03-23T14:24:00Z,6992,94404,63.81,6951,68794,64.61,6620,73698,65.17,17394,entertainment,35605
synthetic_train_02042,2025-03-23T15:21:36Z,5869,63207,56.81,5963,63241,61.58,6922,71995,63.44,46166,gaming,47044
synthetic_train_02043,2025-03-23T16:19:11Z,11540,187476,40.02,10460,144041,44.78,13206,171030,41.47,61617,education,84984
synthetic_train_02044,2025-03-23T17:16:48Z,1185,16175,60.72,1046,11228,60.31,965,11555,65.74,15853,education,7129
synthetic_train_02045,2025-03-23T18:14:24Z,2112,30356,51.46,1963,23968,55.23,1618,23333,55.72,16621,entertainment,10513
synthetic_train_02046,2025-03-23T19:12:00Z,45465,614591,32.28,33073,495594,34.94,29595,307924,39.29,95083,education,222360
synthetic_train_02047,2025-03-23T20:09:36Z,27342,370767,58.76,31118,505983,59.84,30873,314234,63.14,52008,education,223594
synthetic_train_02048,2025-03-23T21:07:12Z,19855,254941,50.32,21846,215673,50.57,28290,363591,51.57,61221,education,204649
synthetic_train_02049,2025-03-23T22:04:48Z,38551,370102,62.47,39495,470134,58.12,43334,523583,63.65,98217,education,409153
synthetic_train_02050,2025-03-23T23:02:24Z,1139,14044,48.86,1277,17765,55.27,1051,13264,54.38,15623,education,8158
synthetic_train_02051,2025-03-24T00:00:00Z,2405,31446,62.01,3543,45984,63.91,3774,51604,63.49,23290,lifestyle,24596
synthetic_train_02052,2025-03-24T00:57:35Z,8303,105768,43.99,9674,110935,47.03,8167,110207,47.93,33055,education,71250
synthetic_train_02053,2025-03-24T01:55:12Z,1408,17831,61.3,1532,17193,62.53,1499,15575,62.45,13865,lifestyle,9635
synthetic_train_02054,2025-03-24T02:52:48Z,4316,48718,70.87,6670,69856,68.76,9335,97901,72.93,13308,education,71678
synthetic_train_02055,2025-03-24T03:50:24Z,3395,38823,72.28,3521,33090,76.94,3398,33350,74.76,19650,lifestyle,23602
synthetic_train_02056,2025-03-24T04:48:00Z,2299,30725,60.96,2588,31954,64.29,3111,28720,67.01,10215,lifestyle,22896
synthetic_train_02057,2025-03-24T05:45:36Z,6514,92399,53.02,5800,65950,53.41,5219,61832,58.63,30231,gaming,34591
synthetic_train_02058,2025-03-24T06:43:12Z,33486,424800,53.95,30566,306570,57.55,35763,363816,60.86,53389,lifestyle,237626
synthetic_train_02059,2025-03-24T07:40:48Z,1292,14480,70.87,1389,13748,69.97,1441,13598,74.15,23034,gaming,10102
synthetic_train_02060,2025-03-24T08:38:24Z,5886,69579,49.81,5598,87313,49.59,5607,58134,47.74,40577,education,32272
synthetic_train_02061,2025-03-24T09:35:59Z,3453,46263,37.25,4853,56878,37.55,5235,79979,40.12,16963,entertainment,26168
synthetic_train_02062,2025-03-24T10:33:36Z,5968,69170,44.39,8623,136209,47.31,8312,96604,44.6,19727,lifestyle,48813
synthetic_train_02063,2025-03-24T11:31:12Z,14793,203267,52.97,13224,141515,54.02,11296,132920,55.8,88467,education,94104
synthetic_train_02064,2025-03-24T12:28:48Z,8302,108267,47.82,9595,100961,54.19,7851,75549,53.32,39308,lifestyle,50049
synthetic_train_02065,2025-03-24T13:26:23Z,7345,93902,47.71,11031,93085,49.84,14490,191210,47.9,16198,gaming,86486
synthetic_train_02066,2025-03-24T14:24:00Z,5090,68455,41.81,8696,110874,41.17,12400,181705,42.54,43526,entertainment,76252
synthetic_train_02067,2025-03-24T15:21:36Z,1151,15678,52.19,941,12073,52.8,805,7145,55.6,12930,gaming,5635
synthetic_train_02068,2025-03-24T16:19:11Z,6258,71829,52.59,6829,54877,57.95,8001,101208,57.13,22919,gaming,49597
synthetic_train_02069,2025-03-24T17:16:48Z,1163,12839,67.61,1487,15588,69.98,1541,18608,70.6,10636,education,12911
synthetic_train_02070,2025-03-24T18:14:23Z,4343,49487,62.59,4214,42436,62.96,4179,57078,62.35,18983,lifestyle,31109
synthetic_train_02071,2025-03-24T19:12:00Z,9677,101420,61.09,11261,151260,56.26,11467,117922,66.8,63337,lifestyle,68595
synthetic_train_02072,2025-03-24T20:09:36Z,14535,229769,26.9,11355,203596,31.04,12459,288043,34.14,39775,education,72842
synthetic_train_02073,2025-03-24T21:07:12Z,3447,39080,46.42,3218,31198,40.95,2834,40286,41.79,18265,gaming,17496
synthetic_train_02074,2025-03-24T22:04:47Z,7678,95198,56.35,9477,96243,64.92,10172,118771,60.93,42582,education,81273
synthetic_train_02075,2025-03-24T23:02:24Z,3979,43006,50.08,3714,64746,52.21,2976,27549,51.7,10697,education,17666
synthetic_train_02076,2025-03-25T00:00:00Z,4567,64091,41.07,4354,54138,42.73,3716,38919,46.85,31338,gaming,22912
synthetic_train_02077,2025-03-25T00:57:35Z,10233,111884,54.77,12343,130105,60.92,12084,118455,59.2,45206,education,93788
synthetic_train_02078,2025-03-25T01:55:12Z,4612,52122,67.75,6001,79735,70.41,7898,92979,68.83,15476,gaming,57253
synthetic_train_02079,2025-03-25T02:52:48Z,2015,23989,32.58,3130,56115,34.36,3888,55260,33.4,11521,lifestyle,21689
synthetic_train_02080,2025-03-25T03:50:24Z,9916,133083,35.97,8652,99173,38.86,10590,163945,40.52,81238,entertainment,59871
synthetic_train_02081,2025-03-25T04:48:00Z,2899,31335,45.65,2543,29101,51.53,2384,31354,50.86,19835,lifestyle,14265
synthetic_train_02082,2025-03-25T05:45:36Z,27271,321725,30.03,38031,717788,30.85,40979,485027,32.83,53521,gaming,199619
synthetic_train_02083,2025-03-25T06:43:12Z,9418,135705,36.63,12594,186367,36.99,17555,239852,43.91,40542,lifestyle,102297
synthetic_train_02084,2025-03-25T07:40:48Z,12304,178253,48.31,7554,85417,52.74,6140,82145,55.3,36735,education,45824
synthetic_train_02085,2025-03-25T08:38:24Z,12136,144173,58.81,10364,130989,53.57,9151,104504,59.44,65211,education,71343
synthetic_train_02086,2025-03-25T09:35:59Z,9512,104861,59.83,7926,80503,60.36,6264,61973,65.7,29694,gaming,45697
synthetic_train_02087,2025-03-25T10:33:36Z,1175,14139,42.94,1349,15171,46.46,1134,15663,47.81,10183,education,7915
synthetic_train_02088,2025-03-25T11:31:12Z,3947,41506,70.32,4351,45023,77.74,6676,91000,76.48,17306,education,45974
synthetic_train_02089,2025-03-25T12:28:48Z,12204,153860,63.83,13697,147974,63.5,13252,118582,65.28,35937,education,95628
synthetic_train_02090,2025-03-25T13:26:24Z,6151,85792,53.89,5198,54585,57.29,4107,39318,57.82,19699,gaming,32614
synthetic_train_02091,2025-03-25T14:23:59Z,4008,37096,71.04,4659,44906,75.43,4859,66998,70.29,26196,gaming,33362
synthetic_train_02092,2025-03-25T15:21:36Z,38703,445138,43.71,39885,429427,41.51,58627,656312,45.53,88014,lifestyle,326576
synthetic_train_02093,2025-03-25T16:19:12Z,21523,222766,54,27022,295742,55.11,26942,298634,57.97,60517,gaming,191778
synthetic_train_02094,2025-03-25T17:16:48Z,19850,262150,45.96,13625,144389,48.84,11887,151558,52.94,79292,education,97904
synthetic_train_02095,2025-03-25T18:14:23Z,1276,19688,56.21,1014,11203,57.21,646,7510,59.05,10014,entertainment,5279
synthetic_train_02096,2025-03-25T19:12:00Z,4559,73251,49.85,5848,78746,52.01,6175,74344,53.47,13376,gaming,30904
synthetic_train_02097,2025-03-25T20:09:36Z,20551,260119,45.04,16930,206988,50.26,15532,270176,44.73,71244,entertainment,107439
synthetic_train_02098,2025-03-25T21:07:12Z,3365,36741,70.39,3315,33456,72.16,2955,38428,75.62,10301,lifestyle,25490
synthetic_train_02099,2025-03-25T22:04:48Z,1045,13827,50.45,1114,15354,52.34,843,8679,56.01,12855,entertainment,5398
synthetic_train_02100,2025-03-25T23:02:23Z,23446,322138,63.46,16336,176964,63.99,12380,150932,63.22,69171,entertainment,92990
synthetic_train_02101,2025-03-26T00:00:00Z,7573,82106,76.51,6126,59403,76.47,5979,54184,82.55,25924,lifestyle,38776
synthetic_train_02102,2025-03-26T00:57:36Z,4989,61675,37.39,5424,55984,42.32,4659,70949,41.36,37096,entertainment,29846
synthetic_train_02103,2025-03-26T01:55:12Z,6673,112096,23.45,6996,115853,24.24,6610,86208,27.16,30027,gaming,42833
synthetic_train_02104,2025-03-26T02:52:47Z,14356,320793,31.75,16174,257506,35.47,16057,179086,34.74,87820,education,95627
synthetic_train_02105,2025-03-26T03:50:24Z,15227,183275,55.1,13542,159687,57.18,10082,125795,60.15,38365,entertainment,61923
synthetic_train_02106,2025-03-26T04:48:00Z,17168,200879,45.85,11188,147669,46.91,9390,103474,45.66,79052,gaming,66934
synthetic_train_02107,2025-03-26T05:45:36Z,2634,30070,66.73,3343,41928,67.85,4619,37541,73.35,25544,entertainment,30160
synthetic_train_02108,2025-03-26T06:43:12Z,5335,92541,40.71,5661,85798,43.29,4702,66424,44.46,19265,lifestyle,28112
synthetic_train_02109,2025-03-26T07:40:47Z,2760,34001,45.15,3579,58736,43.5,4243,63011,50.27,13924,entertainment,26413
synthetic_train_02110,2025-03-26T08:38:24Z,33315,339053,66.9,35557,325588,61.51,37116,360126,67.53,81482,education,358393
synthetic_train_02111,2025-03-26T09:36:00Z,13700,303393,31.23,11383,171093,29.58,10538,140909,34.6,90073,entertainment,55872
synthetic_train_02112,2025-03-26T10:33:36Z,13202,142102,77.54,12419,106267,78.91,12245,110768,81.16,77211,education,112679
synthetic_train_02113,2025-03-26T11:31:11Z,8205,102116,47.97,7249,98812,49.52,6433,84800,50.17,52737,education,48924
synthetic_train_02114,2025-03-26T12:28:48Z,9514,134056,48.62,12615,162937,50.46,16384,260805,45.87,19574,entertainment,86640
synthetic_train_02115,2025-03-26T13:26:24Z,1561,18321,53.5,2191,24899,54.13,2285,24791,54.03,13122,gaming,18151
synthetic_train_02116,2025-03-26T14:23:59Z,5341,53798,60.43,5025,53634,61.57,5544,61078,69.97,13829,lifestyle,31052
synthetic_train_02117,2025-03-26T15:21:36Z,61553,646211,65.02,45219,475785,65.85,50887,524012,69.8,96408,lifestyle,340836
synthetic_train_02118,2025-03-26T16:19:12Z,5121,60152,66.2,4934,67145,63.59,4340,55208,66.01,47935,lifestyle,33677
synthetic_train_02119,2025-03-26T17:16:48Z,3055,44087,44.28,2306,28732,47.58,2180,32967,47.9,10616,lifestyle,13698
synthetic_train_02120,2025-03-26T18:14:24Z,44329,463821,53.96,57714,755289,55.42,55775,874059,53.25,96456,lifestyle,365190
synthetic_train_02121,2025-03-26T19:12:00Z,30210,360870,73.87,41595,351997,75.52,60397,515633,80.33,65834,education,612917
synthetic_train_02122,2025-03-26T20:09:35Z,23122,316501,56.93,35307,381398,59.06,50962,596948,57.31,73189,gaming,490384
synthetic_train_02123,2025-03-26T21:07:12Z,14161,136364,52.15,17505,190821,54.14,27302,406482,50.64,13315,gaming,197607
synthetic_train_02124,2025-03-26T22:04:48Z,1875,17788,71.02,2867,26911,71.69,3555,37867,75.84,12525,lifestyle,25793
synthetic_train_02125,2025-03-26T23:02:23Z,4270,52911,50.45,4192,45899,52.61,4061,56752,53.99,33496,gaming,30297
synthetic_train_02126,2025-03-27T00:00:00Z,12796,135821,52.24,10541,138926,56.64,7438,87902,56.49,91720,entertainment,63818
synthetic_train_02127,2025-03-27T00:57:36Z,13882,182733,67.04,12143,128074,71.4,7160,70352,70.11,23113,gaming,61916
synthetic_train_02128,2025-03-27T01:55:12Z,4224,54961,48.83,4194,48428,51.56,5119,58394,50.04,12230,education,31143
synthetic_train_02129,2025-03-27T02:52:48Z,718,10100,52.69,1034,11242,54.14,1270,17025,58.93,10051,education,9493
synthetic_train_02130,2025-03-27T03:50:24Z,11035,162346,47.69,12557,129371,47.88,17105,169761,53.3,41177,entertainment,87412
synthetic_train_02131,2025-03-27T04:47:59Z,9206,108380,50.64,8447,100544,51.67,6490,79925,51.11,24413,entertainment,42036
synthetic_train_02132,2025-03-27T05:45:36Z,10324,134514,60.23,8495,86903,56.78,8020,104814,61.31,47177,education,67000
synthetic_train_02133,2025-03-27T06:43:12Z,39726,396845,62.78,48450,587813,67.39,55730,572486,69.94,86046,gaming,407947
synthetic_train_02134,2025-03-27T07:40:47Z,1898,20789,56.88,1488,15486,56.57,1376,14817,60.41,14756,entertainment,8779
synthetic_train_02135,2025-03-27T08:38:24Z,17494,199373,58,10956,142741,56.59,10088,106426,62.47,52317,entertainment,63881
synthetic_train_02136,2025-03-27T09:36:00Z,4167,56444,42.78,3587,46197,42.28,4122,48430,43.91,75678,education,25351
synthetic_train_02137,2025-03-27T10:33:36Z,17700,217233,43.16,17536,209923,48.74,13069,253048,46.78,95673,entertainment,97183
synthetic_train_02138,2025-03-27T11:31:12Z,36662,423941,55.55,48824,648582,53.78,49655,525136,57.3,73932,education,379494
synthetic_train_02139,2025-03-27T12:28:48Z,38803,475143,71.93,39330,434028,70.38,30863,290428,72.39,88570,entertainment,267973
synthetic_train_02140,2025-03-27T13:26:24Z,2019,30277,42.85,2219,35385,39.41,2409,46724,39.01,16393,gaming,17218
synthetic_train_02141,2025-03-27T14:24:00Z,5164,65774,54.85,4667,49147,60.85,6252,60025,62.36,91155,lifestyle,43336
synthetic_train_02142,2025-03-27T15:21:36Z,3764,49848,47.93,3022,36037,53.41,3514,40889,52.12,10983,gaming,19049
synthetic_train_02143,2025-03-27T16:19:11Z,10879,196279,34.02,11228,140293,36.71,11056,191985,35.39,82951,entertainment,63026
synthetic_train_02144,2025-03-27T17:16:48Z,30848,318759,63.11,28312,337227,64.04,34773,333468,65.52,73977,education,284213
synthetic_train_02145,2025-03-27T18:14:24Z,5789,59962,58.51,9247,121254,60.74,15717,159091,58.66,10957,entertainment,91546
synthetic_train_02146,2025-03-27T19:12:00Z,4557,56173,42.38,4306,54199,48.1,4490,67268,47.15,19127,education,29225
synthetic_train_02147,2025-03-27T20:09:36Z,15248,192382,55.54,13815,145115,59.93,14514,160981,59.79,83345,entertainment,97679
synthetic_train_02148,2025-03-27T21:07:12Z,17459,226633,45.59,31868,536685,45.9,33858,401565,49.19,78487,education,253495
synthetic_train_02149,2025-03-27T22:04:48Z,45319,557571,52.97,66298,649807,57.8,104136,1496929,54.63,84088,entertainment,596441
synthetic_train_02150,2025-03-27T23:02:24Z,4482,64705,43.18,4198,58044,41.12,4493,62686,47.99,44313,education,39062
synthetic_train_02151,2025-03-28T00:00:00Z,46618,597061,46.88,31762,391135,38.98,27339,427291,43.66,74302,education,207153
synthetic_train_02152,2025-03-28T00:57:35Z,6902,77711,50.13,6462,69092,54.69,4828,70828,56.34,24892,gaming,37378
synthetic_train_02153,2025-03-28T01:55:12Z,4112,39707,61.63,5008,52965,64.4,5593,51789,68.2,11031,education,34727
synthetic_train_02154,2025-03-28T02:52:48Z,5960,67563,58.8,4519,62945,62.43,3203,28299,64.09,68531,entertainment,24069
synthetic_train_02155,2025-03-28T03:50:24Z,19075,271110,41.95,15615,216239,43.59,13366,168016,46.25,31922,education,101063
synthetic_train_02156,2025-03-28T04:48:00Z,11332,112043,66.08,18097,205991,72.76,25941,246739,68.57,52053,entertainment,219142
synthetic_train_02157,2025-03-28T05:45:36Z,15649,182063,46.51,18403,261400,46.71,19979,230224,46.37,53988,gaming,119492
synthetic_train_02158,2025-03-28T06:43:12Z,4010,49234,42,3403,37073,45.86,3742,47064,46.79,24165,education,25889
synthetic_train_02159,2025-03-28T07:40:48Z,8943,149976,29.97,9906,132306,36.11,9199,138205,40.72,36302,entertainment,57553
synthetic_train_02160,2025-03-28T08:38:24Z,3594,59730,46.14,4047,43364,50.01,3497,43206,55.53,42291,gaming,21315
synthetic_train_02161,2025-03-28T09:35:59Z,20518,276371,37.24,20658,253173,36.44,21448,254664,38.42,26996,lifestyle,111925
synthetic_train_02162,2025-03-28T10:33:36Z,5137,74547,46.55,6057,64120,49.15,5095,57901,48.54,69576,gaming,29920
synthetic_train_02163,2025-03-28T11:31:12Z,12162,133601,63.94,13068,120033,66.58,13358,134582,68.67,93476,gaming,105706
synthetic_train_02164,2025-03-28T12:28:48Z,9677,151156,47.83,9740,97305,53.62,11017,111275,55.59,32363,lifestyle,67762
synthetic_train_02165,2025-03-28T13:26:24Z,27841,372890,53.16,26219,393512,53.03,24479,242381,54.67,72996,education,182242
synthetic_train_02166,2025-03-28T14:23:59Z,34708,460615,64.98,53063,535679,64.18,71686,647145,63.72,94557,gaming,386677
synthetic_train_02167,2025-03-28T15:21:36Z,3795,47604,61.83,3294,34128,60.18,3153,33720,60.51,11181,education,24037
synthetic_train_02168,2025-03-28T16:19:12Z,9611,128465,51.21,11168,123506,52.2,13260,191947,54.55,35823,education,86111
synthetic_train_02169,2025-03-28T17:16:48Z,2621,28693,58.54,2522,25394,61.09,2799,37008,61.77,16812,lifestyle,20730
synthetic_train_02170,2025-03-28T18:14:23Z,13647,185807,34.74,18074,258799,36.77,17012,208396,40.53,87179,entertainment,98595
synthetic_train_02171,2025-03-28T19:12:00Z,13978,144071,74.6,14952,129162,77.4,18342,191679,83.18,47061,lifestyle,124093
synthetic_train_02172,2025-03-28T20:09:36Z,10045,165337,44.42,7937,88018,47.38,7148,76433,47.49,85937,entertainment,47888
synthetic_train_02173,2025-03-28T21:07:12Z,1470,32154,46.33,1476,19178,49.33,1483,17458,50.37,23808,lifestyle,8357
synthetic_train_02174,2025-03-28T22:04:48Z,3061,46249,52.04,3319,54663,57.67,3160,33459,52.17,30001,entertainment,20345
synthetic_train_02175,2025-03-28T23:02:24Z,5766,67533,54.61,7392,75561,58.86,9907,166810,59.49,30033,gaming,82834
synthetic_train_02176,2025-03-29T00:00:00Z,3621,43172,49.75,4175,39832,53.77,4768,52925,53.21,10056,entertainment,25304
synthetic_train_02177,2025-03-29T00:57:36Z,3796,43450,61.61,3686,37972,61.77,4102,55551,60.18,10559,gaming,24782
synthetic_train_02178,2025-03-29T01:55:12Z,4534,58154,63.02,5165,48558,62.88,8506,107960,62.88,12500,gaming,60008
synthetic_train_02179,2025-03-29T02:52:48Z,4964,48413,67.72,4740,49418,63.64,3885,38195,69.69,10965,lifestyle,29128
synthetic_train_02180,2025-03-29T03:50:24Z,6407,87130,53.99,6500,69417,57.06,6696,82572,59.68,29891,entertainment,40956
synthetic_train_02181,2025-03-29T04:48:00Z,33762,472111,42.01,50190,727577,40.47,63565,716737,42.72,81212,entertainment,317497
synthetic_train_02182,2025-03-29T05:45:36Z,5802,73401,56.47,5917,68789,58.18,5432,66367,58.98,18567,entertainment,34726
synthetic_train_02183,2025-03-29T06:43:12Z,969,10792,60.27,883,9388,62.03,536,6164,63.22,11654,entertainment,3985
synthetic_train_02184,2025-03-29T07:40:48Z,12884,117213,77.78,19997,166470,75.91,36220,392346,79.29,41863,gaming,258825
synthetic_train_02185,2025-03-29T08:38:24Z,1576,25500,49.81,1290,14345,49.6,1427,21595,54.45,10034,gaming,8820
synthetic_train_02186,2025-03-29T09:36:00Z,6354,104400,54.08,7230,86591,53.23,8313,109201,54.75,40477,gaming,66448
synthetic_train_02187,2025-03-29T10:33:36Z,9831,109920,34.97,10300,138609,34.25,11162,173573,37.76,38101,education,65028
synthetic_train_02188,2025-03-29T11:31:12Z,7613,110613,36.98,7504,107643,37.66,9064,116511,36.84,28115,education,63685
synthetic_train_02189,2025-03-29T12:28:48Z,11086,167506,56.58,13371,150615,59.69,18954,202363,64.19,47558,education,151387
synthetic_train_02190,2025-03-29T13:26:24Z,3581,42128,51.91,3673,77560,54.66,4251,46776,54.59,11478,entertainment,22795
synthetic_train_02191,2025-03-29T14:23:59Z,3558,32503,77,4352,39098,77.6,5129,49652,80.85,12950,entertainment,33070
synthetic_train_02192,2025-03-29T15:21:35Z,11053,130670,68.6,12506,138954,65.29,15140,148035,70.74,77844,lifestyle,91752
synthetic_train_02193,2025-03-29T16:19:12Z,18616,213721,55.49,16876,199532,54.3,13599,185858,56.48,81928,education,110732
synthetic_train_02194,2025-03-29T17:16:48Z,3671,42595,52.17,3151,37996,48.67,2834,32206,50.25,12438,education,21352
synthetic_train_02195,2025-03-29T18:14:23Z,16188,157434,65.66,11466,117559,64.72,12209,133164,64.93,76162,education,89959
synthetic_train_02196,2025-03-29T19:12:00Z,70924,906109,54.11,81822,1209182,56.06,74257,975662,58.15,99386,entertainment,465945
synthetic_train_02197,2025-03-29T20:09:36Z,7377,86463,55.55,8209,94970,61.09,10618,130583,61.07,29707,entertainment,60545
synthetic_train_02198,2025-03-29T21:07:12Z,21547,301591,45.45,17219,258753,46.22,17482,200895,45.74,77264,gaming,120346
synthetic_train_02199,2025-03-29T22:04:48Z,23109,281265,39.55,20180,323743,43.34,22275,238611,41.84,97819,gaming,120103
synthetic_train_02200,2025-03-29T23:02:23Z,1511,15508,50.05,1519,16807,55.45,1205,17128,55.69,13111,lifestyle,7471
synthetic_train_02201,2025-03-30T00:00:00Z,1335,13794,67.21,1754,15405,75.44,2172,20245,77.73,12356,entertainment,15494
synthetic_train_02202,2025-03-30T00:57:36Z,9615,175205,32.01,6459,91280,33.69,5870,72899,33.88,32441,entertainment,33100
synthetic_train_02203,2025-03-30T01:55:12Z,21135,276395,49.28,18225,231137,50.17,14840,178661,55.06,40443,education,118164
synthetic_train_02204,2025-03-30T02:52:47Z,3721,45635,56.64,3169,34152,59.38,3404,32495,63.53,12353,education,24484
synthetic_train_02205,2025-03-30T03:50:24Z,12174,166209,35.15,8995,126157,40.79,9889,143149,35.62,46558,education,66962
synthetic_train_02206,2025-03-30T04:48:00Z,1501,15242,79.9,1631,16239,84.63,1257,9506,89.66,13143,lifestyle,10426
synthetic_train_02207,2025-03-30T05:45:36Z,7509,79636,74.78,8709,82792,79.93,10995,125217,79.24,14269,entertainment,65096
synthetic_train_02208,2025-03-30T06:43:12Z,2058,19499,66.73,2033,17843,68.83,1794,16592,72.81,27300,gaming,13414
synthetic_train_02209,2025-03-30T07:40:47Z,3435,59197,21.01,4001,79753,21.14,3606,58508,24.18,28012,entertainment,17413
synthetic_train_02210,2025-03-30T08:38:24Z,1817,23899,51.79,1865,19950,52.28,1628,19327,53.29,13673,education,11832
synthetic_train_02211,2025-03-30T09:36:00Z,8137,119538,30.85,7032,100705,34.5,5513,95673,33.03,31536,gaming,39769
synthetic_train_02212,2025-03-30T10:33:36Z,13250,176968,48.14,10584,180334,48.83,9132,121740,45.94,33998,entertainment,65524
synthetic_train_02213,2025-03-30T11:31:11Z,3013,39682,50.15,2547,35892,51.77,2452,31423,57.46,16301,entertainment,14342
synthetic_train_02214,2025-03-30T12:28:48Z,5867,78155,61.5,5998,54946,67.25,6842,72632,67.17,27907,lifestyle,45248
synthetic_train_02215,2025-03-30T13:26:24Z,4907,56003,51.49,9196,91193,51.62,13462,122025,57.94,13670,gaming,98299
synthetic_train_02216,2025-03-30T14:23:59Z,19325,261460,48.36,22418,287258,51.96,25875,427903,53.4,64578,gaming,139396
synthetic_train_02217,2025-03-30T15:21:36Z,13508,169374,54.84,12063,125368,56.35,10504,127487,61.15,29409,lifestyle,62107
synthetic_train_02218,2025-03-30T16:19:11Z,18366,185884,63.13,19089,244550,62.39,19007,172115,67.05,37745,entertainment,131588
synthetic_train_02219,2025-03-30T17:16:48Z,5762,64118,63.18,5650,74930,65.15,5720,55251,67.32,23896,education,41962
synthetic_train_02220,2025-03-30T18:14:24Z,22679,301945,55.03,33050,364138,60.69,47590,476184,60.84,87845,gaming,384802
synthetic_train_02221,2025-03-30T19:12:00Z,6843,68383,56.72,5669,66593,56.74,4765,51015,58.08,42974,lifestyle,34842
synthetic_train_02222,2025-03-30T20:09:35Z,10609,124036,59.7,12931,171071,60.91,17954,206736,63.04,77787,lifestyle,122716
synthetic_train_02223,2025-03-30T21:07:12Z,4949,63153,42.54,6531,76991,44.33,9747,123452,48.88,35023,education,56990
synthetic_train_02224,2025-03-30T22:04:48Z,3931,43577,65.7,5368,57547,67.89,7214,72608,68.54,10735,lifestyle,42942
synthetic_train_02225,2025-03-30T23:02:23Z,3715,39792,69.27,2899,28464,68.23,2091,19658,67.43,16675,gaming,17590
synthetic_train_02226,2025-03-31T00:00:00Z,7355,106358,39.06,6479,86069,40.71,6139,77865,40.87,58883,entertainment,38432
synthetic_train_02227,2025-03-31T00:57:35Z,2161,30696,42.61,2127,29001,48.32,2329,26479,46.6,13937,lifestyle,14803
synthetic_train_02228,2025-03-31T01:55:12Z,27622,437819,40.62,25503,310259,39.64,26363,450664,42.27,60812,gaming,157593
synthetic_train_02229,2025-03-31T02:52:48Z,1986,22455,48.62,2180,26173,50.02,2054,24333,52.54,10885,lifestyle,13981
synthetic_train_02230,2025-03-31T03:50:24Z,17169,204877,64.21,21355,176226,70.12,26344,284727,67.22,63715,lifestyle,224169
synthetic_train_02231,2025-03-31T04:47:59Z,2630,23691,68.42,3570,41507,67.68,3797,37012,69.85,11694,lifestyle,20762
synthetic_train_02232,2025-03-31T05:45:36Z,10345,112861,49.23,10663,142378,54.33,10052,137481,56.04,52213,education,74107
synthetic_train_02233,2025-03-31T06:43:12Z,6529,88532,47.64,5815,80393,46.02,8732,133097,50.62,22541,lifestyle,42918
synthetic_train_02234,2025-03-31T07:40:47Z,9622,99918,58.89,9044,104174,57.62,8062,76527,61.81,95347,lifestyle,64962
synthetic_train_02235,2025-03-31T08:38:24Z,18980,342153,48.74,19582,227336,46.75,23244,305724,51.46,59332,education,188835
synthetic_train_02236,2025-03-31T09:36:00Z,2035,17509,75.44,2153,22099,77.72,1798,16652,75.58,21670,gaming,14508
synthetic_train_02237,2025-03-31T10:33:36Z,15922,162583,57.63,19461,193144,56.7,23099,272571,60.53,12795,education,159702
synthetic_train_02238,2025-03-31T11:31:12Z,19550,219687,64.58,16179,162803,66.25,9742,113020,66.65,73085,entertainment,97779
synthetic_train_02239,2025-03-31T12:28:48Z,11923,142966,47,11603,193387,43.05,16297,212089,47.72,29689,education,109092
synthetic_train_02240,2025-03-31T13:26:24Z,8847,91486,80.26,6144,74067,78.88,4436,43816,80.36,20829,education,38947
synthetic_train_02241,2025-03-31T14:24:00Z,1817,21137,38.12,1761,32079,35.66,2004,30378,38.67,12141,gaming,10393
synthetic_train_02242,2025-03-31T15:21:36Z,11769,132612,57.38,15399,145945,58.17,16822,156722,64.2,62656,gaming,132591
synthetic_train_02243,2025-03-31T16:19:11Z,3276,40344,43.59,4354,56254,49.33,4510,53152,49.19,20928,lifestyle,31998
synthetic_train_02244,2025-03-31T17:16:48Z,7248,77030,52.23,9115,103475,51.63,9676,141648,49.77,51403,lifestyle,64242
synthetic_train_02245,2025-03-31T18:14:24Z,2180,32158,38.36,2061,29127,40.43,1514,19739,43.92,12763,gaming,9900
synthetic_train_02246,2025-03-31T19:12:00Z,594,8547,62.9,389,3726,63.14,329,3179,66.09,11909,gaming,2462
synthetic_train_02247,2025-03-31T20:09:36Z,8084,97856,53.98,7358,83259,55.09,7714,98510,53.71,40030,lifestyle,51154
synthetic_train_02248,2025-03-31T21:07:12Z,1907,25987,45.48,2279,33635,45.19,2710,32658,46.23,12860,entertainment,17334
synthetic_train_02249,2025-03-31T22:04:48Z,5894,53305,56.07,7804,98534,56.72,8149,103928,64.71,16484,entertainment,46802
synthetic_train_02250,2025-03-31T23:02:24Z,1246,18791,52.97,845,8038,52.73,725,11628,56.23,13908,entertainment,4185
synthetic_train_02251,2025-04-01T00:00:00Z,42085,406299,55.19,36645,407058,54.98,29860,320018,58.38,83115,entertainment,199060
synthetic_train_02252,2025-04-01T00:57:35Z,8831,93864,50.87,8160,110267,44.31,7156,96396,52.01,70667,entertainment,41106
synthetic_train_02253,2025-04-01T01:55:12Z,6861,91053,62.38,5523,56834,57.9,5482,62590,66.87,74765,entertainment,37995
synthetic_train_02254,2025-04-01T02:52:48Z,7371,109497,37.16,9774,124044,39.04,11983,138850,40.37,59533,lifestyle,52555
synthetic_train_02255,2025-04-01T03:50:24Z,3055,39530,44.01,3149,47207,44.08,2825,44295,43.78,23965,entertainment,16866
synthetic_train_02256,2025-04-01T04:48:00Z,4041,60719,51.23,4628,75772,52.91,4933,55451,57.12,15609,entertainment,27223
synthetic_train_02257,2025-04-01T05:45:36Z,15040,165440,66,20157,254708,66.7,23131,205505,65.5,13509,lifestyle,135196
synthetic_train_02258,2025-04-01T06:43:12Z,6117,76777,50.36,7541,86356,53.53,9717,109812,53.72,18475,lifestyle,57692
synthetic_train_02259,2025-04-01T07:40:48Z,33187,301648,63.8,42061,475975,61.41,58276,646759,71.07,60455,gaming,412350
synthetic_train_02260,2025-04-01T08:38:24Z,13211,189729,40.76,14159,170291,43.61,16835,252481,43.04,32998,entertainment,92933
synthetic_train_02261,2025-04-01T09:35:59Z,10806,203855,32.78,12058,122301,39.37,11399,132598,40.58,67403,gaming,74134
synthetic_train_02262,2025-04-01T10:33:36Z,16462,191960,53.03,13811,150688,56.5,11191,122075,57.4,41969,entertainment,65721
synthetic_train_02263,2025-04-01T11:31:12Z,10448,165129,42.96,9922,129760,44.53,11866,217330,45.56,63754,education,69334
synthetic_train_02264,2025-04-01T12:28:48Z,5064,58350,37.91,5639,86006,40.27,5136,64540,42.44,31847,education,31829
synthetic_train_02265,2025-04-01T13:26:24Z,8076,92131,61.68,6789,73095,64.17,5815,58876,68.53,60586,lifestyle,52730
synthetic_train_02266,2025-04-01T14:23:59Z,9811,114529,57.46,9752,90635,60.01,9721,121800,61.92,55398,entertainment,59349
synthetic_train_02267,2025-04-01T15:21:36Z,2669,42666,38.71,2098,33219,45.35,1649,22186,45.2,15683,education,10972
synthetic_train_02268,2025-04-01T16:19:12Z,4008,44932,57.36,5847,70895,59.27,7301,70649,62.99,20648,gaming,48985
synthetic_train_02269,2025-04-01T17:16:48Z,33550,334063,62.02,31077,334505,65.3,41414,375274,64.96,92754,entertainment,252167
synthetic_train_02270,2025-04-01T18:14:23Z,11828,123352,49.58,12751,140082,57.96,12234,187974,53.34,40832,gaming,74132
synthetic_train_02271,2025-04-01T19:12:00Z,12038,130046,53.77,8426,101030,54.03,5564,64904,56.75,90300,education,54552
synthetic_train_02272,2025-04-01T20:09:36Z,11917,135056,54.26,13324,133755,56.78,14720,161403,56.92,62870,lifestyle,96382
synthetic_train_02273,2025-04-01T21:07:12Z,8106,83778,51.36,7702,105765,57.83,5481,65987,57.28,51030,gaming,46136
synthetic_train_02274,2025-04-01T22:04:48Z,6463,70182,51.45,5624,80340,51.83,5066,64099,55.41,30106,entertainment,35391
synthetic_train_02275,2025-04-01T23:02:24Z,3346,37667,47.17,6402,102790,49.71,7993,78847,52.56,33822,gaming,55187
synthetic_train_02276,2025-04-02T00:00:00Z,8653,126224,32.06,7473,125527,32.13,6509,89721,34.94,45979,gaming,43957
synthetic_train_02277,2025-04-02T00:57:36Z,20177,209745,67.24,15899,189605,65.9,12313,122101,75.17,73155,entertainment,98954
synthetic_train_02278,2025-04-02T01:55:12Z,5164,67031,24.36,6251,106288,26.25,5211,82811,26.61,11421,lifestyle,25589
synthetic_train_02279,2025-04-02T02:52:47Z,25002,274856,67.67,26741,274037,63.38,27735,281088,65.66,97663,lifestyle,166344
synthetic_train_02280,2025-04-02T03:50:24Z,10490,130608,53.91,14102,153331,49.9,17934,213876,53.83,46534,lifestyle,89059
synthetic_train_02281,2025-04-02T04:48:00Z,1275,20294,28.47,959,11046,33.14,823,9322,34.11,10486,entertainment,4655
synthetic_train_02282,2025-04-02T05:45:36Z,7135,90964,37.08,6183,88329,36.79,5005,70229,35.15,50681,entertainment,28041
synthetic_train_02283,2025-04-02T06:43:12Z,1580,21135,55.33,1983,22213,53.21,2329,26449,54.2,16922,education,15198
synthetic_train_02284,2025-04-02T07:40:48Z,10623,128615,54.65,10913,128358,61.99,12180,128584,66.76,65144,lifestyle,97199
synthetic_train_02285,2025-04-02T08:38:24Z,9383,112382,49.73,6016,76080,44.21,4446,65624,48.21,47003,entertainment,31937
synthetic_train_02286,2025-04-02T09:36:00Z,10947,112283,55.66,12879,131815,59.13,17533,237543,58.68,40725,gaming,138846
synthetic_train_02287,2025-04-02T10:33:36Z,2843,40174,36.86,2399,31747,36.81,2173,28096,37.33,13848,entertainment,10527
synthetic_train_02288,2025-04-02T11:31:11Z,11413,163942,57.29,12731,135984,61.15,13593,132941,62.04,33685,lifestyle,91038
synthetic_train_02289,2025-04-02T12:28:48Z,7855,79666,60.08,10212,125494,62.01,13075,151622,64.11,25855,lifestyle,105258
synthetic_train_02290,2025-04-02T13:26:24Z,13492,174159,61.21,16357,204960,68.42,14845,152076,65.33,96157,entertainment,126897
synthetic_train_02291,2025-04-02T14:23:59Z,16073,190459,60.63,14401,161165,61.62,16599,185723,66.55,65609,lifestyle,111077
synthetic_train_02292,2025-04-02T15:21:36Z,15082,194338,54.94,12284,151333,54.03,12715,137039,53.95,70673,entertainment,81135
synthetic_train_02293,2025-04-02T16:19:12Z,1512,24571,57.3,1758,20938,58.17,1883,26323,60.69,13238,entertainment,9405
synthetic_train_02294,2025-04-02T17:16:48Z,3707,43511,65.11,5903,62437,69.3,8466,88364,72.83,17477,entertainment,69318
synthetic_train_02295,2025-04-02T18:14:24Z,10825,121809,45.03,7785,89581,47.29,5796,57795,48.45,52905,education,52038
synthetic_train_02296,2025-04-02T19:12:00Z,22110,241536,51.62,29178,320302,54.84,46269,532011,57.14,41872,lifestyle,248129
synthetic_train_02297,2025-04-02T20:09:36Z,1714,30176,47.63,2050,22877,51.26,2631,27869,54,14239,education,19152
synthetic_train_02298,2025-04-02T21:07:12Z,6022,80220,56.9,7379,89650,59.46,7993,63754,60.04,15926,entertainment,54596
synthetic_train_02299,2025-04-02T22:04:48Z,7601,79297,61.55,8149,121811,64.8,12171,130759,63.41,78828,entertainment,60149
synthetic_train_02300,2025-04-02T23:02:23Z,12636,154350,44.12,14115,200930,46.02,17323,243316,45.91,47564,entertainment,106591
synthetic_train_02301,2025-04-03T00:00:00Z,8408,97194,48.8,7189,87824,47.3,7471,76806,51.16,33286,gaming,44966
synthetic_train_02302,2025-04-03T00:57:36Z,7795,93051,54.22,9507,105446,55.15,14663,176217,56.38,18140,education,90521
synthetic_train_02303,2025-04-03T01:55:12Z,1612,20281,69.35,2747,26541,69.87,3629,35659,67.37,13399,entertainment,19994
synthetic_train_02304,2025-04-03T02:52:48Z,2716,31753,52.02,4792,68302,53.84,6927,80665,55.15,10566,education,53335
synthetic_train_02305,2025-04-03T03:50:24Z,1403,16960,61.63,1954,20849,63.79,2431,21754,67.4,12344,gaming,16959
synthetic_train_02306,2025-04-03T04:48:00Z,14785,176287,51.72,14572,157810,53.84,14831,240762,54.15,37964,gaming,94632
synthetic_train_02307,2025-04-03T05:45:36Z,6769,84201,53.81,8473,99924,51.68,7765,78987,58.13,14049,education,49861
synthetic_train_02308,2025-04-03T06:43:12Z,1661,25831,34.82,1651,19906,38.79,1610,26111,37.83,10830,entertainment,8347
synthetic_train_02309,2025-04-03T07:40:47Z,5759,50023,60.02,6831,69356,61.26,10984,117853,62.76,57619,gaming,76269
synthetic_train_02310,2025-04-03T08:38:24Z,14783,222468,34.2,15783,195009,41.35,19609,367953,40.42,19479,lifestyle,111203
synthetic_train_02311,2025-04-03T09:36:00Z,41051,670271,33.34,26163,357726,34.41,20554,314755,32.87,66258,lifestyle,133541
synthetic_train_02312,2025-04-03T10:33:36Z,14054,176404,28.68,12562,233541,31.01,12963,193927,29.63,43061,entertainment,62432
synthetic_train_02313,2025-04-03T11:31:12Z,10283,159181,39.13,8737,117464,40.68,6893,72663,43.41,44941,entertainment,41763
synthetic_train_02314,2025-04-03T12:28:48Z,23042,354586,40.31,21105,290954,37.4,21071,303226,39.18,45716,entertainment,114767
synthetic_train_02315,2025-04-03T13:26:24Z,3652,40646,39.87,4579,64990,35.88,5629,86450,39.35,21284,gaming,34986
synthetic_train_02316,2025-04-03T14:23:59Z,4002,63878,47.82,3985,42210,48.99,3388,50294,50.53,30629,lifestyle,20473
synthetic_train_02317,2025-04-03T15:21:36Z,13077,174045,54.68,15357,175413,55.13,23089,262154,61.09,20041,education,174225
synthetic_train_02318,2025-04-03T16:19:11Z,1661,20756,68.25,2653,31891,71.43,4443,45019,70.95,19708,education,34197
synthetic_train_02319,2025-04-03T17:16:48Z,15392,168391,43.29,15176,193862,42.01,15444,292404,43.53,22554,lifestyle,93847
synthetic_train_02320,2025-04-03T18:14:24Z,2974,37903,42.28,3362,37564,43.32,3652,60829,39.86,15184,education,30204
synthetic_train_02321,2025-04-03T19:12:00Z,9725,129741,44.59,8005,84651,45.1,8208,108863,49.16,69387,education,66873
synthetic_train_02322,2025-04-03T20:09:35Z,4011,50111,68.58,5700,73109,69.61,7093,82530,70.98,20779,gaming,62627
synthetic_train_02323,2025-04-03T21:07:12Z,4747,60590,39.86,5454,83530,42.86,6392,57880,42.28,18802,lifestyle,33778
synthetic_train_02324,2025-04-03T22:04:48Z,8479,135250,29.55,5910,115293,28.29,3780,87441,31.99,26591,education,28059
synthetic_train_02325,2025-04-03T23:02:23Z,2119,26683,48.33,1740,27952,48.43,1297,24945,48.21,15477,gaming,8629
synthetic_train_02326,2025-04-04T00:00:00Z,6717,67276,70.72,9365,98503,73.63,9950,93941,73.63,36418,lifestyle,73194
synthetic_train_02327,2025-04-04T00:57:35Z,2698,30367,58.94,2286,21839,55.33,2323,23391,63.35,22304,entertainment,15150
synthetic_train_02328,2025-04-04T01:55:12Z,2225,30467,42.53,2106,26302,43.35,1871,27072,47.32,16703,lifestyle,10450
synthetic_train_02329,2025-04-04T02:52:48Z,4469,60844,48.88,4940,60540,47.7,5272,56143,51.89,17369,education,38341
synthetic_train_02330,2025-04-04T03:50:24Z,10147,149831,55.39,8306,95765,57.61,7413,88212,54.72,56696,entertainment,48917
synthetic_train_02331,2025-04-04T04:47:59Z,35390,501475,47.11,44108,619288,48.96,52575,588713,51.05,79526,entertainment,290884
synthetic_train_02332,2025-04-04T05:45:36Z,868,9446,66.1,1238,11297,68.65,1468,14237,70.35,11789,entertainment,9036
synthetic_train_02333,2025-04-04T06:43:12Z,1092,11354,54.87,1376,14946,55.02,1679,18617,61.15,11099,lifestyle,9265
synthetic_train_02334,2025-04-04T07:40:47Z,31795,320559,60.86,25739,298076,66.31,27121,260219,68.41,50720,gaming,251231
synthetic_train_02335,2025-04-04T08:38:24Z,12485,126740,51.43,11235,119499,51.38,8538,121138,49.75,32376,entertainment,61997
synthetic_train_02336,2025-04-04T09:36:00Z,2953,37247,38.77,2988,50249,44.29,3192,51384,44.05,13914,entertainment,18497
synthetic_train_02337,2025-04-04T10:33:36Z,1617,16212,51.77,1405,14916,53.92,1902,22313,53.18,10201,entertainment,9880
synthetic_train_02338,2025-04-04T11:31:12Z,15391,151918,52.8,20634,246097,54.99,24707,312707,58.7,31444,lifestyle,191299
synthetic_train_02339,2025-04-04T12:28:48Z,739,6709,72.37,924,9310,76.93,1297,14525,72.73,15832,lifestyle,9297
synthetic_train_02340,2025-04-04T13:26:23Z,8070,85032,71.14,10497,113665,70.24,18160,197559,74.28,29896,entertainment,131068
synthetic_train_02341,2025-04-04T14:24:00Z,881,7999,78.01,838,6601,78.7,763,6405,82.47,11704,entertainment,6762
synthetic_train_02342,2025-04-04T15:21:36Z,48520,507146,57.81,47857,657765,53.55,51897,559829,60.58,46771,lifestyle,357794
synthetic_train_02343,2025-04-04T16:19:11Z,6507,76377,49.12,6003,57865,51.74,4514,51311,51.55,41721,education,32855
synthetic_train_02344,2025-04-04T17:16:48Z,2444,25000,59.65,2689,28776,57.87,4238,38143,58.92,14342,entertainment,22660
synthetic_train_02345,2025-04-04T18:14:24Z,24532,319447,52,16687,184927,54.96,10508,114400,56.93,77010,lifestyle,94871
synthetic_train_02346,2025-04-04T19:12:00Z,6593,89416,36.1,5007,63626,36.55,4520,61917,36.78,25548,gaming,26377
synthetic_train_02347,2025-04-04T20:09:36Z,1870,18284,72.49,2047,25695,74.46,2245,22364,77.51,17457,gaming,22725
synthetic_train_02348,2025-04-04T21:07:12Z,5967,71635,62.79,6847,73251,66.12,7144,91489,71.86,32690,education,72141
synthetic_train_02349,2025-04-04T22:04:47Z,7350,90885,50.77,5317,47011,54.69,4726,72674,51.02,10878,education,38768
synthetic_train_02350,2025-04-04T23:02:24Z,13049,164985,52.31,17197,195236,54.26,16551,206520,60,53401,education,125099
synthetic_train_02351,2025-04-05T00:00:00Z,2967,33751,48.14,2966,35948,50.14,3702,51449,50.51,34556,lifestyle,23285
synthetic_train_02352,2025-04-05T00:57:35Z,1727,22449,46.08,1403,20869,47.65,1348,15198,47.12,20122,education,9119
synthetic_train_02353,2025-04-05T01:55:12Z,1083,12696,50.68,911,11414,54.09,789,10248,55.37,15497,gaming,5372
synthetic_train_02354,2025-04-05T02:52:48Z,24788,348916,39.48,20093,277944,41.02,17949,201931,42.62,46659,gaming,119656
synthetic_train_02355,2025-04-05T03:50:24Z,4053,44114,61.06,4973,51720,63.6,4223,57359,62.38,15017,gaming,34146
synthetic_train_02356,2025-04-05T04:48:00Z,7426,149222,35.26,7336,87218,35.75,9513,136733,41.11,78224,entertainment,53180
synthetic_train_02357,2025-04-05T05:45:36Z,9057,101063,42.05,8341,125190,42.61,7170,93106,48.08,20218,gaming,46809
synthetic_train_02358,2025-04-05T06:43:12Z,17288,274245,50.38,17829,262809,54.66,18322,282730,56.88,30053,lifestyle,143218
synthetic_train_02359,2025-04-05T07:40:48Z,2072,32117,29.99,1722,26879,27.08,1486,19491,29.09,15944,lifestyle,9215
synthetic_train_02360,2025-04-05T08:38:24Z,1409,16969,25.11,1116,21552,24.33,1199,24134,26.18,28452,entertainment,6465
synthetic_train_02361,2025-04-05T09:35:59Z,35720,873270,45.99,46139,469492,46.98,64801,872288,48.59,65261,gaming,397297
synthetic_train_02362,2025-04-05T10:33:36Z,29005,320086,48.63,25011,293802,47.86,22398,300476,50.68,62559,education,198749
synthetic_train_02363,2025-04-05T11:31:12Z,3752,52061,54.33,5088,51280,56.31,4517,51686,60.07,16996,gaming,36435
synthetic_train_02364,2025-04-05T12:28:48Z,2678,33318,20.22,3189,66128,20.38,2652,47732,24.91,13995,lifestyle,14608
synthetic_train_02365,2025-04-05T13:26:24Z,14381,217816,50.07,13181,151567,53.79,14505,202352,54.73,64544,entertainment,84661
synthetic_train_02366,2025-04-05T14:23:59Z,7148,79903,45.59,5264,69191,47.7,4335,59556,45.34,70642,lifestyle,31889
synthetic_train_02367,2025-04-05T15:21:36Z,15605,147396,63.9,14472,137159,68.29,11966,119877,66.79,42516,gaming,89891
synthetic_train_02368,2025-04-05T16:19:12Z,27491,291510,59.78,36254,403597,64.71,39523,392511,63.65,20211,entertainment,257054
synthetic_train_02369,2025-04-05T17:16:48Z,5904,73539,59.45,5248,54582,59.63,4113,46215,60.06,17091,education,34222
synthetic_train_02370,2025-04-05T18:14:23Z,7653,88111,38.42,9150,158670,46.84,9049,120142,44.44,42816,entertainment,45828
synthetic_train_02371,2025-04-05T19:12:00Z,28023,328885,45.04,27917,410596,45.52,38044,602034,48.66,51084,lifestyle,242229
synthetic_train_02372,2025-04-05T20:09:36Z,4641,49800,59.8,5265,60209,59.7,5905,74692,64.94,43049,entertainment,33180
synthetic_train_02373,2025-04-05T21:07:12Z,1976,35326,31.44,1775,20771,34.82,2451,38579,35.42,11508,lifestyle,12739
synthetic_train_02374,2025-04-05T22:04:48Z,4117,48432,46.91,4412,77924,48.35,3293,37190,49.76,12512,entertainment,21426
synthetic_train_02375,2025-04-05T23:02:23Z,44933,848480,38.41,42378,547698,39.32,53394,760591,43.02,81379,education,426801
synthetic_train_02376,2025-04-06T00:00:00Z,5736,68960,67.29,5389,69795,68.56,7303,69087,73.07,24201,education,59299
synthetic_train_02377,2025-04-06T00:57:36Z,7955,72025,72.01,6591,75939,68.44,4410,43800,72.61,31316,education,42270
synthetic_train_02378,2025-04-06T01:55:12Z,1003,13164,42.4,792,12622,43.3,468,7338,46.55,22139,lifestyle,3336
synthetic_train_02379,2025-04-06T02:52:47Z,10508,124481,49.41,10753,103923,55.05,13115,140320,55.18,98534,entertainment,77302
synthetic_train_02380,2025-04-06T03:50:24Z,5466,57783,59.1,4459,46269,60.99,4674,52913,63.83,35251,entertainment,29888
synthetic_train_02381,2025-04-06T04:48:00Z,3703,46732,24.81,3784,51536,26.33,3670,86361,25.36,14106,gaming,20036
synthetic_train_02382,2025-04-06T05:45:36Z,14537,136903,68.62,14971,167024,74.13,15656,134334,75.16,64124,lifestyle,138273
synthetic_train_02383,2025-04-06T06:43:12Z,903,7932,80.25,1280,11118,83.5,1660,15691,87.27,16624,education,15187
synthetic_train_02384,2025-04-06T07:40:47Z,8678,112869,40.6,11239,156970,38.9,11661,168322,42.5,11034,entertainment,59680
synthetic_train_02385,2025-04-06T08:38:24Z,1320,19059,44.45,1129,16389,45.26,1268,13313,48.81,17096,gaming,7254
synthetic_train_02386,2025-04-06T09:36:00Z,5641,62566,48.42,4249,53393,48.52,3059,34473,47.8,27250,lifestyle,21453
synthetic_train_02387,2025-04-06T10:33:36Z,21445,243433,51.32,17191,169154,56.53,17510,215781,53.42,35282,gaming,120232
synthetic_train_02388,2025-04-06T11:31:11Z,8075,84400,42.37,7300,117103,45.92,5656,84408,45.68,80082,entertainment,46571
synthetic_train_02389,2025-04-06T12:28:48Z,6331,59817,72.76,6667,65245,72.64,8501,89618,72.17,55383,gaming,59444
synthetic_train_02390,2025-04-06T13:26:24Z,31043,437719,40.18,27902,334483,39.56,32240,402343,45.33,77736,gaming,166788
synthetic_train_02391,2025-04-06T14:23:59Z,8161,91160,60.12,8874,100351,58.98,10363,121449,60.76,64500,gaming,72986
synthetic_train_02392,2025-04-06T15:21:36Z,8590,104264,59.76,8078,89603,62.57,6420,63610,61.93,29129,education,46388
synthetic_train_02393,2025-04-06T16:19:12Z,9002,101433,58.32,9071,98647,60.35,10355,113384,61.93,44831,lifestyle,66176
synthetic_train_02394,2025-04-06T17:16:48Z,22415,317654,48.59,21131,255842,50.87,19410,213284,51.62,53550,gaming,148773
synthetic_train_02395,2025-04-06T18:14:24Z,21873,292717,27.81,21897,382041,28.04,21716,543311,29.62,81211,gaming,154498
synthetic_train_02396,2025-04-06T19:12:00Z,3389,51823,40.67,3438,42093,46.98,3873,75775,44.61,35409,education,27645
synthetic_train_02397,2025-04-06T20:09:36Z,5615,58154,45.4,5105,75344,45.06,4471,63754,48.61,12285,lifestyle,27154
synthetic_train_02398,2025-04-06T21:07:12Z,4485,52755,51.05,3569,54117,50.77,2396,27920,51.71,38791,education,18067
synthetic_train_02399,2025-04-06T22:04:48Z,1639,18505,58.94,1417,16027,56.39,1059,11508,59.38,10127,education,7323
synthetic_train_02400,2025-04-06T23:02:23Z,10191,106897,70.6,12270,141253,72.25,18768,215644,68.78,45572,education,151143
synthetic_train_02401,2025-04-07T00:00:00Z,17733,237940,43.24,17086,206870,45.12,15211,238498,45.65,34460,education,105987
synthetic_train_02402,2025-04-07T00:57:36Z,11570,123703,58.22,8203,99601,56.88,9756,94374,62.24,23989,gaming,68031
synthetic_train_02403,2025-04-07T01:55:12Z,9524,98453,57.09,9430,100409,58.17,14127,172883,65.65,49811,entertainment,79375
synthetic_train_02404,2025-04-07T02:52:48Z,13474,150943,66.17,17249,165505,65.11,17983,184023,69.72,14392,gaming,118251
synthetic_train_02405,2025-04-07T03:50:24Z,2492,26048,55.11,2679,28397,53.24,3424,44776,58.14,10280,entertainment,18277
synthetic_train_02406,2025-04-07T04:48:00Z,9014,90335,60.11,10876,116850,64.87,9540,103428,67.55,29517,education,75382
synthetic_train_02407,2025-04-07T05:45:36Z,2031,26147,51.06,2526,31449,46.71,2627,36684,51.23,16412,lifestyle,14818
synthetic_train_02408,2025-04-07T06:43:12Z,2403,29233,58.08,2253,19549,65.22,2260,28998,59.62,29117,education,16221
synthetic_train_02409,2025-04-07T07:40:47Z,4497,43368,61.43,4238,48320,62.38,3791,45015,62.6,17937,gaming,25787
synthetic_train_02410,2025-04-07T08:38:24Z,31373,468469,59.97,36079,340582,63.2,51303,652123,62.45,74456,entertainment,343185
synthetic_train_02411,2025-04-07T09:36:00Z,4329,76207,42.71,3023,37877,45.5,2400,34100,43.33,40399,lifestyle,16720
synthetic_train_02412,2025-04-07T10:33:36Z,5829,56835,65.33,5478,61083,63.64,6713,91476,67.1,17094,gaming,46946
synthetic_train_02413,2025-04-07T11:31:12Z,45411,442355,77.04,72627,650120,84.58,72966,686533,82.98,82028,gaming,555600
synthetic_train_02414,2025-04-07T12:28:48Z,2686,35760,54.49,2697,33402,56.74,3010,33484,58.48,27008,education,21325
synthetic_train_02415,2025-04-07T13:26:24Z,45945,759303,44.32,48270,659223,50.25,67455,688459,50.98,83806,education,493845
synthetic_train_02416,2025-04-07T14:24:00Z,7139,91613,47.66,7351,99532,48.1,7248,84504,49.81,35239,lifestyle,46082
synthetic_train_02417,2025-04-07T15:21:36Z,11468,163770,40.34,14312,186669,37.91,16412,230564,39.13,55294,entertainment,88360
synthetic_train_02418,2025-04-07T16:19:11Z,3471,39980,44.68,4247,44390,51.95,4431,57703,48.64,10360,lifestyle,25611
synthetic_train_02419,2025-04-07T17:16:48Z,5613,73410,46,6282,86142,45.66,6934,78605,48.25,25736,education,47154
synthetic_train_02420,2025-04-07T18:14:24Z,1688,26196,24.3,1269,22479,25.78,858,14241,24.98,12698,lifestyle,5352
synthetic_train_02421,2025-04-07T19:12:00Z,11541,150415,54.48,13632,146159,58.59,17686,231937,61.9,59714,entertainment,129661
synthetic_train_02422,2025-04-07T20:09:36Z,18078,170215,69.78,25149,253904,74.77,27235,286333,76.44,49885,entertainment,218298
synthetic_train_02423,2025-04-07T21:07:12Z,16299,144021,60.3,11667,146615,60.02,9587,104887,61.86,49286,gaming,77833
synthetic_train_02424,2025-04-07T22:04:48Z,5302,53413,63,4353,52705,63.63,3247,40311,61.77,25226,entertainment,25874
synthetic_train_02425,2025-04-07T23:02:24Z,2782,31546,44.7,3337,38266,41.61,3195,45998,46.84,33418,education,19619
synthetic_train_02426,2025-04-08T00:00:00Z,35721,401005,48.86,26454,395070,51.18,21093,266476,55.03,88999,gaming,143453
synthetic_train_02427,2025-04-08T00:57:35Z,68961,858698,54.52,83997,949810,53.55,122850,1516897,57.6,91574,education,896346
synthetic_train_02428,2025-04-08T01:55:12Z,22928,294244,44.2,13821,198113,47.09,10126,159851,46.11,84996,education,92677
synthetic_train_02429,2025-04-08T02:52:48Z,3547,39623,42.71,2799,42353,43.36,2424,24164,48.42,14365,education,21192
synthetic_train_02430,2025-04-08T03:50:24Z,10340,119010,56.77,11466,137342,57.71,16291,186933,56.62,66468,education,122239
synthetic_train_02431,2025-04-08T04:48:00Z,1731,19862,43.1,998,12989,42.62,787,10348,46.58,14605,entertainment,5341
synthetic_train_02432,2025-04-08T05:45:36Z,6075,76792,42.3,5765,92023,39.15,5848,63540,42.63,22452,lifestyle,39843
synthetic_train_02433,2025-04-08T06:43:12Z,14368,151849,72.07,11734,139559,65.74,11282,122042,71.23,49623,gaming,80058
synthetic_train_02434,2025-04-08T07:40:48Z,3018,38909,42.16,3321,48056,44.67,3357,31794,52.78,13841,gaming,20051
synthetic_train_02435,2025-04-08T08:38:24Z,2919,41593,40.1,2834,46731,39.69,2671,30806,39.78,15492,lifestyle,14800
synthetic_train_02436,2025-04-08T09:36:00Z,16070,192885,47.88,15436,169681,50.66,9923,91203,50.8,49716,entertainment,74708
synthetic_train_02437,2025-04-08T10:33:36Z,4409,41938,72.93,5129,52531,74.27,4555,49932,75.35,15659,gaming,30441
synthetic_train_02438,2025-04-08T11:31:12Z,23185,268542,44.19,28887,312869,43.14,26908,382561,43.42,48600,gaming,176667
synthetic_train_02439,2025-04-08T12:28:48Z,1178,13228,58.65,1063,14203,62.42,866,9529,61.78,11421,gaming,5744
synthetic_train_02440,2025-04-08T13:26:23Z,5829,71321,43.57,3958,49564,41.39,3452,39789,48.74,35155,education,26908
synthetic_train_02441,2025-04-08T14:24:00Z,30370,579397,28.81,25819,387108,28.02,17299,314692,34.08,85888,gaming,151688
synthetic_train_02442,2025-04-08T15:21:36Z,15690,230007,64.54,17773,176903,68.29,18814,193294,66.69,24323,entertainment,106894
synthetic_train_02443,2025-04-08T16:19:12Z,3034,44856,44.38,2665,38043,45.56,2557,30358,43.27,12698,education,18554
synthetic_train_02444,2025-04-08T17:16:48Z,6511,78276,60.31,7224,80042,61.68,8232,87411,66.12,16590,gaming,54416
synthetic_train_02445,2025-04-08T18:14:24Z,6550,68229,53.14,7019,80181,53.19,7156,75476,56.96,40146,gaming,53367
synthetic_train_02446,2025-04-08T19:12:00Z,8600,110090,59.84,10276,109944,61.18,10106,119955,61.95,31579,entertainment,65327
synthetic_train_02447,2025-04-08T20:09:36Z,2639,28933,61.79,2179,25413,62.09,2067,24480,63.73,14777,entertainment,13027
synthetic_train_02448,2025-04-08T21:07:12Z,39195,414986,47.26,38915,513651,45.63,46078,601703,49.08,92246,education,316934
synthetic_train_02449,2025-04-08T22:04:47Z,6385,77019,62.21,8934,81865,63.35,12050,167487,68.58,31117,entertainment,63612
synthetic_train_02450,2025-04-08T23:02:24Z,25902,317550,43.17,19105,264614,43.63,14622,198499,43.73,64168,gaming,104501
synthetic_train_02451,2025-04-09T00:00:00Z,26377,377311,35.73,22807,261416,37.97,24383,367499,36.99,61515,entertainment,135927
synthetic_train_02452,2025-04-09T00:57:36Z,8454,126111,49.36,11306,128870,53.42,15224,184400,55.39,13881,lifestyle,94077
synthetic_train_02453,2025-04-09T01:55:12Z,2750,31762,53,2163,30704,56.86,1532,16326,59.33,47562,education,12856
synthetic_train_02454,2025-04-09T02:52:48Z,17783,227403,50.09,15276,175656,50.89,13444,143703,49.75,62858,gaming,112321
synthetic_train_02455,2025-04-09T03:50:24Z,3651,61043,44.02,3446,56825,43.9,2450,31996,48.62,23743,entertainment,19535
synthetic_train_02456,2025-04-09T04:48:00Z,9316,117710,65.9,10622,125472,67.8,12395,130663,68.92,26009,gaming,83371
synthetic_train_02457,2025-04-09T05:45:36Z,7173,84889,34.91,6374,94783,36.24,6304,86223,38.53,16043,entertainment,33308
synthetic_train_02458,2025-04-09T06:43:12Z,5411,68019,54.89,5494,59002,54.39,6174,74732,54.09,71880,entertainment,39556
synthetic_train_02459,2025-04-09T07:40:48Z,10677,113833,56.44,14823,159776,56.77,15724,187178,58.68,25718,education,110608
synthetic_train_02460,2025-04-09T08:38:24Z,9409,119438,62.14,8655,80944,56.96,9536,121361,62.49,86149,gaming,57059
synthetic_train_02461,2025-04-09T09:36:00Z,4921,48589,53.1,6043,68562,53.9,8180,90585,54.43,19369,education,54183
synthetic_train_02462,2025-04-09T10:33:36Z,5651,63651,43.24,6373,73162,43.65,7069,106504,42.4,28128,education,42569
synthetic_train_02463,2025-04-09T11:31:12Z,15743,250871,34.03,17080,185574,34.99,18742,228316,38.32,42560,education,107450
synthetic_train_02464,2025-04-09T12:28:48Z,13083,142271,47.1,13629,125672,45.67,14538,172094,49.76,34015,lifestyle,103448
synthetic_train_02465,2025-04-09T13:26:24Z,20364,220949,52.84,30505,343401,52.56,42462,555833,52.04,30292,gaming,285198
synthetic_train_02466,2025-04-09T14:24:00Z,2205,36099,42.61,2655,36878,42.08,3557,36679,47.15,20586,gaming,19373
synthetic_train_02467,2025-04-09T15:21:36Z,1841,27522,59.54,1978,21269,65.12,1911,26750,62.42,16221,education,16055
synthetic_train_02468,2025-04-09T16:19:12Z,11432,126690,66.83,11120,110783,66.91,9487,85860,71.49,78987,entertainment,72182
synthetic_train_02469,2025-04-09T17:16:48Z,5478,72415,64.55,6520,68714,70.21,7879,86303,69.11,76337,gaming,61344
synthetic_train_02470,2025-04-09T18:14:24Z,5204,65087,45.9,6168,75611,45.75,6294,85098,46.59,44204,entertainment,34700
synthetic_train_02471,2025-04-09T19:12:00Z,10784,205321,34.82,10542,168062,33.4,14661,210769,37.73,91542,entertainment,73527
synthetic_train_02472,2025-04-09T20:09:36Z,5420,56212,69.27,6063,46789,72.1,5374,64770,68.28,59954,lifestyle,38846
synthetic_train_02473,2025-04-09T21:07:12Z,11466,123562,48.39,10104,146546,46.3,10640,116588,51.11,20405,entertainment,56017
synthetic_train_02474,2025-04-09T22:04:48Z,4443,67708,48.64,4007,59479,47.38,3095,35864,50.41,19318,education,25072
synthetic_train_02475,2025-04-09T23:02:24Z,5157,76524,54.28,5555,61100,54.72,5887,62702,62.13,32297,gaming,45019
synthetic_train_02476,2025-04-10T00:00:00Z,12366,148115,56.79,15723,145803,61.58,17885,193531,65.84,14343,education,148351
synthetic_train_02477,2025-04-10T00:57:36Z,20843,333253,27.96,17959,286984,31.22,18189,222509,32.9,31037,education,104894
synthetic_train_02478,2025-04-10T01:55:12Z,31409,328422,65.85,38052,465605,62.8,42561,435540,66.47,81128,education,368303
synthetic_train_02479,2025-04-10T02:52:48Z,6836,108696,33.74,5354,68911,34.8,4542,60401,37.08,30418,entertainment,26139
synthetic_train_02480,2025-04-10T03:50:24Z,4886,53390,57.92,4290,47439,58.85,3662,42826,60.41,27859,gaming,28417
synthetic_train_02481,2025-04-10T04:48:00Z,2532,39978,25.74,2025,25632,29.01,1653,18641,31.86,18085,gaming,9850
synthetic_train_02482,2025-04-10T05:45:36Z,1760,26482,54.35,1208,11654,59.62,667,7791,53.68,16208,entertainment,5178
synthetic_train_02483,2025-04-10T06:43:12Z,5512,90107,53.12,5599,61539,55.65,3512,43003,56.64,50854,entertainment,31108
synthetic_train_02484,2025-04-10T07:40:48Z,8833,129065,61.64,6932,78785,63.12,8037,89539,64.36,46556,entertainment,57223
synthetic_train_02485,2025-04-10T08:38:24Z,7121,93875,40.11,6620,86737,39.38,7921,96975,41.54,52525,lifestyle,46635
synthetic_train_02486,2025-04-10T09:36:00Z,4056,63527,44.43,3110,35235,46.16,2352,41101,44.18,12309,lifestyle,17315
synthetic_train_02487,2025-04-10T10:33:36Z,2802,37545,45.78,4077,55806,43.02,5310,85223,50.13,24066,education,37490
synthetic_train_02488,2025-04-10T11:31:12Z,12311,150526,47.47,11067,119550,46.47,10909,116312,47.36,44938,entertainment,58633
synthetic_train_02489,2025-04-10T12:28:48Z,6669,90038,63.06,5135,64701,62.5,4751,51021,62.53,29441,lifestyle,38166
synthetic_train_02490,2025-04-10T13:26:24Z,12375,143194,69.45,10003,94628,67.99,10232,120507,72.82,70611,entertainment,79332
synthetic_train_02491,2025-04-10T14:24:00Z,5990,57775,66.44,7266,71591,65.32,11338,130189,73.09,18987,entertainment,66073
synthetic_train_02492,2025-04-10T15:21:36Z,2052,24390,56.79,2159,20612,60.17,2502,25825,58.21,16410,gaming,15034
synthetic_train_02493,2025-04-10T16:19:12Z,15166,180459,41.27,13721,182880,42.12,16562,189710,45.67,56515,entertainment,81248
synthetic_train_02494,2025-04-10T17:16:48Z,12051,147739,65.64,13716,126664,74.19,15341,163949,72.96,23269,gaming,126299
synthetic_train_02495,2025-04-10T18:14:24Z,21918,257206,71.19,31412,282358,73.31,55039,540791,75.86,83644,entertainment,397516
synthetic_train_02496,2025-04-10T19:12:00Z,15047,215025,42.36,15258,170789,41.69,14200,171100,41.77,22305,entertainment,85120
synthetic_train_02497,2025-04-10T20:09:35Z,7886,70911,70.16,8584,82997,74.18,10546,133451,76.69,46524,lifestyle,84366
synthetic_train_02498,2025-04-10T21:07:12Z,5972,67712,72.42,8023,96564,72.09,11567,112271,71.17,19751,lifestyle,72374
synthetic_train_02499,2025-04-10T22:04:48Z,23800,261821,58.61,29774,297714,62.95,41122,417619,61.82,60346,entertainment,240083
synthetic_train_02500,2025-04-10T23:02:24Z,9273,109928,44.07,10429,114270,51.22,12344,143943,53.2,25688,gaming,84409
synthetic_train_02501,2025-04-11T00:00:00Z,2451,26987,57.87,2377,31369,57.85,2371,31549,58.9,22353,lifestyle,15703
synthetic_train_02502,2025-04-11T00:57:36Z,4591,52492,45.68,4560,49971,47.68,5090,60802,51.9,17579,education,31836
synthetic_train_02503,2025-04-11T01:55:12Z,7082,98658,33.94,4964,58876,27.27,4561,65774,36.52,28205,entertainment,21144
synthetic_train_02504,2025-04-11T02:52:48Z,20122,215471,59.84,18351,199147,62.2,17569,170445,64.05,20327,education,140114
synthetic_train_02505,2025-04-11T03:50:24Z,3248,28392,63.21,4215,47652,69.78,5818,50743,69.56,14277,entertainment,35285
synthetic_train_02506,2025-04-11T04:47:59Z,28288,324471,49.56,28184,400703,49.1,30322,338777,53.88,93359,entertainment,213894
synthetic_train_02507,2025-04-11T05:45:36Z,31153,426645,47.8,45395,531396,45.61,67601,1058740,47.22,70155,entertainment,359996
synthetic_train_02508,2025-04-11T06:43:12Z,19947,353753,32.04,22119,399628,32.81,20105,239195,31.81,49166,gaming,113225
synthetic_train_02509,2025-04-11T07:40:48Z,24351,309599,43.71,24301,282285,46.6,24694,305673,48.87,71141,lifestyle,172393
synthetic_train_02510,2025-04-11T08:38:24Z,13183,145707,66.39,14436,127040,67.32,12234,183945,70.51,36246,gaming,95984
synthetic_train_02511,2025-04-11T09:36:00Z,4663,51472,67.3,5575,54754,72.6,8001,74890,73.78,24396,entertainment,52242
synthetic_train_02512,2025-04-11T10:33:36Z,4787,73133,43.9,5747,60512,40.9,6769,61582,43.57,13662,entertainment,36482
synthetic_train_02513,2025-04-11T11:31:12Z,15222,145393,54.32,17151,234646,51.68,19078,267446,53.86,64427,education,162589
synthetic_train_02514,2025-04-11T12:28:48Z,17648,188216,68.74,21229,199842,71.64,25768,295142,73.9,41782,lifestyle,180651
synthetic_train_02515,2025-04-11T13:26:24Z,6914,108302,41.8,4776,56416,41.78,4689,72644,46.28,15346,entertainment,30173
synthetic_train_02516,2025-04-11T14:24:00Z,3575,42393,61.25,4525,50078,67.64,4139,36494,69.59,21324,gaming,36447
synthetic_train_02517,2025-04-11T15:21:36Z,7041,83912,58.16,6958,88156,57.47,8009,77517,60.83,15095,lifestyle,44795
synthetic_train_02518,2025-04-11T16:19:12Z,10433,98977,58.16,7812,79306,63.41,6294,79773,68.62,29651,entertainment,44457
synthetic_train_02519,2025-04-11T17:16:48Z,6515,64202,49.07,9514,141413,48.88,12027,142704,49.52,17132,gaming,61454
synthetic_train_02520,2025-04-11T18:14:24Z,7360,96313,44.25,10374,112038,43.82,9807,150207,48.35,18312,education,75130
synthetic_train_02521,2025-04-11T19:12:00Z,2263,25702,52.03,1913,23676,49.85,2074,24794,52.6,12258,gaming,11970
synthetic_train_02522,2025-04-11T20:09:36Z,18328,265952,28.92,18568,323917,34.03,19302,330557,36.85,21116,education,136232
synthetic_train_02523,2025-04-11T21:07:12Z,16206,205326,44.4,15076,244621,50.43,14956,191530,51.5,38894,gaming,103399
synthetic_train_02524,2025-04-11T22:04:48Z,5592,132688,31.06,5797,74680,37.56,4962,53805,38.38,26145,lifestyle,28244
synthetic_train_02525,2025-04-11T23:02:24Z,6139,81892,52.52,8008,92199,53.2,8971,97719,50.58,66979,lifestyle,61465
synthetic_train_02526,2025-04-12T00:00:00Z,6877,59442,74.72,11631,138389,67.77,14937,142226,72.88,29780,education,142919
synthetic_train_02527,2025-04-12T00:57:36Z,3531,40626,52.87,3764,43310,55.23,4301,46788,57.92,37003,lifestyle,24929
synthetic_train_02528,2025-04-12T01:55:12Z,91499,1005578,53.85,71055,1162509,49.21,55851,722487,50.17,89097,entertainment,399686
synthetic_train_02529,2025-04-12T02:52:48Z,2077,25113,50.57,2204,20762,56.22,2184,24198,55.43,10670,education,14964
synthetic_train_02530,2025-04-12T03:50:24Z,1239,12385,53.27,1332,17032,58.59,1564,14626,53.67,30599,gaming,9914
synthetic_train_02531,2025-04-12T04:48:00Z,9474,86637,56.55,9974,108260,57.68,10580,117936,59.99,84193,gaming,72874
synthetic_train_02532,2025-04-12T05:45:36Z,16412,180112,50.06,10338,136335,50.03,6807,94573,52.02,76110,gaming,50983
synthetic_train_02533,2025-04-12T06:43:12Z,26094,319569,43.48,26324,342976,50.08,27975,370193,49.25,73795,education,197916
synthetic_train_02534,2025-04-12T07:40:48Z,7913,88908,79.3,8739,90365,78.64,8736,77672,78.8,24192,gaming,65812
synthetic_train_02535,2025-04-12T08:38:24Z,5570,64804,41.94,4504,59236,44.93,3592,57725,48.43,11150,education,23328
synthetic_train_02536,2025-04-12T09:36:00Z,6369,73831,51.69,6566,66038,53.84,7303,79581,52.5,19283,lifestyle,56193
synthetic_train_02537,2025-04-12T10:33:36Z,3918,57186,38.97,4104,62803,38.79,3997,59340,43.38,17459,gaming,20824
synthetic_train_02538,2025-04-12T11:31:12Z,14021,185856,52.73,16871,193837,62.87,21859,212528,56.91,68714,entertainment,115854
synthetic_train_02539,2025-04-12T12:28:48Z,8489,115645,30.78,8291,119677,34.39,10103,139756,34.86,13736,education,55342
synthetic_train_02540,2025-04-12T13:26:24Z,5820,84674,45.73,5729,59930,47.57,5379,75026,46.61,29740,lifestyle,29897
synthetic_train_02541,2025-04-12T14:24:00Z,8972,136799,39.01,9721,140944,38.32,12088,155236,44.53,90740,lifestyle,63197
synthetic_train_02542,2025-04-12T15:21:36Z,2134,21362,73.31,1806,19444,72.07,1819,20287,77.34,22289,entertainment,13896
synthetic_train_02543,2025-04-12T16:19:12Z,3594,43402,59.01,4687,59638,60.57,6483,82607,61.05,25445,gaming,36944
synthetic_train_02544,2025-04-12T17:16:48Z,4036,87906,37.02,4439,53975,38.76,5211,63592,39.83,15311,lifestyle,26103
synthetic_train_02545,2025-04-12T18:14:24Z,18455,184921,43.53,16911,207625,45.22,12511,126312,48.62,83500,gaming,95153
synthetic_train_02546,2025-04-12T19:12:00Z,4237,64644,54.79,5130,64235,57.77,6517,70065,62.85,27514,lifestyle,41572
synthetic_train_02547,2025-04-12T20:09:36Z,8205,100539,37.06,7396,96373,40.57,6505,95242,44.73,17841,lifestyle,40215
synthetic_train_02548,2025-04-12T21:07:12Z,11781,117024,75.46,8148,84284,73.47,6682,55410,75.7,59363,entertainment,54110
synthetic_train_02549,2025-04-12T22:04:48Z,5479,65453,44.89,3252,43021,47.91,2343,24114,46.8,21188,education,18451
synthetic_train_02550,2025-04-12T23:02:24Z,6029,91027,60.51,6324,62190,63.83,8713,116798,66.95,69533,entertainment,54029
synthetic_train_02551,2025-04-13T00:00:00Z,4426,37778,85.05,6254,53513,82.22,9105,102902,87.57,28585,gaming,98858
synthetic_train_02552,2025-04-13T00:57:36Z,3643,41013,79.24,2405,25069,77.89,1665,16476,76.87,24770,lifestyle,16253
synthetic_train_02553,2025-04-13T01:55:12Z,33588,364609,53.25,37141,424792,53.72,46614,507052,53.9,68722,education,326553
synthetic_train_02554,2025-04-13T02:52:48Z,12422,223213,42.39,10858,106790,46.34,10811,129454,48.17,48113,gaming,60131
synthetic_train_02555,2025-04-13T03:50:24Z,3957,57211,39.09,4165,46174,40.58,3853,41677,41.97,23330,education,24237
synthetic_train_02556,2025-04-13T04:48:00Z,14004,150333,50.76,15055,186885,51.81,14541,190527,56.95,15508,lifestyle,90442
synthetic_train_02557,2025-04-13T05:45:36Z,26615,319666,58.49,33841,404480,59.55,40084,386190,62.66,60517,gaming,256073
synthetic_train_02558,2025-04-13T06:43:12Z,16895,171383,71.94,16005,188382,67.17,22333,234241,69.98,46672,lifestyle,160156
synthetic_train_02559,2025-04-13T07:40:48Z,4383,46868,58.13,7020,86196,62.39,11023,120120,62.43,12299,education,91136
synthetic_train_02560,2025-04-13T08:38:24Z,2544,26093,78.75,3073,30660,74.47,3789,39106,72.76,30515,lifestyle,22736
synthetic_train_02561,2025-04-13T09:36:00Z,2759,31437,51.66,2122,26711,54.18,1369,17410,53.95,21690,education,10768
synthetic_train_02562,2025-04-13T10:33:36Z,1374,18657,39.66,1717,23140,40.63,1507,15325,41.63,19158,education,12697
synthetic_train_02563,2025-04-13T11:31:12Z,5651,64087,50.08,6307,91190,47.81,7280,91260,52.89,46493,lifestyle,47496
synthetic_train_02564,2025-04-13T12:28:48Z,16880,213685,51.1,17994,198032,49.9,18629,203638,56.71,91442,entertainment,114871
synthetic_train_02565,2025-04-13T13:26:24Z,12738,197349,29.44,11590,219487,27.45,9607,159630,24.05,51550,gaming,71146
synthetic_train_02566,2025-04-13T14:24:00Z,30726,314065,69.84,36677,406653,70.32,60012,535492,70.51,91183,entertainment,369270
synthetic_train_02567,2025-04-13T15:21:35Z,2593,30223,64.67,2376,24089,65.34,2314,28133,66.55,18874,education,17652
synthetic_train_02568,2025-04-13T16:19:12Z,19901,255835,62.24,19365,192388,66.61,24750,272175,66.73,72037,education,156849
synthetic_train_02569,2025-04-13T17:16:48Z,5266,65772,61.01,6666,58468,64.54,7205,66723,64.72,22149,education,56011
synthetic_train_02570,2025-04-13T18:14:24Z,3899,46385,56.22,2976,41871,56.69,2255,24706,56.63,19278,lifestyle,17954
synthetic_train_02571,2025-04-13T19:12:00Z,2121,22473,78.65,2531,27683,81.9,2653,26899,82.66,25586,gaming,20082
synthetic_train_02572,2025-04-13T20:09:36Z,2313,28049,67.23,2596,32239,64.26,3307,39001,69.3,14129,lifestyle,21511
synthetic_train_02573,2025-04-13T21:07:12Z,6868,75251,51.61,9090,87475,55.84,13431,118867,57.59,12088,lifestyle,68473
synthetic_train_02574,2025-04-13T22:04:48Z,2404,22781,55.94,3011,49431,54.69,2846,34134,57.34,14932,entertainment,16004
synthetic_train_02575,2025-04-13T23:02:24Z,2190,33025,38.32,2069,24490,40.03,1629,19221,43.37,11519,lifestyle,9200
synthetic_train_02576,2025-04-14T00:00:00Z,8300,103269,55.65,8218,87474,57.07,7561,76548,55.75,55198,education,75052
synthetic_train_02577,2025-04-14T00:57:36Z,11963,113878,71.52,14262,147376,80.6,23034,219949,80.22,23367,entertainment,180730
synthetic_train_02578,2025-04-14T01:55:12Z,3887,39931,60.89,6984,77249,61.77,7665,92652,66.15,11584,lifestyle,45549
synthetic_train_02579,2025-04-14T02:52:48Z,14908,152502,72.05,20698,199588,69.54,24348,270502,72.76,84349,education,268053
synthetic_train_02580,2025-04-14T03:50:24Z,10287,105232,56.07,10061,114229,57.24,8292,87847,54.48,44708,education,60706
synthetic_train_02581,2025-04-14T04:48:00Z,7282,97428,66.3,11595,105861,64.98,15952,180939,65.64,27264,education,185994
synthetic_train_02582,2025-04-14T05:45:36Z,14760,197621,52.21,11064,181348,48.86,8647,113152,51.24,12564,lifestyle,67977
synthetic_train_02583,2025-04-14T06:43:12Z,16971,209445,60.34,20625,243540,63.88,25031,283186,63.77,37314,entertainment,155440
synthetic_train_02584,2025-04-14T07:40:48Z,5174,64098,51.96,5709,85222,53.01,7212,76526,56.33,15654,entertainment,43734
synthetic_train_02585,2025-04-14T08:38:24Z,3340,62891,23.08,3589,43751,21.75,3865,59802,28.71,30792,lifestyle,20136
synthetic_train_02586,2025-04-14T09:36:00Z,9369,122757,48.99,11234,183178,44.66,12844,141790,51.14,20906,gaming,64919
synthetic_train_02587,2025-04-14T10:33:36Z,2835,42072,55.75,4715,48497,57.04,7159,103791,56.16,43255,education,56842
synthetic_train_02588,2025-04-14T11:31:12Z,4862,54042,53.99,5664,77203,57.15,6801,65008,58.77,15242,education,50410
synthetic_train_02589,2025-04-14T12:28:48Z,3901,40916,64.52,4373,47061,65.72,4724,51554,66.95,78236,entertainment,32889
synthetic_train_02590,2025-04-14T13:26:24Z,21111,319838,45.4,24390,345641,44.87,23245,299339,47.85,70889,lifestyle,158079
synthetic_train_02591,2025-04-14T14:24:00Z,2311,27031,51.25,2392,24589,53.07,2920,32136,55.44,10250,education,20028
synthetic_train_02592,2025-04-14T15:21:36Z,3470,36061,68.13,3846,32302,70.4,3511,40450,68.77,12612,entertainment,22874
synthetic_train_02593,2025-04-14T16:19:12Z,4759,53873,49.02,7013,76491,52.69,11769,120489,55.04,23194,gaming,73534
synthetic_train_02594,2025-04-14T17:16:48Z,558,8192,57.69,624,6793,62.95,578,7821,62.64,12132,entertainment,3367
synthetic_train_02595,2025-04-14T18:14:24Z,2045,25294,38.29,2182,32844,38.93,2581,41567,41.5,10726,education,17652
synthetic_train_02596,2025-04-14T19:12:00Z,8771,114629,59.62,8783,107380,62.98,9042,105463,61.07,19828,gaming,62298
synthetic_train_02597,2025-04-14T20:09:35Z,6413,75002,74.33,10258,111876,72.75,11809,129223,77.02,14301,education,94213
synthetic_train_02598,2025-04-14T21:07:12Z,12246,119326,61.21,12772,137242,63.57,14791,146020,70.55,74503,education,118546
synthetic_train_02599,2025-04-14T22:04:48Z,9868,118310,54.32,14240,166695,57.61,22426,213877,55.71,45664,education,115797
synthetic_train_02600,2025-04-14T23:02:24Z,4198,58466,60.91,5065,52962,61.68,8420,100735,65.13,14917,lifestyle,56795
synthetic_train_02601,2025-04-15T00:00:00Z,3847,39998,50.23,4075,45757,52.06,2948,32235,58.51,17301,gaming,19916
synthetic_train_02602,2025-04-15T00:57:36Z,5215,61443,58.11,5279,65831,55.05,5216,67313,53.69,51601,education,42045
synthetic_train_02603,2025-04-15T01:55:12Z,6631,84024,67.03,8412,113126,63,10859,106689,69.31,47856,lifestyle,90517
synthetic_train_02604,2025-04-15T02:52:48Z,1762,21026,62.95,2500,27610,60.63,3828,42726,60.18,23464,lifestyle,25863
synthetic_train_02605,2025-04-15T03:50:24Z,15023,167840,59.32,18028,175799,64.37,26211,300618,65.92,31566,entertainment,172732
synthetic_train_02606,2025-04-15T04:47:59Z,56792,766262,54.93,38504,482144,54.76,31144,293809,55.05,86250,lifestyle,243545
synthetic_train_02607,2025-04-15T05:45:36Z,17546,249164,40.48,21846,282583,40.53,23152,282016,45.17,75542,gaming,142209
synthetic_train_02608,2025-04-15T06:43:12Z,11190,181715,59.25,11877,159746,63.83,14957,135059,66.18,90088,education,122237
synthetic_train_02609,2025-04-15T07:40:48Z,23949,279523,46.14,24854,285173,47.54,17456,251619,51.96,83804,lifestyle,126037
synthetic_train_02610,2025-04-15T08:38:24Z,24202,332260,54.55,32857,336748,56.83,27217,300205,54.55,78046,gaming,224127
synthetic_train_02611,2025-04-15T09:36:00Z,3327,36584,40.24,3636,44783,41.56,4027,49677,42.34,17115,gaming,22188
synthetic_train_02612,2025-04-15T10:33:36Z,13443,191591,55.13,14082,136575,59.91,15868,149788,59.49,40540,lifestyle,96755
synthetic_train_02613,2025-04-15T11:31:12Z,21347,248735,44.91,21237,305505,45.06,21039,242011,46.58,60362,gaming,151628
synthetic_train_02614,2025-04-15T12:28:48Z,3700,51240,54.84,4037,50590,54.51,4037,53268,58.91,13846,education,25565
synthetic_train_02615,2025-04-15T13:26:24Z,4200,50245,51.78,4209,50309,49.54,4019,50976,57.8,12718,entertainment,22299
synthetic_train_02616,2025-04-15T14:24:00Z,11016,122638,49.97,10922,129316,46.46,15628,241273,53.03,65053,gaming,87860
synthetic_train_02617,2025-04-15T15:21:36Z,26249,326607,59.52,34038,431974,61.72,34514,360288,63.23,65447,education,243906
synthetic_train_02618,2025-04-15T16:19:12Z,3903,40961,54.67,5236,50783,55.53,6274,81700,57.09,43356,education,47988
synthetic_train_02619,2025-04-15T17:16:48Z,4105,53295,43.41,4213,48423,44.92,3093,32182,46.48,26161,lifestyle,21211
synthetic_train_02620,2025-04-15T18:14:24Z,1339,15946,52.74,1403,14497,51.11,1432,20367,54.17,11048,gaming,7944
synthetic_train_02621,2025-04-15T19:12:00Z,10403,123408,63.34,8206,86728,69.14,7433,85533,67.71,27162,education,60711
synthetic_train_02622,2025-04-15T20:09:36Z,16724,207797,40.89,17643,195412,46.51,17785,243536,46.08,82595,entertainment,131496
synthetic_train_02623,2025-04-15T21:07:12Z,14701,164575,64.72,14327,139166,69.29,15658,201964,67.51,71492,education,145308
synthetic_train_02624,2025-04-15T22:04:48Z,18364,169106,73.33,27222,252258,74.68,43537,350027,73.75,88535,education,433041
synthetic_train_02625,2025-04-15T23:02:24Z,47929,878574,38.43,48438,579177,42.24,65111,737320,39.2,77437,entertainment,350963
synthetic_train_02626,2025-04-16T00:00:00Z,3596,48731,46.96,5629,83850,49.57,7904,83108,49.98,19450,education,59143
synthetic_train_02627,2025-04-16T00:57:36Z,1678,20792,63.78,2139,20630,62.23,2499,38581,64.81,10910,entertainment,15280
synthetic_train_02628,2025-04-16T01:55:12Z,7741,78623,46.87,7267,121126,46.85,5658,97005,49.97,34536,education,43706
synthetic_train_02629,2025-04-16T02:52:48Z,11399,97337,74.96,10553,105715,76.23,13796,144610,76.18,29575,entertainment,88207
synthetic_train_02630,2025-04-16T03:50:24Z,4108,46456,51.33,3573,37469,54.74,2624,28578,55.85,10444,education,19889
synthetic_train_02631,2025-04-16T04:48:00Z,10529,144598,53.25,13181,135478,54.33,14179,231439,60.65,52702,education,117154
synthetic_train_02632,2025-04-16T05:45:36Z,10963,116351,50.68,10259,107050,54.91,9774,94673,59.13,24097,gaming,62456
synthetic_train_02633,2025-04-16T06:43:12Z,15850,166943,59.72,15674,135688,65.57,16595,205264,63.22,49386,education,193477
synthetic_train_02634,2025-04-16T07:40:48Z,2028,19379,56.42,1656,20983,56.77,984,11160,58.17,32980,gaming,9059
synthetic_train_02635,2025-04-16T08:38:24Z,26028,295171,49.51,23244,246423,56.19,30218,309428,54.48,94863,education,214717
synthetic_train_02636,2025-04-16T09:36:00Z,6636,65311,60.29,6904,81734,61.08,5678,51547,66.06,60630,gaming,46590
synthetic_train_02637,2025-04-16T10:33:36Z,13453,137415,65.39,23262,248284,67.08,28626,383386,70.97,30327,entertainment,192572
synthetic_train_02638,2025-04-16T11:31:12Z,8588,89076,70.9,8704,98811,70.56,7338,69990,74.7,33999,gaming,49197
synthetic_train_02639,2025-04-16T12:28:48Z,2580,38644,44.17,2397,26261,49.25,2342,33626,48.74,23953,gaming,14249
synthetic_train_02640,2025-04-16T13:26:24Z,5024,51526,59.78,5242,55495,63.96,5503,75936,63.87,93689,gaming,42718
synthetic_train_02641,2025-04-16T14:24:00Z,23178,408912,23.13,24187,429980,25.01,26332,463315,25.35,22862,gaming,135702
synthetic_train_02642,2025-04-16T15:21:36Z,5977,67671,53.44,6768,86065,48.55,7977,91080,54.53,21060,education,54592
synthetic_train_02643,2025-04-16T16:19:12Z,2478,27927,53.88,2338,22825,56.31,2542,31924,55.85,15731,entertainment,14182
synthetic_train_02644,2025-04-16T17:16:48Z,9622,120473,41.39,7383,103139,42.94,6866,91690,44.57,19700,entertainment,37866
synthetic_train_02645,2025-04-16T18:14:24Z,8116,122891,41.73,7271,82461,48.31,6917,78209,52.68,43156,entertainment,43182
synthetic_train_02646,2025-04-16T19:12:00Z,16862,223507,43.13,16318,223570,44.32,15916,211424,47.98,73650,entertainment,89338
synthetic_train_02647,2025-04-16T20:09:36Z,7217,111858,29.12,6019,82945,31.88,5331,107870,30.7,37777,gaming,28207
synthetic_train_02648,2025-04-16T21:07:12Z,2250,22328,53.68,2909,34414,54.95,3054,39141,57.01,25021,education,25051
synthetic_train_02649,2025-04-16T22:04:48Z,7671,69933,64.6,10777,113260,68.17,13211,148944,69.6,39163,gaming,96737
synthetic_train_02650,2025-04-16T23:02:24Z,1842,17789,71.53,2158,17882,74.51,1859,17332,74.72,10742,gaming,11595
synthetic_train_02651,2025-04-17T00:00:00Z,40452,501062,39.8,41227,526501,42,43650,761992,42.35,54476,gaming,257857
synthetic_train_02652,2025-04-17T00:57:36Z,9442,96106,53.57,8792,87101,53.02,10366,117238,56.21,26284,gaming,65958
synthetic_train_02653,2025-04-17T01:55:12Z,32273,479643,29.39,27765,437544,34.83,22335,299846,32.88,47533,gaming,132126
synthetic_train_02654,2025-04-17T02:52:48Z,15099,159609,56.14,26031,296018,62.09,34948,295326,62.12,58425,entertainment,300532
synthetic_train_02655,2025-04-17T03:50:24Z,3197,40893,27.33,3104,42303,26.05,2423,41282,27.89,13929,education,14740
synthetic_train_02656,2025-04-17T04:48:00Z,1084,11686,46.55,932,11116,47.29,793,11782,50.38,14857,entertainment,4769
synthetic_train_02657,2025-04-17T05:45:36Z,8316,107710,54.65,8507,103112,57.76,7812,86671,58.62,47910,gaming,54994
synthetic_train_02658,2025-04-17T06:43:12Z,1981,26646,37.68,2087,24713,37.33,1477,19828,40.91,19758,lifestyle,9139
synthetic_train_02659,2025-04-17T07:40:48Z,3274,45878,43.36,5248,93129,50.71,5574,76265,47.25,51646,education,39550
synthetic_train_02660,2025-04-17T08:38:24Z,5606,100262,32.46,5075,91319,36.23,4700,53357,34,21506,education,29249
synthetic_train_02661,2025-04-17T09:36:00Z,40804,354219,65.42,40606,393811,65.62,43914,428138,70.72,85565,lifestyle,362267
synthetic_train_02662,2025-04-17T10:33:36Z,6360,81968,44.38,5148,66135,44.7,7414,93724,45.05,19883,lifestyle,39136
synthetic_train_02663,2025-04-17T11:31:12Z,14619,172763,36.1,15468,255683,37.81,13866,191061,38.99,96841,gaming,87793
synthetic_train_02664,2025-04-17T12:28:48Z,11218,129895,49.78,11013,145270,53.97,12639,146886,53.67,42742,education,94563
synthetic_train_02665,2025-04-17T13:26:24Z,3220,35616,51.27,4087,39804,57.72,3815,38578,55.13,30577,entertainment,26633
synthetic_train_02666,2025-04-17T14:24:00Z,3396,37102,61.59,4151,50518,62.87,4124,41973,63.18,12598,entertainment,27735
synthetic_train_02667,2025-04-17T15:21:36Z,6067,63687,65.37,9215,152151,63.8,13799,136772,68.25,21033,gaming,97561
synthetic_train_02668,2025-04-17T16:19:12Z,1078,14827,54.19,1250,13045,56.47,1658,21977,61.39,10848,lifestyle,11312
synthetic_train_02669,2025-04-17T17:16:48Z,11347,128053,58.8,13860,182391,64.6,15368,200680,62.02,20120,education,99732
synthetic_train_02670,2025-04-17T18:14:24Z,22817,274353,54.2,16798,182708,57.43,14970,182926,62.08,72388,entertainment,103367
synthetic_train_02671,2025-04-17T19:12:00Z,3442,41120,51.09,4059,48713,56.1,5398,65490,53.59,12257,gaming,33304
synthetic_train_02672,2025-04-17T20:09:36Z,37660,396242,75.13,47998,463405,78.78,53868,505863,77.84,87382,education,534453
synthetic_train_02673,2025-04-17T21:07:12Z,6045,78527,46.15,8905,128049,49.47,12874,173037,50.24,28156,gaming,79320
synthetic_train_02674,2025-04-17T22:04:48Z,6081,69788,57.91,6861,86496,52.38,8602,98868,57.96,56965,education,65266
synthetic_train_02675,2025-04-17T23:02:24Z,21608,310885,43.25,19939,249600,46.12,20541,284857,47.9,69125,lifestyle,128222
synthetic_train_02676,2025-04-18T00:00:00Z,12633,134218,52.15,14239,165519,50.03,17797,251841,54.85,22834,gaming,101227
synthetic_train_02677,2025-04-18T00:57:36Z,2232,42227,27.52,1784,27446,29.87,1452,20845,31.67,18701,gaming,9216
synthetic_train_02678,2025-04-18T01:55:12Z,3478,35691,62.55,2297,24220,63.55,1654,18016,66.88,14967,entertainment,13144
synthetic_train_02679,2025-04-18T02:52:48Z,4708,41797,60.33,5852,51571,64.9,6665,66553,62.74,32640,entertainment,52639
synthetic_train_02680,2025-04-18T03:50:24Z,2150,26509,49.52,3190,32139,49.07,3981,58492,53.96,12536,education,24218
synthetic_train_02681,2025-04-18T04:48:00Z,4918,43898,57.65,5996,62042,59.54,9259,107895,64.35,39160,gaming,57677
synthetic_train_02682,2025-04-18T05:45:36Z,48703,463059,65.97,49355,481228,64.45,57861,544147,67.19,79568,education,426736
synthetic_train_02683,2025-04-18T06:43:12Z,10257,146505,22.39,13972,221800,22.06,12552,167512,24.84,41223,gaming,74263
synthetic_train_02684,2025-04-18T07:40:48Z,37926,399638,50.57,40930,545657,52.38,49733,571747,52.6,91359,gaming,298240
synthetic_train_02685,2025-04-18T08:38:24Z,24139,387354,40.57,25183,338700,40.04,28481,305974,45.76,78693,education,195488
synthetic_train_02686,2025-04-18T09:36:00Z,5049,53700,73.66,5408,54156,74.68,6032,48893,77.63,19859,gaming,46659
synthetic_train_02687,2025-04-18T10:33:36Z,2841,35249,41.72,2681,37101,44.2,2840,42767,46.12,25302,lifestyle,15868
synthetic_train_02688,2025-04-18T11:31:12Z,16965,193951,57.82,15953,172396,61.6,18850,211323,60.97,83886,entertainment,127475
synthetic_train_02689,2025-04-18T12:28:48Z,5667,62174,68.7,5936,71448,68.53,5853,69312,68.47,32601,education,51413
synthetic_train_02690,2025-04-18T13:26:24Z,6732,99926,38.72,7499,120271,37.98,9758,151973,44.37,31831,lifestyle,57876
synthetic_train_02691,2025-04-18T14:24:00Z,3812,65223,47.95,3611,47077,42.58,2855,49931,45.06,12008,lifestyle,17838
synthetic_train_02692,2025-04-18T15:21:36Z,8212,102324,35.22,8507,118013,37.77,10430,108645,41.85,21310,entertainment,59089
synthetic_train_02693,2025-04-18T16:19:12Z,5035,44994,62.71,7196,67106,61.35,10027,103230,62.79,65003,education,92445
synthetic_train_02694,2025-04-18T17:16:48Z,4336,86213,29.98,3969,67178,32.39,2791,42914,33.84,40683,lifestyle,21757
synthetic_train_02695,2025-04-18T18:14:24Z,19730,223244,37.12,22448,340400,39.59,22960,241902,38.32,94561,entertainment,117315
synthetic_train_02696,2025-04-18T19:12:00Z,4625,69621,39.02,4680,51435,40.48,4362,63098,39.33,11716,gaming,28514
synthetic_train_02697,2025-04-18T20:09:35Z,4976,64358,49.2,5094,78275,48.37,6174,81290,49.37,24372,entertainment,32464
synthetic_train_02698,2025-04-18T21:07:12Z,20504,243188,62.17,29467,362118,64.79,35920,322617,66.84,71980,lifestyle,245939
synthetic_train_02699,2025-04-18T22:04:48Z,25786,280609,67.42,24202,309664,69.8,21375,198002,74.97,55059,education,174315
synthetic_train_02700,2025-04-18T23:02:24Z,9784,119404,50.32,6935,67487,52.5,6550,99920,53.99,59827,entertainment,45705
synthetic_train_02701,2025-04-19T00:00:00Z,2565,36663,48.69,2857,40749,49.76,2834,40230,47.91,17301,education,21291
synthetic_train_02702,2025-04-19T00:57:36Z,6400,75417,48.19,3596,56056,48.22,3246,39855,47.66,65888,education,25615
synthetic_train_02703,2025-04-19T01:55:12Z,3251,47331,52.92,3904,45627,50.68,5307,58878,55.24,33781,lifestyle,31305
synthetic_train_02704,2025-04-19T02:52:48Z,1399,18938,52.12,1517,14389,55.46,1290,16578,57.55,10287,education,8481
synthetic_train_02705,2025-04-19T03:50:24Z,8030,78135,59.77,9616,118612,58.06,10092,128914,58.4,92914,lifestyle,72586
synthetic_train_02706,2025-04-19T04:47:59Z,11004,121178,46.39,10142,112472,50.16,7971,106233,48.11,38660,gaming,57777
synthetic_train_02707,2025-04-19T05:45:36Z,10444,102867,70.4,9997,108268,69.18,10582,112241,75.53,15328,entertainment,59051
synthetic_train_02708,2025-04-19T06:43:12Z,4767,53159,58.04,5378,54527,55.65,5449,60689,62.29,28095,education,42229
synthetic_train_02709,2025-04-19T07:40:48Z,65315,599395,62.86,69965,802341,63.95,73993,703382,67.41,92188,gaming,603681
synthetic_train_02710,2025-04-19T08:38:24Z,10507,152774,37.37,12193,160035,43.36,10148,130606,42.9,91967,lifestyle,66600
synthetic_train_02711,2025-04-19T09:36:00Z,3256,39981,33.31,3317,52672,33.49,2879,66547,33.5,27378,gaming,19990
synthetic_train_02712,2025-04-19T10:33:36Z,3570,36826,52.34,3669,50759,51.08,4542,52144,53.63,11515,gaming,23994
synthetic_train_02713,2025-04-19T11:31:12Z,21177,205704,47.06,16619,370757,48.6,14010,146594,48.11,38834,entertainment,93578
synthetic_train_02714,2025-04-19T12:28:48Z,5488,53899,55.02,8500,90374,58.35,10481,121268,54.82,44108,entertainment,69825
synthetic_train_02715,2025-04-19T13:26:23Z,2697,32317,62.64,2250,25097,64.23,1977,26292,60.62,11964,education,15820
synthetic_train_02716,2025-04-19T14:24:00Z,2301,32677,54.84,2016,25091,58.02,1409,17872,56.03,20647,gaming,9833
synthetic_train_02717,2025-04-19T15:21:36Z,2508,32549,60.34,2487,27593,60.04,2580,27958,62.7,23132,lifestyle,14501
synthetic_train_02718,2025-04-19T16:19:12Z,2894,53945,41.01,2906,39491,44.43,2851,46362,43.04,25674,education,17534
synthetic_train_02719,2025-04-19T17:16:48Z,5316,44966,59.96,6457,71288,63.55,8480,102465,59.92,14301,gaming,64040
synthetic_train_02720,2025-04-19T18:14:24Z,3494,48431,38.77,4684,47630,42.09,4776,64344,40.49,22429,lifestyle,27154
synthetic_train_02721,2025-04-19T19:12:00Z,6095,90417,40.2,5443,60580,40.75,4303,74879,43.52,14481,entertainment,30410
synthetic_train_02722,2025-04-19T20:09:36Z,5411,76368,46.36,6644,73927,54.11,7057,85489,52.7,20354,lifestyle,44693
synthetic_train_02723,2025-04-19T21:07:12Z,3487,56636,36.34,4334,49956,37.87,4666,87397,42.72,14474,gaming,23332
synthetic_train_02724,2025-04-19T22:04:47Z,6046,55408,73.39,8109,71809,72.79,11612,115542,71.67,14955,lifestyle,68621
synthetic_train_02725,2025-04-19T23:02:24Z,10678,114118,59.4,10707,134243,60.34,15501,240584,60.89,24337,lifestyle,96913
synthetic_train_02726,2025-04-20T00:00:00Z,48673,682376,38.62,46466,571392,39.17,53459,643243,41.49,70811,lifestyle,302151
synthetic_train_02727,2025-04-20T00:57:36Z,6718,86337,44.19,6803,108378,47.97,6233,79293,44.82,16376,gaming,43794
synthetic_train_02728,2025-04-20T01:55:12Z,17527,241827,58.84,20141,232600,60.39,16064,213368,65.66,69854,education,137505
synthetic_train_02729,2025-04-20T02:52:48Z,2724,26701,67.67,3931,42438,68.58,4223,39395,67.47,14843,education,29870
synthetic_train_02730,2025-04-20T03:50:24Z,3488,40349,57.95,4158,39052,59.99,4402,46846,63.09,15398,lifestyle,34480
synthetic_train_02731,2025-04-20T04:48:00Z,21554,340097,36.81,17159,243087,39.44,14336,210574,44.32,17959,entertainment,81415
synthetic_train_02732,2025-04-20T05:45:36Z,7055,73207,59.03,4163,49102,59.61,3138,40142,61.19,45259,gaming,22341
synthetic_train_02733,2025-04-20T06:43:12Z,5238,54426,62.44,4019,41036,65.01,2702,23475,63.56,36187,education,26480
synthetic_train_02734,2025-04-20T07:40:48Z,6911,68968,61.01,8009,128227,62.71,7820,93295,67.07,20292,gaming,43246
synthetic_train_02735,2025-04-20T08:38:24Z,4543,60129,51.09,6473,73187,56.06,9047,98830,54.06,16737,lifestyle,51331
synthetic_train_02736,2025-04-20T09:36:00Z,3792,38576,63.23,4055,35430,65.96,4380,43176,69.03,21517,lifestyle,30361
synthetic_train_02737,2025-04-20T10:33:36Z,7988,89068,49.99,9169,96192,53.33,8140,94288,56.46,48763,lifestyle,48823
synthetic_train_02738,2025-04-20T11:31:12Z,4746,46667,71.27,7124,67891,77.28,7795,91667,71.43,16475,entertainment,61195
synthetic_train_02739,2025-04-20T12:28:48Z,1217,19007,47.1,1267,17799,42.63,854,10098,47.11,18102,entertainment,5912
synthetic_train_02740,2025-04-20T13:26:24Z,1626,20601,50.24,1641,22394,50.62,1545,19701,53.47,16334,education,9526
synthetic_train_02741,2025-04-20T14:24:00Z,98231,1209960,52.69,169848,2220370,52.36,230305,2971288,52.53,97030,gaming,1537038
synthetic_train_02742,2025-04-20T15:21:36Z,8806,102307,38.16,12202,156675,39.93,11589,130002,40.94,13524,lifestyle,64501
synthetic_train_02743,2025-04-20T16:19:12Z,23458,286324,33.15,20172,353434,39.63,22034,285125,40.79,74408,education,147416
synthetic_train_02744,2025-04-20T17:16:48Z,3724,34629,71.35,3739,37394,72.31,3189,35543,75.33,27295,education,27845
synthetic_train_02745,2025-04-20T18:14:24Z,3199,32295,45.28,3775,54669,42.34,4694,54546,46.76,22670,education,31643
synthetic_train_02746,2025-04-20T19:12:00Z,6122,53578,69.36,5297,53126,67.98,5511,59140,73.9,45796,gaming,41975
synthetic_train_02747,2025-04-20T20:09:36Z,3901,39598,61.66,3157,29700,61.91,2545,36117,61.88,14057,lifestyle,19559
synthetic_train_02748,2025-04-20T21:07:12Z,3389,43789,50.11,3648,48046,49.89,4445,49001,47.26,13505,gaming,23041
synthetic_train_02749,2025-04-20T22:04:48Z,9174,114283,41.35,6570,71688,49.29,5061,53197,47.59,22661,gaming,36317
synthetic_train_02750,2025-04-20T23:02:24Z,11206,122465,56.48,12954,134484,56.82,21662,228672,55.45,99908,lifestyle,133481
synthetic_train_02751,2025-04-21T00:00:00Z,10261,132972,64.45,13548,132813,66.04,16882,171393,67.46,83951,entertainment,114862
synthetic_train_02752,2025-04-21T00:57:36Z,6378,59081,51.73,6440,86528,51.12,7089,78567,55.23,39971,lifestyle,41609
synthetic_train_02753,2025-04-21T01:55:12Z,3364,44045,57.84,3862,45596,65.26,5197,76875,66.71,24923,lifestyle,27916
synthetic_train_02754,2025-04-21T02:52:48Z,2264,22031,67.19,2077,21862,66.3,1421,14334,70.04,12930,education,15997
synthetic_train_02755,2025-04-21T03:50:24Z,29134,317247,77.99,39681,385940,73.13,59964,535587,75.64,95461,entertainment,420020
synthetic_train_02756,2025-04-21T04:48:00Z,8923,77912,56.78,5676,53830,59.13,5284,58303,58.93,33082,education,39127
synthetic_train_02757,2025-04-21T05:45:36Z,13694,178600,53.54,14754,177553,48.33,11564,137471,58.45,84286,entertainment,92413
synthetic_train_02758,2025-04-21T06:43:12Z,15498,215077,62.36,15030,220079,62.14,15963,171090,63.77,82984,lifestyle,152592
synthetic_train_02759,2025-04-21T07:40:48Z,5640,56159,58.83,7249,81624,58.15,8343,103335,58.48,16789,gaming,62869
synthetic_train_02760,2025-04-21T08:38:24Z,3072,48704,42.63,3079,39960,44.57,2362,23243,44.9,12750,education,17371
synthetic_train_02761,2025-04-21T09:36:00Z,4867,53044,78.29,6435,63080,78.25,8659,75998,83.13,40992,lifestyle,53310
synthetic_train_02762,2025-04-21T10:33:36Z,4822,57679,36.79,3341,39783,32.69,2306,37239,37.12,30864,gaming,17489
synthetic_train_02763,2025-04-21T11:31:12Z,27936,368032,52.77,27671,286506,55.13,26575,262312,59.62,77037,lifestyle,168214
synthetic_train_02764,2025-04-21T12:28:48Z,4630,67954,48,6647,94737,47.42,6422,98102,51.11,20905,entertainment,40885
synthetic_train_02765,2025-04-21T13:26:24Z,6251,83887,44.6,9421,128254,49.25,10834,256795,49.07,34558,entertainment,59671
synthetic_train_02766,2025-04-21T14:24:00Z,1207,17858,45.18,1456,14519,46.61,1432,16527,47.02,16736,education,9036
synthetic_train_02767,2025-04-21T15:21:36Z,7340,71034,50.34,7768,88024,55.67,6012,53118,56.56,49755,gaming,41484
synthetic_train_02768,2025-04-21T16:19:12Z,4311,58141,53.11,4113,56782,57.21,3872,47962,61.47,11253,entertainment,21221
synthetic_train_02769,2025-04-21T17:16:48Z,4749,59076,50.41,4574,57778,50.57,4249,54782,50.76,24156,lifestyle,26394
synthetic_train_02770,2025-04-21T18:14:24Z,5942,54310,71.86,5699,52014,75.62,5510,57552,81.88,11035,gaming,43406
synthetic_train_02771,2025-04-21T19:12:00Z,7622,116161,39.85,7726,89465,44.14,6934,84040,39.61,12017,gaming,45826
synthetic_train_02772,2025-04-21T20:09:36Z,3227,45053,40.53,3085,41885,43.76,2960,28169,43.01,19969,education,22608
synthetic_train_02773,2025-04-21T21:07:12Z,4715,57447,48.27,4801,48345,55.19,4531,46728,51.02,40926,gaming,31973
synthetic_train_02774,2025-04-21T22:04:48Z,2704,38750,59.17,3816,44752,60.14,4691,50335,63.08,37673,entertainment,28153
synthetic_train_02775,2025-04-21T23:02:24Z,1770,23616,49.61,2606,29081,52.55,4495,52456,54.36,21870,education,37658
synthetic_train_02776,2025-04-22T00:00:00Z,16479,204874,61.25,13578,174153,58.81,12785,145358,62.18,23498,education,78806
synthetic_train_02777,2025-04-22T00:57:36Z,3878,64878,48.77,3773,41463,49.01,5692,59622,52.35,46234,education,38327
synthetic_train_02778,2025-04-22T01:55:12Z,2705,23986,45.75,2765,38900,43.73,3164,38766,46.19,22290,entertainment,17500
synthetic_train_02779,2025-04-22T02:52:48Z,5355,65364,60.42,3246,36849,64.94,2529,31423,65.9,70566,entertainment,19067
synthetic_train_02780,2025-04-22T03:50:24Z,2577,32871,32.79,2231,27382,40.95,2651,38429,37.6,11377,education,16821
synthetic_train_02781,2025-04-22T04:48:00Z,1840,27154,54.22,2172,30754,53.64,2614,28067,54.51,13885,education,18310
synthetic_train_02782,2025-04-22T05:45:36Z,25529,263809,47.49,45657,580607,48.84,49390,480726,51.26,92628,education,412463
synthetic_train_02783,2025-04-22T06:43:12Z,11619,176118,39.46,9988,133484,44.2,10986,134104,44.72,17082,education,62059
synthetic_train_02784,2025-04-22T07:40:48Z,21012,217581,47.3,21666,281512,51,22303,303500,46.94,66822,lifestyle,135956
synthetic_train_02785,2025-04-22T08:38:24Z,3429,38423,62.99,3325,36769,64.09,3396,33162,62.91,98637,education,25160
synthetic_train_02786,2025-04-22T09:36:00Z,10089,128987,57.63,12669,151061,63.44,11098,104811,62.86,20424,education,83617
synthetic_train_02787,2025-04-22T10:33:36Z,7209,109248,55.01,7890,97892,56.53,8226,99798,58.6,36359,entertainment,43520
synthetic_train_02788,2025-04-22T11:31:12Z,6961,80964,41.85,8628,95293,47.94,12151,188694,41.09,10267,education,91721
synthetic_train_02789,2025-04-22T12:28:48Z,7299,86810,46.42,7188,105383,46.93,7053,93631,50.45,50677,education,49642
synthetic_train_02790,2025-04-22T13:26:24Z,4665,53897,47.94,4901,77176,47.65,5049,67935,48.03,51823,gaming,32721
synthetic_train_02791,2025-04-22T14:24:00Z,3329,35386,67.56,3763,32025,68.55,4175,49682,65.03,34006,lifestyle,25511
synthetic_train_02792,2025-04-22T15:21:36Z,3613,42112,40.89,3798,59106,37.44,3827,46706,37.94,10028,lifestyle,20133
synthetic_train_02793,2025-04-22T16:19:12Z,4214,47034,59.72,4133,44078,54.86,3405,42882,59.4,30472,entertainment,22457
synthetic_train_02794,2025-04-22T17:16:48Z,4328,52931,67.24,3906,34387,70.47,3895,38068,72.69,14509,entertainment,22438
synthetic_train_02795,2025-04-22T18:14:24Z,19717,212147,54.59,17377,199160,55.37,15413,187418,54.15,45870,entertainment,91095
synthetic_train_02796,2025-04-22T19:12:00Z,12892,133758,58.37,16255,177285,61.41,16123,150335,65.74,26238,education,126811
synthetic_train_02797,2025-04-22T20:09:36Z,5693,59318,67.94,7868,86476,67.23,9304,94753,68.66,28280,gaming,57003
synthetic_train_02798,2025-04-22T21:07:12Z,4955,81714,39.77,4484,80272,41.3,4129,68097,40.9,29256,entertainment,27511
synthetic_train_02799,2025-04-22T22:04:48Z,8351,85997,54.07,9147,111058,55.38,10573,128108,56.07,29620,education,109907
synthetic_train_02800,2025-04-22T23:02:24Z,1149,13324,52.78,769,8102,56.4,666,8130,52.13,20713,lifestyle,4874
synthetic_train_02801,2025-04-23T00:00:00Z,18962,224962,57.85,23407,260437,58.57,24576,272543,59.11,67039,lifestyle,187699
synthetic_train_02802,2025-04-23T00:57:36Z,10716,105896,34.77,10022,166597,38.21,11702,223877,41.11,29074,lifestyle,56793
synthetic_train_02803,2025-04-23T01:55:12Z,5570,66027,63.89,6748,58717,64.25,7092,78370,62.64,47332,gaming,50952
synthetic_train_02804,2025-04-23T02:52:48Z,6944,77991,50.59,9194,112014,48.11,14400,226935,48.4,22852,entertainment,66495
synthetic_train_02805,2025-04-23T03:50:24Z,3101,60439,32.32,4060,52424,34.19,3253,38069,36.5,12983,gaming,17294
synthetic_train_02806,2025-04-23T04:48:00Z,1970,27282,62.33,2818,25705,62.93,3068,32320,60.33,15732,entertainment,18471
synthetic_train_02807,2025-04-23T05:45:36Z,2593,27154,49.77,2711,34298,48.44,2230,35836,54.43,23203,education,16204
synthetic_train_02808,2025-04-23T06:43:12Z,2051,28200,54.82,2120,33383,53.15,2473,24034,55.88,10341,entertainment,14543
synthetic_train_02809,2025-04-23T07:40:48Z,1365,13851,76.73,2066,26115,78.97,2653,25548,81.75,19553,gaming,20963
synthetic_train_02810,2025-04-23T08:38:24Z,10156,193709,41.48,8675,129264,39.49,8558,113956,44.04,12730,education,51430
synthetic_train_02811,2025-04-23T09:36:00Z,4583,60549,45.38,4281,37960,51.25,3920,46151,54.67,15974,gaming,24147
synthetic_train_02812,2025-04-23T10:33:36Z,15932,136282,70.95,15510,167273,71.93,14817,150799,71.62,54951,gaming,130984
synthetic_train_02813,2025-04-23T11:31:12Z,15052,193062,38.32,20381,352913,39.31,26347,410682,41.15,99884,education,168850
synthetic_train_02814,2025-04-23T12:28:48Z,2608,30527,62.06,2120,19588,60.55,1826,16520,67.34,16194,gaming,11652
synthetic_train_02815,2025-04-23T13:26:23Z,7947,109353,43.87,7964,129144,39.12,8321,132249,37.09,40215,lifestyle,52029
synthetic_train_02816,2025-04-23T14:24:00Z,4678,53460,28.92,3631,59725,27.23,2392,36604,32.99,14749,lifestyle,15271
synthetic_train_02817,2025-04-23T15:21:36Z,10338,141941,54.72,10192,129037,54.65,11880,120681,59.05,53280,lifestyle,71568
synthetic_train_02818,2025-04-23T16:19:12Z,3620,37274,77.65,2901,26986,74.14,2512,24135,75.98,20077,education,23949
synthetic_train_02819,2025-04-23T17:16:48Z,46922,518534,68.94,69609,743261,69.47,105651,1304769,71.16,84407,education,978510
synthetic_train_02820,2025-04-23T18:14:24Z,3188,29383,79.4,2796,33371,75.17,3255,29439,78.41,19898,education,27022
synthetic_train_02821,2025-04-23T19:12:00Z,30036,380026,50.74,31051,359275,52.82,39705,533471,55.65,99286,lifestyle,245977
synthetic_train_02822,2025-04-23T20:09:36Z,2114,20083,81.01,3025,26335,85.15,3389,37857,83.26,13650,education,33727
synthetic_train_02823,2025-04-23T21:07:12Z,5893,74101,42,7768,112752,41.82,8810,114700,43.33,45420,education,63118
synthetic_train_02824,2025-04-23T22:04:47Z,19280,224098,66.2,32607,302761,67.16,39550,483352,68.01,47826,entertainment,286118
synthetic_train_02825,2025-04-23T23:02:24Z,10551,102143,61.4,12751,154011,58.1,17769,182886,63.85,36187,education,133313
synthetic_train_02826,2025-04-24T00:00:00Z,19971,369795,38.11,17314,216984,41.28,15596,224129,42.15,40036,entertainment,90355
synthetic_train_02827,2025-04-24T00:57:36Z,18151,247246,44.01,10708,123932,49.03,7462,94719,45.58,40014,gaming,56999
synthetic_train_02828,2025-04-24T01:55:12Z,8860,115566,54.72,10956,127655,57.12,14272,176231,52.79,39831,lifestyle,76843
synthetic_train_02829,2025-04-24T02:52:48Z,7812,135560,35.97,6339,115484,37.04,6640,81013,39.63,37221,gaming,42254
synthetic_train_02830,2025-04-24T03:50:24Z,24532,329472,35.25,20774,337048,40.33,17976,222135,38.4,85796,gaming,118405
synthetic_train_02831,2025-04-24T04:48:00Z,2101,25328,53.15,1719,17875,53.84,1418,14217,56.58,11786,education,10831
synthetic_train_02832,2025-04-24T05:45:36Z,3336,35581,58.59,4746,61131,62.69,7279,69600,69.06,18884,gaming,45629
synthetic_train_02833,2025-04-24T06:43:12Z,11608,151157,49.55,9230,131217,47.33,8606,94001,52.18,61864,gaming,66679
synthetic_train_02834,2025-04-24T07:40:48Z,18929,198126,43.86,19410,243451,43.96,20156,290540,45.76,75421,gaming,135073
synthetic_train_02835,2025-04-24T08:38:24Z,2411,25106,61.84,1986,19098,58.76,2583,30128,61.24,11674,lifestyle,14860
synthetic_train_02836,2025-04-24T09:36:00Z,7392,89508,27.82,7539,105889,28.87,8173,129063,29.51,10894,lifestyle,39449
synthetic_train_02837,2025-04-24T10:33:36Z,12658,151850,58.32,10981,122037,60.11,10919,104801,62.76,58144,gaming,87008
synthetic_train_02838,2025-04-24T11:31:12Z,14577,147813,62.86,12834,150310,65.78,13170,126016,69.11,77956,entertainment,80624
synthetic_train_02839,2025-04-24T12:28:48Z,3893,58617,20.24,3941,52613,26.05,3382,83362,24.8,29656,lifestyle,21902
synthetic_train_02840,2025-04-24T13:26:24Z,4209,52036,49.15,3910,47189,49.62,4072,54833,47.88,32740,gaming,27704
synthetic_train_02841,2025-04-24T14:24:00Z,4704,45979,72.06,5574,58528,69.73,7627,72559,77.15,10177,gaming,42259
synthetic_train_02842,2025-04-24T15:21:36Z,6810,80790,54.52,8418,104946,53.08,15157,154506,53.65,21348,lifestyle,104347
synthetic_train_02843,2025-04-24T16:19:12Z,3256,40069,47.65,3345,36010,53.84,2890,33295,55.54,17211,gaming,23140
synthetic_train_02844,2025-04-24T17:16:48Z,7191,76676,41.45,6358,84215,40.62,5280,70227,44.21,67721,lifestyle,37697
synthetic_train_02845,2025-04-24T18:14:24Z,4651,62181,47.64,4520,52120,46.86,6057,64648,51.13,15832,lifestyle,39195
synthetic_train_02846,2025-04-24T19:12:00Z,20332,162154,65.1,18567,190700,69.69,13451,139342,69.94,42254,education,106428
synthetic_train_02847,2025-04-24T20:09:36Z,11924,144897,66.33,18013,180114,62.09,25620,233145,66.36,36557,education,194420
synthetic_train_02848,2025-04-24T21:07:12Z,46933,691281,44.84,48875,633798,45.48,57247,781657,50.17,60499,education,383955
synthetic_train_02849,2025-04-24T22:04:48Z,2313,22284,65.88,2023,31940,68.07,2174,26631,71.07,23314,entertainment,12857
synthetic_train_02850,2025-04-24T23:02:24Z,13473,263846,38.69,11451,115429,40.45,10032,187555,44.94,30741,education,77314
synthetic_train_02851,2025-04-25T00:00:00Z,4856,55658,55.03,3085,36151,56.85,2383,34416,57.14,12606,education,19448
synthetic_train_02852,2025-04-25T00:57:36Z,1342,14614,60.56,1001,12402,60.12,1199,16243,60.88,10717,gaming,6614
synthetic_train_02853,2025-04-25T01:55:12Z,3500,65907,35.91,2884,54524,33.17,3010,37278,39.02,11896,education,17871
synthetic_train_02854,2025-04-25T02:52:48Z,8214,94110,38.43,11286,172128,40.04,11008,144406,43.3,12002,entertainment,52210
synthetic_train_02855,2025-04-25T03:50:24Z,2611,40581,54.06,2368,22712,56.24,2159,24648,58.29,13352,education,16785
synthetic_train_02856,2025-04-25T04:48:00Z,7864,110983,53.8,7448,97339,58.7,7642,80599,57.52,19470,lifestyle,43139
synthetic_train_02857,2025-04-25T05:45:36Z,9303,95066,55.34,10068,102183,57.22,9240,113921,59.9,40746,gaming,67871
synthetic_train_02858,2025-04-25T06:43:12Z,3106,41159,34.35,2719,37928,34.63,2049,29278,36.15,16231,education,13510
synthetic_train_02859,2025-04-25T07:40:48Z,29393,342239,50.15,38913,437666,51.17,51910,602267,51.93,53973,lifestyle,275507
synthetic_train_02860,2025-04-25T08:38:24Z,2062,24620,60.4,2367,23817,62.87,1855,20472,61.35,32549,entertainment,11453
synthetic_train_02861,2025-04-25T09:36:00Z,2920,32530,65.14,3440,39204,72.11,4809,50185,71.41,14788,gaming,32676
synthetic_train_02862,2025-04-25T10:33:36Z,6485,73974,56.76,6423,78669,55.59,5346,53551,57.81,33408,lifestyle,33578
synthetic_train_02863,2025-04-25T11:31:12Z,3020,31968,47.98,2743,31582,52.78,3030,39508,55.72,10462,gaming,18773
synthetic_train_02864,2025-04-25T12:28:48Z,1084,17635,38.79,919,8050,45.17,929,13226,46.3,12003,lifestyle,5807
synthetic_train_02865,2025-04-25T13:26:24Z,4859,55831,62.84,5539,60658,64.05,7710,79514,65.8,11266,education,62083
synthetic_train_02866,2025-04-25T14:24:00Z,18585,187575,68.14,20241,204254,70.42,22190,233584,71.53,48212,lifestyle,159341
synthetic_train_02867,2025-04-25T15:21:36Z,7765,83321,48.58,8486,97450,54.89,9772,143138,51.81,19029,gaming,53534
synthetic_train_02868,2025-04-25T16:19:12Z,43782,576408,53.31,46705,518938,53.48,52761,622743,60.79,96287,gaming,380572
synthetic_train_02869,2025-04-25T17:16:48Z,24470,213486,59.18,34322,369270,60.15,44356,430966,61.14,68993,education,348494
synthetic_train_02870,2025-04-25T18:14:24Z,5173,80714,38.83,5322,67693,44.79,5044,66098,39.86,36278,gaming,32708
synthetic_train_02871,2025-04-25T19:12:00Z,3424,45016,50.81,3857,52136,51.58,3890,52657,51.59,15241,gaming,24626
synthetic_train_02872,2025-04-25T20:09:35Z,535,6309,62.18,548,6017,63.63,444,4841,65.15,10497,gaming,3379
synthetic_train_02873,2025-04-25T21:07:12Z,10218,126018,45.48,10591,141794,45.47,13315,116379,47.45,38693,gaming,103237
synthetic_train_02874,2025-04-25T22:04:48Z,2875,34891,50.99,2961,39431,53.4,4642,50597,53.73,26315,gaming,30149
synthetic_train_02875,2025-04-25T23:02:24Z,24522,268962,59.38,20578,298175,62.64,15747,184649,60.49,93157,gaming,132390
synthetic_train_02876,2025-04-26T00:00:00Z,29753,390993,56.24,27074,292153,56.45,27500,360776,58.35,94782,gaming,205132
synthetic_train_02877,2025-04-26T00:57:36Z,1354,16974,46.82,1426,12908,53.13,1418,19766,49.67,10377,gaming,7683
synthetic_train_02878,2025-04-26T01:55:12Z,1264,13244,67.91,1480,19530,62.05,1511,19848,62.49,13023,entertainment,8673
synthetic_train_02879,2025-04-26T02:52:48Z,4049,40170,71.15,4196,42534,70.66,4417,37703,70.89,42828,gaming,30567
synthetic_train_02880,2025-04-26T03:50:24Z,10397,110561,37.93,15068,174979,37.95,16429,200067,45.82,64906,entertainment,88878
synthetic_train_02881,2025-04-26T04:47:59Z,20643,288138,37.52,21160,333540,43.33,16532,195318,44.41,49049,education,100207
synthetic_train_02882,2025-04-26T05:45:36Z,3028,34903,48.44,4333,43242,51.34,6585,73617,51.18,18350,entertainment,36464
synthetic_train_02883,2025-04-26T06:43:12Z,5410,51848,68.72,5638,57660,71.01,4503,48384,69.24,12783,entertainment,29893
synthetic_train_02884,2025-04-26T07:40:48Z,13994,137020,58.09,16330,195141,58.06,14286,154732,64.62,71401,lifestyle,91304
synthetic_train_02885,2025-04-26T08:38:24Z,6127,93586,53.28,5352,69086,53.95,5231,52857,51.16,16362,education,43574
synthetic_train_02886,2025-04-26T09:36:00Z,4876,62954,58.07,4979,71140,57.49,5666,47863,61.35,27882,gaming,46174
synthetic_train_02887,2025-04-26T10:33:36Z,3656,36568,68.2,4147,41800,73.94,4224,52641,70.11,28834,lifestyle,31258
synthetic_train_02888,2025-04-26T11:31:12Z,20404,265495,40.89,21540,334746,42.32,17807,301068,45.46,95219,education,174562
synthetic_train_02889,2025-04-26T12:28:48Z,1461,14544,51.37,1408,15691,50.68,1762,20195,54.86,25819,lifestyle,9568
synthetic_train_02890,2025-04-26T13:26:24Z,4334,74885,51.64,5683,56809,57.58,8549,105857,55.69,24195,lifestyle,49378
synthetic_train_02891,2025-04-26T14:24:00Z,2036,25693,52.43,1967,21530,54.25,2055,23788,50.32,11881,lifestyle,11321
synthetic_train_02892,2025-04-26T15:21:36Z,47507,616438,46.49,47714,518242,51.9,69563,853140,53.84,63728,gaming,393967
synthetic_train_02893,2025-04-26T16:19:12Z,22975,216463,56.97,18508,211346,54.01,22938,232299,58.5,33286,lifestyle,124091
synthetic_train_02894,2025-04-26T17:16:48Z,3206,42658,27.9,2442,46885,27.81,1771,26987,29.04,13671,gaming,9800
synthetic_train_02895,2025-04-26T18:14:24Z,9653,94615,57.9,8954,96844,54.3,7520,77775,53.43,69144,education,59843
synthetic_train_02896,2025-04-26T19:12:00Z,15227,208081,65.03,14268,178880,68.76,16414,176506,70.39,74863,entertainment,102775
synthetic_train_02897,2025-04-26T20:09:36Z,2138,29720,44.18,2336,28952,46.07,3358,42239,47.38,24034,gaming,16997
synthetic_train_02898,2025-04-26T21:07:12Z,2878,41569,34.37,2122,31629,37.82,2028,22126,39.65,19008,education,12480
synthetic_train_02899,2025-04-26T22:04:48Z,4171,50741,49.5,5307,63549,46.34,6279,72635,50.05,21637,gaming,40644
synthetic_train_02900,2025-04-26T23:02:24Z,9166,118407,58.69,9177,97134,58.96,11622,134172,62.64,70233,gaming,76777
synthetic_train_02901,2025-04-27T00:00:00Z,11433,109979,60.41,8226,89706,63.82,11756,117460,67.25,40711,entertainment,71129
synthetic_train_02902,2025-04-27T00:57:36Z,1510,17871,69.98,1262,14729,67.51,1535,15235,74.34,12549,gaming,9619
synthetic_train_02903,2025-04-27T01:55:12Z,3130,35088,69.83,2644,31461,72.43,2366,21985,73.06,10511,education,15788
synthetic_train_02904,2025-04-27T02:52:48Z,9681,131143,55.01,9827,114957,55.35,9905,114730,58.65,47964,education,74702
synthetic_train_02905,2025-04-27T03:50:24Z,10075,107103,68.18,13853,135858,71.01,17301,164599,73.15,63779,education,145560
synthetic_train_02906,2025-04-27T04:48:00Z,2475,27506,62.75,2654,25984,63.78,3476,35984,64.79,59670,education,21979
synthetic_train_02907,2025-04-27T05:45:36Z,3684,67271,33.41,3603,49406,38.94,3077,54272,39.09,26733,lifestyle,17565
synthetic_train_02908,2025-04-27T06:43:12Z,9916,113816,39.49,9179,127816,41.42,11244,139180,45.34,67052,gaming,68491
synthetic_train_02909,2025-04-27T07:40:48Z,10270,120972,53.91,8899,121015,56.3,6145,75691,61.4,52798,lifestyle,51792
synthetic_train_02910,2025-04-27T08:38:24Z,6598,150024,32.16,5003,66160,31.71,4797,82506,34.18,37528,education,27801
synthetic_train_02911,2025-04-27T09:36:00Z,3267,44184,34.08,2944,33774,33.61,2014,25123,37.27,21583,education,14883
synthetic_train_02912,2025-04-27T10:33:36Z,6610,79831,54.11,7568,86695,61.63,7974,81766,61.19,25634,education,60817
synthetic_train_02913,2025-04-27T11:31:12Z,8726,119563,54.41,6389,80902,53.09,7226,90941,58.63,29447,entertainment,45872
synthetic_train_02914,2025-04-27T12:28:48Z,1735,18604,61.87,1619,19241,63.1,1592,17396,67.02,10687,gaming,11299
synthetic_train_02915,2025-04-27T13:26:24Z,48368,637310,51.25,52402,539204,54.05,56649,654458,52.77,92896,lifestyle,337071
synthetic_train_02916,2025-04-27T14:24:00Z,4061,45683,56.71,3820,47134,59.15,4504,53529,59.59,26190,entertainment,25995
synthetic_train_02917,2025-04-27T15:21:36Z,9316,98320,74.6,12107,118570,79.97,15948,140331,78.86,48483,entertainment,120984
synthetic_train_02918,2025-04-27T16:19:12Z,4138,63248,46.15,4048,66605,45.85,5028,71962,46.35,13545,gaming,28513
synthetic_train_02919,2025-04-27T17:16:48Z,1461,18597,54.22,1041,17352,52.86,957,10999,56.78,15266,entertainment,5917
synthetic_train_02920,2025-04-27T18:14:24Z,33634,421271,46.11,47313,599836,46.96,91430,1000653,51.63,78740,gaming,529760
synthetic_train_02921,2025-04-27T19:12:00Z,7529,94799,59.57,7099,87551,61.1,7773,73018,64.41,54644,lifestyle,52120
synthetic_train_02922,2025-04-27T20:09:36Z,15896,158418,50.13,14771,179892,53.54,12528,137615,53.06,33195,entertainment,91127
synthetic_train_02923,2025-04-27T21:07:12Z,23287,247726,59.75,19854,211620,59.5,14916,136618,61.46,45052,entertainment,124346
synthetic_train_02924,2025-04-27T22:04:48Z,1475,16369,62.6,1684,14523,66.12,2149,25658,62.97,13305,lifestyle,13265
synthetic_train_02925,2025-04-27T23:02:24Z,14667,141053,67.13,14694,148637,66.01,15840,167463,66.86,79675,entertainment,121605
synthetic_train_02926,2025-04-28T00:00:00Z,2666,36423,32.21,2552,28769,34.43,2066,31308,35.04,46529,education,14017
synthetic_train_02927,2025-04-28T00:57:36Z,12204,157618,60.5,16690,210398,57.4,26575,270360,62.99,11356,lifestyle,151457
synthetic_train_02928,2025-04-28T01:55:12Z,14281,207829,43,13128,312858,41.69,13121,212860,43.58,64485,entertainment,73176
synthetic_train_02929,2025-04-28T02:52:48Z,4762,45729,67.05,4636,48185,68.32,4719,63020,66.96,35642,gaming,30218
synthetic_train_02930,2025-04-28T03:50:24Z,2133,19020,68.38,3153,32529,73.38,5139,46922,73.96,11568,lifestyle,27562
synthetic_train_02931,2025-04-28T04:48:00Z,3293,54637,30.62,3693,74870,30.82,4732,53933,32.46,18113,lifestyle,18401
synthetic_train_02932,2025-04-28T05:45:36Z,2998,43579,64.67,3103,38031,63.81,2511,26348,65.97,18817,gaming,18300
synthetic_train_02933,2025-04-28T06:43:12Z,12422,175671,61.43,11988,135714,60.44,13452,155622,62.42,22421,education,85525
synthetic_train_02934,2025-04-28T07:40:48Z,2521,27557,65.24,2895,27774,65.92,3003,32788,71.88,25537,lifestyle,22661
synthetic_train_02935,2025-04-28T08:38:24Z,8458,125767,41.94,8320,93967,45.39,8075,104521,49.63,32473,lifestyle,44845
synthetic_train_02936,2025-04-28T09:36:00Z,19783,206494,48.78,13866,159268,48.94,13504,151753,51.36,43965,lifestyle,81498
synthetic_train_02937,2025-04-28T10:33:36Z,1113,17657,56.36,1227,15958,55.63,768,9036,56.61,27052,entertainment,5996
synthetic_train_02938,2025-04-28T11:31:12Z,10434,122276,37.36,8006,99826,41,6202,83328,42.76,62299,entertainment,41080
synthetic_train_02939,2025-04-28T12:28:48Z,7954,104562,57.71,10882,129236,59.81,12537,171785,65.57,42931,gaming,88752
synthetic_train_02940,2025-04-28T13:26:24Z,5821,54040,70.14,4745,45891,69.16,4322,41612,70.91,10672,entertainment,26628
synthetic_train_02941,2025-04-28T14:24:00Z,6248,65910,53.36,7277,88110,49.64,7022,65589,54.73,39134,entertainment,38766
synthetic_train_02942,2025-04-28T15:21:35Z,12812,106197,61.8,13462,146342,63.29,13012,142040,68.09,80022,education,102428
synthetic_train_02943,2025-04-28T16:19:12Z,848,10211,45.65,995,12683,45.28,975,10661,45.54,15616,lifestyle,5390
synthetic_train_02944,2025-04-28T17:16:48Z,8165,89805,44.48,7047,126712,47.21,4840,48956,49.59,52453,lifestyle,41919
synthetic_train_02945,2025-04-28T18:14:24Z,5702,60253,64.67,7680,97001,66.58,12664,150161,72.93,29942,gaming,84779
synthetic_train_02946,2025-04-28T19:12:00Z,4348,49147,41.65,4924,49421,45.51,5585,82355,44.73,15202,gaming,34452
synthetic_train_02947,2025-04-28T20:09:36Z,7924,91034,57.78,10233,108703,64.29,11132,120445,61.13,51062,lifestyle,99437
synthetic_train_02948,2025-04-28T21:07:12Z,1660,27062,34.63,1432,15940,42.61,1395,18312,37.1,23540,entertainment,8092
synthetic_train_02949,2025-04-28T22:04:48Z,14331,169197,52.25,10278,151821,49.74,6059,92090,50.59,58090,entertainment,51615
synthetic_train_02950,2025-04-28T23:02:24Z,3578,50767,34.89,3833,52458,34.36,4712,69844,35.98,10891,entertainment,20922
synthetic_train_02951,2025-04-29T00:00:00Z,23897,355953,46.39,27049,367883,42.34,28524,379883,50.45,66141,education,195665
synthetic_train_02952,2025-04-29T00:57:36Z,3070,39780,34.69,4149,63752,33.01,5747,64723,36.02,15495,lifestyle,28446
synthetic_train_02953,2025-04-29T01:55:12Z,4151,61618,65.29,4175,50321,64.92,4182,52856,67.92,22927,gaming,32459
synthetic_train_02954,2025-04-29T02:52:48Z,2539,46565,34.21,2037,26291,37.39,2305,37400,35.65,10490,education,14663
synthetic_train_02955,2025-04-29T03:50:24Z,4843,63636,72.33,4745,43914,72.3,5422,55035,73.65,31057,education,36303
synthetic_train_02956,2025-04-29T04:48:00Z,1991,40086,27.28,1626,21382,34.53,1287,16462,36.66,13185,lifestyle,6957
synthetic_train_02957,2025-04-29T05:45:36Z,31960,451132,38.41,50837,712777,41.41,56591,969224,40.3,38063,education,353213
synthetic_train_02958,2025-04-29T06:43:12Z,10453,116329,70.87,14217,147071,74.69,22272,187997,75.76,10426,gaming,170109
synthetic_train_02959,2025-04-29T07:40:48Z,7298,90334,58.85,7227,86490,60.95,7857,74306,63.76,15470,education,55428
synthetic_train_02960,2025-04-29T08:38:24Z,3382,39408,40.88,2568,32591,38.96,2624,40473,37.96,10797,education,14776
synthetic_train_02961,2025-04-29T09:36:00Z,2423,28031,55.84,1766,19519,48.27,1428,15869,54.2,21811,education,11440
synthetic_train_02962,2025-04-29T10:33:36Z,7640,123887,30.3,7531,112379,34.44,9995,115675,35.18,27201,entertainment,48652
synthetic_train_02963,2025-04-29T11:31:12Z,3233,51197,48.43,4073,64278,46.58,4548,52822,52.61,11783,entertainment,24950
synthetic_train_02964,2025-04-29T12:28:48Z,19421,206219,52.54,10956,141273,56.3,7416,82901,58.4,82412,lifestyle,62325
synthetic_train_02965,2025-04-29T13:26:24Z,13118,221700,41.64,14320,175097,43.76,14888,188372,42.49,21632,gaming,79104
synthetic_train_02966,2025-04-29T14:24:00Z,5611,50982,63.8,6314,80679,62.72,4919,65461,69.32,24198,education,45443
synthetic_train_02967,2025-04-29T15:21:36Z,6894,75131,58.71,13351,142854,60.91,18212,201426,61.87,14997,gaming,139163
synthetic_train_02968,2025-04-29T16:19:12Z,1965,27641,54.48,2050,25314,55.69,1692,18882,56.67,11378,education,12987
synthetic_train_02969,2025-04-29T17:16:48Z,3007,44490,37.93,3166,46458,34.79,2124,23321,40.19,17525,education,15487
synthetic_train_02970,2025-04-29T18:14:24Z,13303,147233,59.25,11618,128416,64.69,9582,89050,67.57,74955,gaming,76671
synthetic_train_02971,2025-04-29T19:12:00Z,7853,115779,52.94,7465,97975,54.23,6752,69088,59.24,40720,lifestyle,43159
synthetic_train_02972,2025-04-29T20:09:35Z,12062,116570,64.75,13162,112800,68.13,14257,152974,71.15,17006,lifestyle,90612
synthetic_train_02973,2025-04-29T21:07:12Z,19864,249244,45.07,25445,294727,43.8,37737,490362,48.46,79312,lifestyle,254977
synthetic_train_02974,2025-04-29T22:04:48Z,16327,173787,57.27,18350,207495,60.28,16406,183469,63.14,99934,education,162014
synthetic_train_02975,2025-04-29T23:02:24Z,6446,55486,58.99,5912,59123,57.84,5260,77402,63.94,54138,gaming,40966
synthetic_train_02976,2025-04-30T00:00:00Z,15453,163180,71.66,16525,199371,76.58,19097,202888,71.24,78270,entertainment,133128
synthetic_train_02977,2025-04-30T00:57:36Z,6176,60044,55.77,5995,55509,58.22,5694,68507,55.28,30606,gaming,41440
synthetic_train_02978,2025-04-30T01:55:12Z,3699,42790,73.47,5243,46374,76.73,9143,67394,77.15,13217,lifestyle,70981
synthetic_train_02979,2025-04-30T02:52:48Z,4151,46078,49.83,3540,45771,51.99,2985,30740,49.88,22406,education,18125
synthetic_train_02980,2025-04-30T03:50:24Z,4074,58741,65.74,3607,32008,69.59,2878,31005,70.74,23075,entertainment,23275
synthetic_train_02981,2025-04-30T04:47:59Z,3705,37266,69.04,4424,41449,72.97,5752,60068,71.07,52822,gaming,44961
synthetic_train_02982,2025-04-30T05:45:36Z,1539,24637,24.52,1554,19089,25.76,1481,27804,26.19,11471,lifestyle,8493
synthetic_train_02983,2025-04-30T06:43:12Z,11146,131572,38.73,9337,113660,44.17,9600,126654,41.78,78266,lifestyle,59683
synthetic_train_02984,2025-04-30T07:40:48Z,3059,35958,50.59,2711,33419,51.72,2728,34605,55.48,10214,lifestyle,17808
synthetic_train_02985,2025-04-30T08:38:24Z,10107,122246,46.78,8558,83848,46.07,6891,77998,50.93,11318,entertainment,44764
synthetic_train_02986,2025-04-30T09:36:00Z,2629,45426,41.84,3379,84828,40.67,3379,40077,42.09,19113,education,24955
synthetic_train_02987,2025-04-30T10:33:36Z,9908,146007,36.55,12266,153726,37.68,13213,138820,41.76,41081,education,84267
synthetic_train_02988,2025-04-30T11:31:12Z,7914,135733,54.27,8019,97285,52.94,7414,84497,59.13,27600,gaming,48914
synthetic_train_02989,2025-04-30T12:28:48Z,12081,170585,45.47,12356,168364,39.65,11943,161098,45.8,68115,education,91093
synthetic_train_02990,2025-04-30T13:26:24Z,1548,18900,75.47,2162,19130,74.83,4105,40264,75.82,12172,education,39454
synthetic_train_02991,2025-04-30T14:24:00Z,11083,128509,55.72,11846,111254,57.06,11816,161400,58.84,58342,lifestyle,79605
synthetic_train_02992,2025-04-30T15:21:36Z,23340,264833,65.5,23414,232952,63.12,23824,255089,64.46,49456,gaming,146067
synthetic_train_02993,2025-04-30T16:19:12Z,4142,59594,54.02,4280,53547,57.33,4453,53008,59.5,32686,gaming,28933
synthetic_train_02994,2025-04-30T17:16:48Z,9090,125392,41.22,7872,91225,39.87,6426,83415,44.79,61848,education,55232
synthetic_train_02995,2025-04-30T18:14:24Z,20493,208650,74.99,22346,203559,73.59,21199,232104,76.63,62864,gaming,146424
synthetic_train_02996,2025-04-30T19:12:00Z,8385,140154,53.5,5813,49372,54,4889,63183,54.32,26262,education,38767
synthetic_train_02997,2025-04-30T20:09:36Z,10523,126389,49.04,12477,151010,45.88,13848,147032,49.1,68620,education,92408
synthetic_train_02998,2025-04-30T21:07:12Z,18399,400348,33.54,12047,143185,35.88,10404,147103,35.79,84505,education,70623
synthetic_train_02999,2025-04-30T22:04:48Z,4146,65346,51.05,4746,48027,58.5,6195,72750,58.72,34561,education,46882
synthetic_train_03000,2025-04-30T23:02:24Z,4008,58239,51.15,3329,37904,53,3051,44139,55.94,11700,lifestyle,22763
